12,197,40.0
12,198,39.0
12,199,39.0
12,200,39.0
12,201,37.0
12,202,36.0
12,203,35.0
12,204,35.0
12,205,35.0
12,206,36.0
12,207,37.0
12,208,37.0
12,209,38.0
12,210,38.0
12,211,39.0
12,212,39.0
12,213,40.0
12,284,5.0
12,285,4.0
12,286,4.0
12,287,4.0
12,288,4.0
12,289,3.0
12,290,3.0
12,291,3.0
12,292,2.0
12,293,2.0
12,294,2.0
12,295,2.0
13,196,40.0
13,197,40.0
13,198,39.0
13,199,39.0
13,200,38.0
13,201,38.0
13,202,37.0
13,203,35.0
13,204,35.0
13,205,35.0
13,206,36.0
13,207,36.0
13,208,37.0
13,209,38.0
13,210,38.0
13,211,39.0
13,212,39.0
13,213,40.0
13,214,40.0
13,284,4.0
13,285,4.0
13,286,4.0
13,287,4.0
13,288,3.0
13,289,3.0
13,290,3.0
13,291,3.0
13,292,2.0
13,293,2.0
13,294,2.0
13,295,1.0
13,296,2.0
13,297,2.0
14,196,40.0
14,197,40.0
14,198,40.0
14,199,39.0
14,200,38.0
14,201,38.0
14,202,36.0
14,203,35.0
14,204,35.0
14,205,36.0
14,206,36.0
14,207,36.0
14,208,37.0
14,209,38.0
14,210,38.0
14,211,39.0
14,212,39.0
14,213,40.0
14,214,40.0
14,260,4.0
14,261,4.0
14,262,4.0
14,263,4.0
14,264,4.0
14,265,4.0
14,266,4.0
14,267,4.0
14,268,4.0
14,269,4.0
14,270,4.0
14,271,4.0
14,272,4.0
14,273,4.0
14,274,4.0
14,275,4.0
14,276,4.0
14,277,4.0
14,284,4.0
14,285,4.0
14,286,3.0
14,287,3.0
14,288,3.0
14,289,3.0
14,290,3.0
14,291,2.0
14,292,2.0
14,293,2.0
14,294,2.0
14,297,2.0
14,298,2.0
15,196,40.0
15,197,40.0
15,198,39.0
15,199,39.0
15,200,39.0
15,201,37.0
15,202,37.0
15,203,36.0
15,204,36.0
15,205,36.0
15,206,36.0
15,207,36.0
15,208,37.0
15,209,37.0
15,210,38.0
15,211,39.0
15,212,39.0
15,213,40.0
15,214,40.0
15,260,4.0
15,261,4.0
15,262,4.0
15,263,4.0
15,264,4.0
15,265,4.0
15,266,4.0
15,267,4.0
15,268,4.0
15,269,4.0
15,270,4.0
15,271,4.0
15,272,4.0
15,273,4.0
15,274,4.0
15,275,4.0
15,276,4.0
15,277,4.0
15,278,4.0
15,284,4.0
15,285,3.0
15,286,3.0
15,287,3.0
15,288,3.0
15,289,2.0
15,290,2.0
15,291,2.0
15,292,2.0
15,293,2.0
15,294,1.0
15,295,1.0
15,296,1.0
15,299,3.0
16,196,40.0
16,197,39.0
16,198,39.0
16,199,39.0
16,200,38.0
16,201,37.0
16,202,37.0
16,203,37.0
16,204,36.0
16,205,36.0
16,206,36.0
16,207,36.0
16,208,51.0
16,209,37.0
16,210,38.0
16,211,38.0
16,212,39.0
16,213,39.0
16,214,39.0
16,260,3.0
16,261,3.0
16,262,3.0
16,263,4.0
16,264,4.0
16,265,4.0
16,266,4.0
16,267,4.0
16,268,4.0
16,269,4.0
16,270,4.0
16,271,4.0
16,272,4.0
16,273,4.0
16,274,4.0
16,275,4.0
16,276,4.0
16,277,4.0
16,278,4.0
16,284,3.0
16,285,3.0
16,286,3.0
16,287,2.0
16,288,2.0
16,289,2.0
16,290,2.0
16,291,2.0
16,292,1.0
16,293,1.0
16,294,1.0
16,295,1.0
16,296,1.0
16,297,2.0
16,299,4.0
17,196,40.0
17,197,39.0
17,198,39.0
17,199,39.0
17,200,38.0
17,201,38.0
17,202,37.0
17,203,37.0
17,204,36.0
17,205,36.0
17,206,36.0
17,207,36.0
17,208,37.0
17,209,37.0
17,210,38.0
17,211,38.0
17,212,38.0
17,213,39.0
17,214,39.0
17,260,3.0
17,261,3.0
17,262,3.0
17,263,3.0
17,264,3.0
17,265,3.0
17,266,3.0
17,267,3.0
17,268,3.0
17,269,3.0
17,270,3.0
17,271,3.0
17,272,3.0
17,273,3.0
17,274,3.0
17,275,3.0
17,276,3.0
17,277,3.0
17,278,3.0
17,279,3.0
17,280,3.0
17,281,3.0
17,282,3.0
17,283,3.0
17,284,3.0
17,285,2.0
17,286,2.0
17,287,2.0
17,288,2.0
17,289,2.0
17,290,1.0
17,291,1.0
17,292,1.0
17,293,1.0
17,294,1.0
17,295,1.0
17,296,1.0
17,297,2.0
17,298,2.0
17,299,4.0
17,300,4.0
18,196,40.0
18,197,39.0
18,198,39.0
18,199,39.0
18,200,38.0
18,201,38.0
18,202,37.0
18,203,37.0
18,204,37.0
18,205,36.0
18,206,36.0
18,207,36.0
18,208,37.0
18,209,37.0
18,210,37.0
18,211,37.0
18,212,38.0
18,213,38.0
18,214,38.0
18,260,2.0
18,261,2.0
18,262,2.0
18,263,2.0
18,264,2.0
18,265,3.0
18,266,3.0
18,267,3.0
18,268,3.0
18,269,3.0
18,270,3.0
18,271,3.0
18,272,3.0
18,273,3.0
18,274,3.0
18,275,3.0
18,276,3.0
18,277,3.0
18,278,3.0
18,279,3.0
18,280,3.0
18,281,3.0
18,282,3.0
18,283,3.0
18,284,2.0
18,285,2.0
18,286,2.0
18,287,2.0
18,288,1.0
18,289,1.0
18,290,1.0
18,291,1.0
18,292,1.0
18,293,1.0
18,294,1.0
18,295,1.0
18,296,1.0
18,297,1.0
18,298,2.0
18,299,3.0
18,300,3.0
19,38,118.0
19,39,118.0
19,40,117.0
19,41,117.0
19,42,117.0
19,43,117.0
19,44,117.0
19,45,119.0
19,196,40.0
19,197,39.0
19,198,39.0
19,199,39.0
19,200,38.0
19,201,38.0
19,202,38.0
19,203,37.0
19,204,37.0
19,205,36.0
19,206,36.0
19,207,36.0
19,208,36.0
19,209,37.0
19,210,37.0
19,211,37.0
19,212,37.0
19,213,38.0
19,214,38.0
19,260,3.0
19,261,7.0
19,262,5.0
19,263,7.0
19,264,2.0
19,265,2.0
19,266,2.0
19,267,2.0
19,268,2.0
19,269,2.0
19,270,3.0
19,271,2.0
19,272,3.0
19,273,2.0
19,274,2.0
19,275,3.0
19,276,2.0
19,277,3.0
19,278,3.0
19,279,3.0
19,280,3.0
19,281,3.0
19,282,2.0
19,283,2.0
19,284,2.0
19,285,2.0
19,286,1.0
19,287,1.0
19,288,1.0
19,289,1.0
19,290,1.0
19,291,1.0
19,292,1.0
19,293,1.0
19,294,1.0
19,295,0.0
19,296,1.0
19,297,1.0
19,298,1.0
19,299,2.0
19,300,2.0
19,301,3.0
19,302,3.0
19,326,39.0
20,36,118.0
20,37,118.0
20,46,120.0
20,47,120.0
20,48,124.0
20,196,40.0
20,197,39.0
20,198,39.0
20,199,39.0
20,200,39.0
20,201,38.0
20,202,38.0
20,203,37.0
20,204,37.0
20,205,36.0
20,206,36.0
20,207,36.0
20,208,36.0
20,209,36.0
20,210,36.0
20,211,36.0
20,212,36.0
20,213,36.0
20,214,37.0
20,260,14.0
20,261,14.0
20,262,15.0
20,263,12.0
20,264,1.0
20,265,1.0
20,266,1.0
20,267,2.0
20,268,2.0
20,269,2.0
20,270,2.0
20,271,2.0
20,272,2.0
20,273,2.0
20,274,2.0
20,275,2.0
20,276,2.0
20,277,2.0
20,278,2.0
20,279,2.0
20,280,3.0
20,281,2.0
20,282,2.0
20,283,2.0
20,284,2.0
20,285,2.0
20,286,1.0
20,287,1.0
20,288,1.0
20,289,1.0
20,290,1.0
20,291,1.0
20,292,1.0
20,293,1.0
20,294,0.0
20,295,0.0
20,296,1.0
20,297,1.0
20,298,1.0
20,299,2.0
20,300,2.0
20,301,56.0
20,302,3.0
20,303,4.0
20,307,11.0
20,308,13.0
20,309,14.0
20,317,69.0
20,318,76.0
20,326,37.0
20,351,34.0
20,352,34.0
20,353,34.0
20,354,34.0
20,355,34.0
20,356,34.0
20,357,34.0
20,360,35.0
20,367,35.0
20,368,35.0
20,369,36.0
21,34,119.0
21,35,118.0
21,49,128.0
21,50,129.0
21,196,40.0
21,197,39.0
21,198,39.0
21,199,39.0
21,200,39.0
21,201,38.0
21,202,38.0
21,203,37.0
21,204,37.0
21,205,36.0
21,206,36.0
21,207,36.0
21,208,36.0
21,209,36.0
21,210,36.0
21,211,36.0
21,212,35.0
21,213,36.0
21,214,36.0
21,260,23.0
21,261,21.0
21,262,19.0
21,263,11.0
21,264,3.0
21,265,1.0
21,266,1.0
21,267,1.0
21,268,1.0
21,269,1.0
21,270,1.0
21,271,1.0
21,272,1.0
21,273,1.0
21,274,2.0
21,275,2.0
21,276,2.0
21,277,2.0
21,278,2.0
21,279,2.0
21,280,2.0
21,281,2.0
21,282,2.0
21,283,2.0
21,284,2.0
21,285,1.0
21,286,1.0
21,287,1.0
21,288,1.0
21,289,1.0
21,290,1.0
21,291,1.0
21,292,0.0
21,293,0.0
21,294,0.0
21,295,0.0
21,296,0.0
21,297,0.0
21,298,0.0
21,299,1.0
21,300,1.0
21,301,2.0
21,303,4.0
21,304,5.0
21,305,6.0
21,306,8.0
21,307,9.0
21,308,12.0
21,309,15.0
21,315,69.0
21,316,69.0
21,317,69.0
21,318,85.0
21,320,34.0
21,326,35.0
21,341,34.0
21,351,34.0
21,352,34.0
21,353,34.0
21,354,34.0
21,355,34.0
21,356,34.0
21,357,34.0
21,358,34.0
21,359,34.0
21,360,34.0
21,361,35.0
21,362,35.0
21,363,35.0
21,364,35.0
21,365,35.0
21,366,35.0
21,367,35.0
21,368,35.0
21,369,35.0
22,34,119.0
22,50,129.0
22,51,129.0
22,63,118.0
22,64,116.0
22,65,112.0
22,196,40.0
22,197,39.0
22,198,39.0
22,199,39.0
22,200,39.0
22,201,38.0
22,202,38.0
22,203,37.0
22,204,36.0
22,205,36.0
22,206,36.0
22,207,36.0
22,208,35.0
22,209,35.0
22,210,35.0
22,211,35.0
22,212,35.0
22,213,35.0
22,214,35.0
22,260,29.0
22,261,29.0
22,262,21.0
22,263,14.0
22,264,5.0
22,265,1.0
22,266,1.0
22,267,1.0
22,268,1.0
22,269,1.0
22,270,1.0
22,271,1.0
22,272,1.0
22,273,1.0
22,274,1.0
22,275,1.0
22,276,1.0
22,277,1.0
22,278,2.0
22,279,1.0
22,280,1.0
22,281,1.0
22,282,1.0
22,283,1.0
22,284,1.0
22,285,1.0
22,286,1.0
22,287,1.0
22,288,1.0
22,289,1.0
22,290,1.0
22,291,0.0
22,292,0.0
22,293,0.0
22,294,-0.0
22,295,-0.0
22,296,0.0
22,297,0.0
22,298,0.0
22,299,0.0
22,300,1.0
22,301,1.0
22,302,2.0
22,303,3.0
22,304,4.0
22,305,6.0
22,306,12.0
22,307,9.0
22,308,11.0
22,309,14.0
22,310,15.0
22,316,69.0
22,317,78.0
22,318,69.0
22,319,88.0
22,320,82.0
22,321,34.0
22,322,34.0
22,325,34.0
22,326,34.0
22,340,34.0
22,341,34.0
22,351,34.0
22,352,34.0
22,353,34.0
22,354,34.0
22,355,34.0
22,356,34.0
22,357,34.0
22,358,34.0
22,359,34.0
22,360,34.0
22,361,34.0
22,362,34.0
22,363,35.0
22,364,35.0
22,366,35.0
22,367,35.0
22,369,35.0
23,30,129.0
23,31,125.0
23,32,121.0
23,33,119.0
23,34,119.0
23,35,118.0
23,36,117.0
23,37,117.0
23,38,117.0
23,39,116.0
23,40,116.0
23,41,116.0
23,52,129.0
23,63,117.0
23,64,116.0
23,65,112.0
23,66,110.0
23,67,107.0
23,68,104.0
23,69,101.0
23,70,98.0
23,71,95.0
23,72,92.0
23,73,88.0
23,74,85.0
23,75,82.0
23,76,79.0
23,77,76.0
23,78,73.0
23,79,70.0
23,80,68.0
23,81,64.0
23,82,62.0
23,84,55.0
23,85,53.0
23,86,50.0
23,87,46.0
23,88,43.0
23,89,41.0
23,90,37.0
23,91,34.0
23,92,31.0
23,93,29.0
23,197,39.0
23,198,39.0
23,199,39.0
23,200,39.0
23,201,38.0
23,202,37.0
23,203,37.0
23,204,36.0
23,205,36.0
23,206,36.0
23,207,35.0
23,208,35.0
23,209,35.0
23,210,35.0
23,211,35.0
23,212,34.0
23,213,34.0
23,214,34.0
23,260,33.0
23,261,30.0
23,262,22.0
23,263,13.0
23,264,4.0
23,265,0.0
23,266,0.0
23,267,0.0
23,268,0.0
23,269,0.0
23,270,0.0
23,271,1.0
23,272,1.0
23,273,1.0
23,274,1.0
23,275,1.0
23,276,1.0
23,277,1.0
23,278,1.0
23,279,1.0
23,280,1.0
23,281,1.0
23,282,1.0
23,283,1.0
23,284,1.0
23,285,1.0
23,286,1.0
23,287,0.0
23,288,0.0
23,289,0.0
23,290,0.0
23,291,0.0
23,292,-0.0
23,293,-0.0
23,294,-0.0
23,295,-0.0
23,296,-0.0
23,297,0.0
23,298,0.0
23,299,0.0
23,300,1.0
23,301,1.0
23,302,2.0
23,303,3.0
23,306,7.0
23,307,9.0
23,309,13.0
23,310,14.0
23,314,69.0
23,315,69.0
23,316,69.0
23,318,78.0
23,319,79.0
23,320,68.0
23,321,74.0
23,322,57.0
23,324,71.0
23,325,34.0
23,326,34.0
23,340,32.0
23,341,32.0
23,351,34.0
23,352,34.0
23,353,34.0
23,354,34.0
23,355,33.0
23,356,33.0
23,357,34.0
23,358,34.0
23,359,34.0
23,360,34.0
23,361,34.0
23,362,34.0
23,363,34.0
23,364,34.0
23,365,34.0
23,366,34.0
23,367,34.0
23,369,35.0
24,42,116.0
24,43,116.0
24,44,117.0
24,53,128.0
24,68,104.0
24,69,101.0
24,70,97.0
24,71,94.0
24,72,91.0
24,73,88.0
24,74,86.0
24,75,81.0
24,76,79.0
24,77,76.0
24,78,74.0
24,79,70.0
24,80,67.0
24,81,65.0
24,82,61.0
24,83,58.0
24,84,55.0
24,85,52.0
24,86,49.0
24,87,46.0
24,88,44.0
24,90,37.0
24,91,34.0
24,94,25.0
24,95,22.0
24,123,10.0
24,124,10.0
24,125,10.0
24,126,10.0
24,127,10.0
24,128,10.0
24,129,10.0
24,130,9.0
24,131,10.0
24,132,10.0
24,137,8.0
24,138,8.0
24,144,25.0
24,197,39.0
24,198,39.0
24,199,39.0
24,200,39.0
24,201,38.0
24,202,37.0
24,203,36.0
24,204,36.0
24,205,36.0
24,206,35.0
24,207,35.0
24,208,35.0
24,209,35.0
24,210,34.0
24,211,34.0
24,212,34.0
24,213,34.0
24,214,34.0
24,260,33.0
24,261,30.0
24,262,23.0
24,263,12.0
24,264,7.0
24,265,0.0
24,266,0.0
24,267,0.0
24,268,0.0
24,269,0.0
24,270,0.0
24,271,0.0
24,272,0.0
24,273,0.0
24,274,0.0
24,275,0.0
24,276,0.0
24,277,0.0
24,278,1.0
24,279,1.0
24,280,0.0
24,281,1.0
24,282,1.0
24,283,1.0
24,284,1.0
24,285,0.0
24,286,0.0
24,287,0.0
24,288,0.0
24,289,-0.0
24,290,-0.0
24,291,-0.0
24,292,-0.0
24,293,-0.0
24,294,-0.0
24,295,-0.0
24,296,-0.0
24,297,0.0
24,298,-0.0
24,299,0.0
24,300,0.0
24,301,1.0
24,302,3.0
24,303,4.0
24,304,4.0
24,306,8.0
24,307,9.0
24,309,13.0
24,310,14.0
24,315,69.0
24,316,69.0
24,317,69.0
24,318,69.0
24,319,75.0
24,320,64.0
24,321,52.0
24,322,33.0
24,323,33.0
24,325,59.0
24,326,33.0
24,327,33.0
24,340,32.0
24,341,32.0
24,351,33.0
24,352,33.0
24,353,33.0
24,354,33.0
24,355,33.0
24,356,33.0
24,357,33.0
24,358,33.0
24,359,34.0
24,360,34.0
24,361,34.0
24,362,34.0
24,363,34.0
24,364,34.0
24,367,34.0
24,369,34.0
25,45,118.0
25,47,120.0
25,48,124.0
25,54,128.0
25,69,100.0
25,70,98.0
25,71,95.0
25,76,78.0
25,77,77.0
25,78,74.0
25,84,55.0
25,85,52.0
25,86,49.0
25,87,46.0
25,88,43.0
25,89,41.0
25,90,38.0
25,91,34.0
25,92,31.0
25,93,29.0
25,94,26.0
25,95,23.0
25,96,19.0
25,97,17.0
25,99,11.0
25,100,9.0
25,101,9.0
25,102,10.0
25,103,10.0
25,104,10.0
25,105,10.0
25,123,9.0
25,124,23.0
25,125,9.0
25,126,9.0
25,127,9.0
25,128,9.0
25,129,9.0
25,130,9.0
25,131,9.0
25,132,9.0
25,133,8.0
25,134,8.0
25,135,8.0
25,136,8.0
25,137,8.0
25,138,8.0
25,139,8.0
25,140,7.0
25,141,7.0
25,142,8.0
25,143,8.0
25,196,39.0
25,197,39.0
25,198,39.0
25,199,39.0
25,200,38.0
25,201,38.0
25,202,37.0
25,203,36.0
25,204,36.0
25,205,35.0
25,206,35.0
25,207,34.0
25,208,34.0
25,209,34.0
25,210,34.0
25,211,33.0
25,212,33.0
25,213,33.0
25,214,33.0
25,215,33.0
25,216,33.0
25,217,33.0
25,218,33.0
25,219,33.0
25,220,33.0
25,221,33.0
25,222,33.0
25,223,33.0
25,224,33.0
25,225,33.0
25,226,33.0
25,227,34.0
25,228,34.0
25,229,34.0
25,230,34.0
25,231,34.0
25,232,34.0
25,233,34.0
25,234,34.0
25,235,34.0
25,236,34.0
25,237,34.0
25,238,34.0
25,239,33.0
25,240,33.0
25,241,33.0
25,242,33.0
25,243,32.0
25,244,33.0
25,245,33.0
25,246,33.0
25,247,33.0
25,248,33.0
25,249,33.0
25,250,33.0
25,251,33.0
25,252,33.0
25,253,33.0
25,254,33.0
25,255,33.0
25,256,32.0
25,257,33.0
25,258,33.0
25,259,33.0
25,260,33.0
25,261,30.0
25,262,23.0
25,263,12.0
25,264,6.0
25,265,1.0
25,266,0.0
25,267,0.0
25,268,0.0
25,269,0.0
25,270,-0.0
25,271,-0.0
25,272,-0.0
25,273,0.0
25,274,0.0
25,275,0.0
25,276,-0.0
25,277,-0.0
25,278,0.0
25,279,0.0
25,280,0.0
25,281,0.0
25,282,0.0
25,283,0.0
25,284,0.0
25,285,0.0
25,286,0.0
25,287,-0.0
25,288,-0.0
25,289,-0.0
25,290,-0.0
25,291,-1.0
25,292,-1.0
25,293,-0.0
25,294,-0.0
25,295,-0.0
25,296,-0.0
25,297,-0.0
25,298,-0.0
25,299,-0.0
25,300,1.0
25,301,2.0
25,302,3.0
25,303,4.0
25,304,5.0
25,305,56.0
25,306,54.0
25,307,10.0
25,309,13.0
25,310,14.0
25,316,69.0
25,319,69.0
25,320,58.0
25,321,57.0
25,322,33.0
25,323,33.0
25,324,33.0
25,325,38.0
25,326,33.0
25,327,33.0
25,328,32.0
25,329,32.0
25,330,32.0
25,331,32.0
25,332,31.0
25,340,32.0
25,341,32.0
25,343,32.0
25,351,33.0
25,352,33.0
25,353,33.0
25,354,33.0
25,355,33.0
25,356,33.0
25,357,33.0
25,358,33.0
25,359,33.0
25,360,33.0
25,361,34.0
25,362,34.0
25,363,34.0
25,364,34.0
25,365,34.0
25,367,34.0
25,368,34.0
25,369,34.0
26,49,128.0
26,55,128.0
26,62,121.0
26,63,119.0
26,64,116.0
26,65,112.0
26,66,108.0
26,67,106.0
26,68,104.0
26,69,101.0
26,70,97.0
26,71,94.0
26,72,90.0
26,73,88.0
26,74,86.0
26,75,83.0
26,76,78.0
26,77,75.0
26,78,73.0
26,79,71.0
26,80,66.0
26,81,64.0
26,82,61.0
26,83,58.0
26,84,55.0
26,85,52.0
26,86,50.0
26,87,46.0
26,88,43.0
26,89,41.0
26,90,37.0
26,91,35.0
26,95,22.0
26,96,19.0
26,97,16.0
26,98,13.0
26,99,10.0
26,100,9.0
26,101,9.0
26,102,10.0
26,103,10.0
26,104,10.0
26,105,10.0
26,106,10.0
26,107,10.0
26,108,9.0
26,109,9.0
26,110,9.0
26,111,8.0
26,112,8.0
26,113,8.0
26,114,8.0
26,115,8.0
26,116,8.0
26,117,8.0
26,118,8.0
26,119,8.0
26,120,8.0
26,121,8.0
26,122,8.0
26,123,8.0
26,124,8.0
26,125,8.0
26,126,8.0
26,129,8.0
26,130,8.0
26,132,8.0
26,133,8.0
26,134,8.0
26,135,8.0
26,136,8.0
26,137,8.0
26,138,8.0
26,139,8.0
26,140,8.0
26,141,7.0
26,142,8.0
26,143,8.0
26,144,8.0
26,150,64.0
26,196,38.0
26,197,38.0
26,198,38.0
26,199,38.0
26,200,37.0
26,201,37.0
26,202,36.0
26,203,35.0
26,204,35.0
26,205,35.0
26,206,34.0
26,207,34.0
26,208,34.0
26,209,34.0
26,210,33.0
26,211,33.0
26,212,33.0
26,213,32.0
26,214,32.0
26,215,32.0
26,216,32.0
26,217,32.0
26,218,32.0
26,219,32.0
26,220,32.0
26,221,32.0
26,222,32.0
26,223,32.0
26,224,33.0
26,225,32.0
26,226,32.0
26,227,33.0
26,228,33.0
26,229,33.0
26,230,33.0
26,231,33.0
26,232,33.0
26,233,33.0
26,234,33.0
26,235,33.0
26,236,33.0
26,237,33.0
26,238,33.0
26,239,33.0
26,240,33.0
26,241,33.0
26,242,32.0
26,243,32.0
26,244,32.0
26,245,32.0
26,246,32.0
26,247,32.0
26,248,33.0
26,249,33.0
26,250,33.0
26,251,33.0
26,252,33.0
26,253,32.0
26,254,32.0
26,255,32.0
26,256,32.0
26,257,33.0
26,258,33.0
26,259,33.0
26,260,33.0
26,261,31.0
26,262,22.0
26,263,13.0
26,264,5.0
26,265,1.0
26,266,1.0
26,267,1.0
26,268,1.0
26,269,1.0
26,270,0.0
26,271,-0.0
26,272,-0.0
26,273,-0.0
26,274,-1.0
26,275,-0.0
26,276,-0.0
26,277,-0.0
26,278,-0.0
26,279,-0.0
26,280,-0.0
26,281,-0.0
26,282,-0.0
26,283,-0.0
26,284,-0.0
26,285,-0.0
26,286,-0.0
26,287,-1.0
26,288,-1.0
26,289,-1.0
26,290,-1.0
26,291,-1.0
26,292,-1.0
26,293,-1.0
26,294,-0.0
26,295,-0.0
26,296,-0.0
26,297,-0.0
26,298,-0.0
26,299,0.0
26,300,1.0
26,301,2.0
26,302,3.0
26,303,4.0
26,304,5.0
26,305,6.0
26,307,10.0
26,308,13.0
26,309,14.0
26,310,14.0
26,312,66.0
26,316,69.0
26,320,67.0
26,321,63.0
26,322,32.0
26,323,32.0
26,324,32.0
26,325,32.0
26,326,32.0
26,327,32.0
26,328,32.0
26,330,31.0
26,331,31.0
26,332,31.0
26,333,31.0
26,334,31.0
26,336,31.0
26,337,31.0
26,338,31.0
26,339,31.0
26,340,31.0
26,341,32.0
26,342,32.0
26,343,32.0
26,348,32.0
26,349,32.0
26,350,33.0
26,351,33.0
26,352,33.0
26,353,33.0
26,354,33.0
26,355,32.0
26,356,33.0
26,357,32.0
26,364,87.0
26,365,34.0
26,366,34.0
26,368,34.0
26,369,34.0
27,50,127.0
27,51,127.0
27,55,128.0
27,59,128.0
27,60,127.0
27,61,124.0
27,62,122.0
27,64,115.0
27,65,112.0
27,66,109.0
27,73,88.0
27,74,86.0
27,75,82.0
27,76,79.0
27,77,76.0
27,78,74.0
27,79,69.0
27,80,67.0
27,81,65.0
27,82,61.0
27,83,59.0
27,84,57.0
27,96,18.0
27,97,17.0
27,98,14.0
27,100,9.0
27,101,9.0
27,102,9.0
27,106,10.0
27,107,9.0
27,108,9.0
27,109,9.0
27,110,9.0
27,111,9.0
27,112,9.0
27,113,9.0
27,114,9.0
27,115,9.0
27,116,9.0
27,117,8.0
27,118,9.0
27,119,9.0
27,121,9.0
27,122,9.0
27,123,8.0
27,124,62.0
27,125,8.0
27,126,8.0
27,131,8.0
27,132,8.0
27,133,8.0
27,134,8.0
27,135,8.0
27,136,8.0
27,137,8.0
27,138,8.0
27,139,8.0
27,140,8.0
27,141,8.0
27,142,8.0
27,143,8.0
27,144,8.0
27,145,8.0
27,150,60.0
27,196,37.0
27,197,37.0
27,198,37.0
27,199,37.0
27,200,37.0
27,201,36.0
27,202,35.0
27,203,35.0
27,204,35.0
27,205,34.0
27,206,34.0
27,207,33.0
27,208,33.0
27,209,33.0
27,210,33.0
27,211,32.0
27,212,32.0
27,213,32.0
27,214,32.0
27,215,31.0
27,216,31.0
27,217,31.0
27,218,31.0
27,219,30.0
27,220,31.0
27,221,31.0
27,222,31.0
27,223,30.0
27,224,30.0
27,225,31.0
27,226,31.0
27,227,31.0
27,228,31.0
27,229,31.0
27,230,32.0
27,231,32.0
27,232,32.0
27,233,32.0
27,234,32.0
27,235,32.0
27,236,33.0
27,237,32.0
27,238,32.0
27,239,32.0
27,240,32.0
27,241,32.0
27,242,32.0
27,243,32.0
27,244,32.0
27,245,32.0
27,246,32.0
27,247,32.0
27,248,32.0
27,249,32.0
27,250,32.0
27,251,32.0
27,252,32.0
27,253,32.0
27,254,32.0
27,255,32.0
27,256,32.0
27,257,33.0
27,258,33.0
27,259,33.0
27,260,33.0
27,261,33.0
27,262,21.0
27,263,15.0
27,264,4.0
27,265,1.0
27,266,1.0
27,267,1.0
27,268,1.0
27,269,1.0
27,270,1.0
27,271,1.0
27,272,0.0
27,273,-1.0
27,274,-1.0
27,275,-1.0
27,276,-1.0
27,277,-1.0
27,278,-1.0
27,279,-1.0
27,280,-1.0
27,281,-1.0
27,282,-1.0
27,283,-1.0
27,284,-1.0
27,285,-1.0
27,286,-1.0
27,287,-1.0
27,288,-1.0
27,289,-1.0
27,290,-1.0
27,291,-1.0
27,292,-1.0
27,293,-1.0
27,294,-0.0
27,295,-0.0
27,296,-0.0
27,297,-0.0
27,298,-0.0
27,299,0.0
27,300,1.0
27,301,2.0
27,302,3.0
27,303,4.0
27,304,5.0
27,305,7.0
27,306,8.0
27,307,10.0
27,308,13.0
27,309,14.0
27,311,66.0
27,312,66.0
27,317,69.0
27,320,31.0
27,322,55.0
27,323,31.0
27,324,31.0
27,325,31.0
27,326,31.0
27,327,39.0
27,328,30.0
27,331,31.0
27,332,31.0
27,333,31.0
27,334,31.0
27,335,31.0
27,336,31.0
27,337,31.0
27,338,31.0
27,339,31.0
27,341,31.0
27,342,32.0
27,343,32.0
27,344,32.0
27,345,32.0
27,346,32.0
27,347,32.0
27,348,32.0
27,349,32.0
27,350,32.0
27,351,32.0
27,352,32.0
27,353,32.0
27,354,32.0
27,355,32.0
27,357,32.0
27,362,72.0
27,363,76.0
27,364,82.0
27,366,33.0
27,368,34.0
27,369,34.0
28,52,128.0
28,53,128.0
28,56,128.0
28,57,128.0
28,58,128.0
28,61,124.0
28,62,120.0
28,63,118.0
28,72,92.0
28,73,89.0
28,77,77.0
28,78,73.0
28,79,72.0
28,84,55.0
28,85,53.0
28,86,49.0
28,87,46.0
28,88,43.0
28,89,41.0
28,98,13.0
28,99,10.0
28,100,9.0
28,104,9.0
28,106,9.0
28,107,9.0
28,108,9.0
28,109,9.0
28,110,9.0
28,111,9.0
28,112,9.0
28,115,9.0
28,116,9.0
28,117,9.0
28,118,9.0
28,119,9.0
28,120,9.0
28,121,9.0
28,122,28.0
28,123,32.0
28,124,9.0
28,125,9.0
28,126,9.0
28,127,9.0
28,128,35.0
28,129,9.0
28,130,9.0
28,131,9.0
28,132,9.0
28,133,9.0
28,135,9.0
28,136,8.0
28,137,8.0
28,138,63.0
28,139,8.0
28,140,8.0
28,144,8.0
28,146,9.0
28,147,10.0
28,149,53.0
28,150,64.0
28,197,37.0
28,198,36.0
28,199,36.0
28,200,36.0
28,201,35.0
28,202,34.0
28,203,34.0
28,204,34.0
28,205,34.0
28,206,33.0
28,207,33.0
28,208,33.0
28,209,33.0
28,210,32.0
28,211,32.0
28,212,32.0
28,213,31.0
28,214,31.0
28,215,31.0
28,216,31.0
28,217,30.0
28,218,30.0
28,219,30.0
28,220,30.0
28,221,29.0
28,222,29.0
28,223,29.0
28,224,29.0
28,225,29.0
28,226,30.0
28,227,30.0
28,228,30.0
28,229,30.0
28,230,31.0
28,231,31.0
28,232,31.0
28,233,32.0
28,234,32.0
28,235,32.0
28,236,32.0
28,237,32.0
28,238,32.0
28,239,32.0
28,240,31.0
28,241,31.0
28,242,31.0
28,243,31.0
28,244,31.0
28,245,32.0
28,246,32.0
28,247,32.0
28,248,32.0
28,249,32.0
28,250,32.0
28,251,32.0
28,252,32.0
28,253,32.0
28,254,32.0
28,255,32.0
28,256,32.0
28,257,33.0
28,258,33.0
28,259,33.0
28,260,33.0
28,261,30.0
28,262,23.0
28,263,13.0
28,264,7.0
28,265,1.0
28,266,1.0
28,267,1.0
28,268,1.0
28,269,1.0
28,270,1.0
28,271,1.0
28,272,0.0
28,273,-0.0
28,274,-1.0
28,275,-1.0
28,276,-1.0
28,277,-1.0
28,278,-1.0
28,279,-1.0
28,280,-1.0
28,281,-1.0
28,282,-1.0
28,283,-1.0
28,284,-1.0
28,285,-1.0
28,286,-1.0
28,287,-1.0
28,288,-1.0
28,289,-1.0
28,290,-1.0
28,291,-1.0
28,292,-1.0
28,293,-0.0
28,294,-0.0
28,295,-0.0
28,296,-0.0
28,297,-0.0
28,298,0.0
28,299,0.0
28,300,1.0
28,301,2.0
28,302,3.0
28,303,4.0
28,304,5.0
28,305,6.0
28,306,9.0
28,307,10.0
28,308,13.0
28,309,14.0
28,310,16.0
28,311,66.0
28,312,66.0
28,318,62.0
28,319,50.0
28,320,31.0
28,321,30.0
28,322,30.0
28,323,30.0
28,324,30.0
28,325,30.0
28,326,30.0
28,327,30.0
28,328,30.0
28,329,30.0
28,330,30.0
28,331,30.0
28,333,30.0
28,334,31.0
28,335,31.0
28,336,31.0
28,337,31.0
28,338,31.0
28,339,31.0
28,340,31.0
28,341,31.0
28,342,31.0
28,343,32.0
28,344,32.0
28,345,32.0
28,346,32.0
28,347,32.0
28,348,32.0
28,349,32.0
28,350,32.0
28,351,32.0
28,352,32.0
28,353,32.0
28,354,32.0
28,357,32.0
28,362,72.0
28,366,33.0
28,368,33.0
28,369,33.0
29,55,128.0
29,56,128.0
29,57,128.0
29,60,127.0
29,61,125.0
29,62,122.0
29,70,98.0
29,71,95.0
29,76,78.0
29,77,77.0
29,78,73.0
29,79,70.0
29,89,40.0
29,90,37.0
29,91,34.0
29,92,31.0
29,93,30.0
29,96,19.0
29,97,16.0
29,98,13.0
29,99,10.0
29,100,9.0
29,101,9.0
29,102,9.0
29,103,9.0
29,104,9.0
29,105,9.0
29,110,9.0
29,111,9.0
29,112,9.0
29,113,9.0
29,114,9.0
29,115,9.0
29,116,9.0
29,117,9.0
29,118,9.0
29,119,9.0
29,120,9.0
29,121,9.0
29,122,9.0
29,123,9.0
29,124,9.0
29,125,9.0
29,126,9.0
29,127,9.0
29,128,9.0
29,129,9.0
29,130,9.0
29,131,9.0
29,132,9.0
29,133,9.0
29,134,9.0
29,135,9.0
29,136,9.0
29,137,9.0
29,138,34.0
29,139,30.0
29,145,8.0
29,147,11.0
29,148,44.0
29,149,44.0
29,157,33.0
29,158,36.0
29,198,35.0
29,199,35.0
29,200,35.0
29,201,34.0
29,202,34.0
29,203,34.0
29,204,33.0
29,205,33.0
29,206,33.0
29,207,33.0
29,208,32.0
29,209,32.0
29,210,32.0
29,211,32.0
29,212,31.0
29,213,31.0
29,214,31.0
29,215,30.0
29,216,30.0
29,217,30.0
29,218,30.0
29,219,29.0
29,220,29.0
29,221,28.0
29,222,28.0
29,223,28.0
29,224,28.0
29,225,29.0
29,226,29.0
29,227,29.0
29,228,30.0
29,229,30.0
29,230,31.0
29,231,31.0
29,232,32.0
29,233,32.0
29,234,32.0
29,235,32.0
29,236,32.0
29,237,32.0
29,238,32.0
29,239,32.0
29,240,32.0
29,241,32.0
29,242,32.0
29,243,32.0
29,244,32.0
29,245,32.0
29,246,32.0
29,247,32.0
29,248,32.0
29,249,32.0
29,250,32.0
29,251,32.0
29,252,32.0
29,253,32.0
29,254,32.0
29,255,32.0
29,256,32.0
29,257,33.0
29,258,33.0
29,259,33.0
29,260,33.0
29,261,32.0
29,262,22.0
29,263,15.0
29,264,4.0
29,265,1.0
29,266,1.0
29,267,1.0
29,268,1.0
29,269,1.0
29,270,1.0
29,271,1.0
29,272,0.0
29,273,-0.0
29,274,-1.0
29,275,-1.0
29,276,-1.0
29,277,-1.0
29,278,-2.0
29,279,-2.0
29,280,-2.0
29,281,-2.0
29,282,-2.0
29,283,-1.0
29,284,-1.0
29,285,-1.0
29,286,-2.0
29,287,-1.0
29,288,-2.0
29,289,-2.0
29,290,-1.0
29,291,-1.0
29,292,-1.0
29,293,-1.0
29,294,-1.0
29,295,-1.0
29,296,-0.0
29,297,-0.0
29,298,-0.0
29,299,-0.0
29,300,1.0
29,301,1.0
29,302,2.0
29,303,4.0
29,304,4.0
29,305,6.0
29,306,8.0
29,307,10.0
29,308,12.0
29,309,14.0
29,310,16.0
29,313,66.0
29,319,28.0
29,320,29.0
29,321,29.0
29,322,30.0
29,323,29.0
29,324,29.0
29,325,30.0
29,326,29.0
29,327,30.0
29,328,30.0
29,329,30.0
29,330,30.0
29,331,30.0
29,332,30.0
29,333,31.0
29,334,31.0
29,335,31.0
29,336,31.0
29,337,31.0
29,338,31.0
29,339,31.0
29,340,31.0
29,341,31.0
29,342,31.0
29,343,31.0
29,344,31.0
29,345,32.0
29,346,32.0
29,347,32.0
29,348,32.0
29,349,32.0
29,350,32.0
29,351,32.0
29,352,32.0
29,353,31.0
29,354,31.0
29,357,33.0
29,361,72.0
29,362,72.0
29,366,33.0
29,367,33.0
29,368,33.0
29,369,33.0
30,54,128.0
30,55,128.0
30,56,128.0
30,57,128.0
30,58,128.0
30,59,128.0
30,60,128.0
30,61,124.0
30,68,102.0
30,69,100.0
30,76,78.0
30,77,76.0
30,78,73.0
30,79,70.0
30,81,64.0
30,93,28.0
30,94,24.0
30,95,21.0
30,96,19.0
30,97,16.0
30,106,9.0
30,107,9.0
30,108,9.0
30,109,9.0
30,110,9.0
30,111,9.0
30,112,9.0
30,113,9.0
30,114,9.0
30,115,9.0
30,116,9.0
30,117,9.0
30,118,9.0
30,119,9.0
30,120,9.0
30,121,9.0
30,122,9.0
30,123,9.0
30,124,9.0
30,125,9.0
30,127,9.0
30,128,9.0
30,129,9.0
30,130,9.0
30,131,9.0
30,132,9.0
30,133,9.0
30,134,9.0
30,135,9.0
30,136,9.0
30,139,28.0
30,146,9.0
30,148,21.0
30,149,67.0
30,154,83.0
30,155,73.0
30,156,66.0
30,157,45.0
30,158,52.0
30,198,34.0
30,199,34.0
30,200,34.0
30,201,34.0
30,202,33.0
30,203,33.0
30,204,33.0
30,205,33.0
30,206,32.0
30,207,32.0
30,208,32.0
30,209,32.0
30,210,32.0
30,211,31.0
30,212,31.0
30,213,31.0
30,214,31.0
30,215,30.0
30,216,30.0
30,217,30.0
30,218,29.0
30,219,29.0
30,220,28.0
30,221,28.0
30,222,28.0
30,223,29.0
30,224,29.0
30,225,29.0
30,226,30.0
30,227,30.0
30,228,31.0
30,229,31.0
30,230,32.0
30,231,32.0
30,232,33.0
30,233,33.0
30,234,33.0
30,235,33.0
30,236,33.0
30,237,33.0
30,238,33.0
30,239,33.0
30,240,33.0
30,241,33.0
30,242,32.0
30,243,32.0
30,244,32.0
30,245,32.0
30,246,32.0
30,247,32.0
30,248,32.0
30,249,32.0
30,250,32.0
30,251,32.0
30,252,32.0
30,253,32.0
30,254,32.0
30,255,32.0
30,256,32.0
30,257,33.0
30,258,33.0
30,259,33.0
30,260,33.0
30,261,31.0
30,262,19.0
30,263,15.0
30,264,6.0
30,265,1.0
30,266,1.0
30,267,1.0
30,268,1.0
30,269,1.0
30,270,1.0
30,271,1.0
30,272,0.0
30,273,-0.0
30,274,-1.0
30,275,-1.0
30,276,-1.0
30,277,-2.0
30,278,-2.0
30,279,-2.0
30,280,-2.0
30,281,-2.0
30,282,-2.0
30,283,-2.0
30,284,-2.0
30,285,-2.0
30,286,-2.0
30,287,-2.0
30,288,-2.0
30,289,-2.0
30,290,-2.0
30,291,-1.0
30,292,-1.0
30,293,-1.0
30,294,-1.0
30,295,-1.0
30,296,-1.0
30,297,-1.0
30,298,-1.0
30,299,-0.0
30,300,0.0
30,301,1.0
30,302,2.0
30,303,3.0
30,304,4.0
30,305,5.0
30,306,7.0
30,307,10.0
30,308,12.0
30,309,14.0
30,310,16.0
30,313,66.0
30,316,26.0
30,317,27.0
30,318,28.0
30,319,28.0
30,320,28.0
30,321,29.0
30,322,29.0
30,323,29.0
30,324,29.0
30,325,29.0
30,326,30.0
30,327,30.0
30,329,31.0
30,330,30.0
30,331,31.0
30,332,31.0
30,333,31.0
30,334,31.0
30,335,31.0
30,336,31.0
30,337,31.0
30,338,31.0
30,339,31.0
30,340,31.0
30,341,31.0
30,342,31.0
30,343,31.0
30,344,31.0
30,345,31.0
30,346,31.0
30,347,31.0
30,348,32.0
30,349,31.0
30,350,32.0
30,351,31.0
30,352,31.0
30,353,31.0
30,357,34.0
30,361,72.0
30,362,72.0
31,52,128.0
31,53,128.0
31,57,128.0
31,58,126.0
31,59,123.0
31,61,119.0
31,67,102.0
31,68,102.0
31,76,75.0
31,77,73.0
31,78,69.0
31,79,67.0
31,80,64.0
31,81,61.0
31,92,25.0
31,93,24.0
31,94,22.0
31,97,14.0
31,98,10.0
31,99,6.0
31,100,4.0
31,107,4.0
31,108,5.0
31,109,7.0
31,110,6.0
31,112,7.0
31,113,9.0
31,114,9.0
31,115,9.0
31,116,9.0
31,117,8.0
31,118,8.0
31,119,8.0
31,120,9.0
31,122,9.0
31,123,9.0
31,124,9.0
31,125,9.0
31,126,9.0
31,127,9.0
31,128,27.0
31,129,9.0
31,130,37.0
31,131,35.0
31,132,54.0
31,135,9.0
31,136,9.0
31,137,9.0
31,138,9.0
31,139,9.0
31,146,10.0
31,148,12.0
31,149,13.0
31,150,68.0
31,151,69.0
31,152,80.0
31,153,87.0
31,154,64.0
31,155,66.0
31,156,74.0
31,157,33.0
31,197,34.0
31,198,34.0
31,199,34.0
31,200,34.0
31,201,34.0
31,202,33.0
31,203,33.0
31,204,33.0
31,205,33.0
31,206,32.0
31,207,32.0
31,208,32.0
31,209,32.0
31,210,31.0
31,211,31.0
31,212,31.0
31,213,31.0
31,214,31.0
31,215,30.0
31,216,30.0
31,217,30.0
31,218,29.0
31,219,29.0
31,220,29.0
31,221,29.0
31,222,29.0
31,223,30.0
31,224,30.0
31,225,31.0
31,226,31.0
31,227,32.0
31,228,32.0
31,229,33.0
31,230,33.0
31,231,34.0
31,232,34.0
31,233,34.0
31,234,35.0
31,235,35.0
31,236,35.0
31,237,34.0
31,238,34.0
31,239,34.0
31,240,34.0
31,241,34.0
31,242,33.0
31,243,33.0
31,244,33.0
31,245,33.0
31,246,33.0
31,247,33.0
31,248,33.0
31,249,33.0
31,250,33.0
31,251,33.0
31,252,33.0
31,253,32.0
31,254,32.0
31,255,32.0
31,256,32.0
31,257,33.0
31,258,33.0
31,259,33.0
31,260,33.0
31,261,31.0
31,262,22.0
31,263,14.0
31,264,4.0
31,265,1.0
31,266,1.0
31,267,1.0
31,268,1.0
31,269,1.0
31,270,1.0
31,271,1.0
31,272,0.0
31,273,-0.0
31,274,-1.0
31,275,-1.0
31,276,-2.0
31,277,-2.0
31,278,-2.0
31,279,-2.0
31,280,-3.0
31,281,-3.0
31,282,-2.0
31,283,-2.0
31,284,-2.0
31,285,-2.0
31,286,-2.0
31,287,-2.0
31,288,-2.0
31,289,-2.0
31,290,-2.0
31,291,-2.0
31,292,-2.0
31,293,13.0
31,294,-1.0
31,295,-1.0
31,296,-1.0
31,297,-1.0
31,298,-1.0
31,299,-0.0
31,300,-0.0
31,301,1.0
31,302,1.0
31,303,2.0
31,304,3.0
31,305,4.0
31,306,7.0
31,307,9.0
31,308,11.0
31,309,13.0
31,310,15.0
31,311,17.0
31,312,21.0
31,313,22.0
31,314,24.0
31,315,25.0
31,316,25.0
31,317,26.0
31,318,26.0
31,319,26.0
31,320,27.0
31,321,28.0
31,322,28.0
31,323,28.0
31,324,29.0
31,325,30.0
31,326,30.0
31,327,31.0
31,328,31.0
31,329,31.0
31,330,31.0
31,331,31.0
31,332,31.0
31,333,31.0
31,334,31.0
31,335,31.0
31,336,31.0
31,337,31.0
31,338,31.0
31,339,31.0
31,340,31.0
31,341,31.0
31,342,31.0
31,343,31.0
31,344,31.0
31,345,31.0
31,346,31.0
31,347,31.0
31,348,31.0
31,349,31.0
31,350,31.0
31,351,32.0
31,352,32.0
31,353,31.0
31,357,34.0
31,360,72.0
31,361,72.0
31,362,72.0
32,51,125.0
32,52,127.0
32,55,128.0
32,56,128.0
32,57,128.0
32,59,122.0
32,60,118.0
32,61,115.0
32,65,102.0
32,66,102.0
32,76,71.0
32,77,69.0
32,78,67.0
32,79,61.0
32,80,60.0
32,81,58.0
32,82,52.0
32,91,26.0
32,92,25.0
32,100,3.0
32,101,2.0
32,102,1.0
32,103,0.0
32,104,1.0
32,105,2.0
32,109,1.0
32,110,1.0
32,111,2.0
32,112,2.0
32,113,2.0
32,114,4.0
32,115,42.0
32,117,2.0
32,118,3.0
32,119,4.0
32,120,4.0
32,121,5.0
32,122,4.0
32,123,5.0
32,124,6.0
32,125,6.0
32,126,8.0
32,127,7.0
32,128,33.0
32,129,37.0
32,130,9.0
32,131,9.0
32,132,9.0
32,133,9.0
32,134,9.0
32,135,9.0
32,136,9.0
32,137,9.0
32,138,9.0
32,139,9.0
32,147,11.0
32,148,34.0
32,149,61.0
32,150,38.0
32,151,64.0
32,152,64.0
32,154,64.0
32,156,57.0
32,197,34.0
32,198,34.0
32,199,34.0
32,200,34.0
32,201,34.0
32,202,33.0
32,203,33.0
32,204,33.0
32,205,33.0
32,206,32.0
32,207,32.0
32,208,32.0
32,209,32.0
32,210,32.0
32,211,31.0
32,212,31.0
32,213,31.0
32,214,31.0
32,215,31.0
32,216,30.0
32,217,30.0
32,218,30.0
32,219,30.0
32,220,29.0
32,221,29.0
32,222,30.0
32,223,31.0
32,224,32.0
32,225,32.0
32,226,33.0
32,227,33.0
32,228,34.0
32,229,35.0
32,230,35.0
32,231,35.0
32,232,36.0
32,233,36.0
32,234,37.0
32,235,37.0
32,236,37.0
32,237,36.0
32,238,36.0
32,239,36.0
32,240,35.0
32,241,35.0
32,242,34.0
32,243,34.0
32,244,34.0
32,245,34.0
32,246,34.0
32,247,34.0
32,248,34.0
32,249,34.0
32,250,34.0
32,251,34.0
32,252,34.0
32,253,33.0
32,254,33.0
32,255,33.0
32,256,32.0
32,257,33.0
32,258,33.0
32,259,33.0
32,260,33.0
32,261,31.0
32,262,23.0
32,263,14.0
32,264,5.0
32,265,1.0
32,266,1.0
32,267,1.0
32,268,1.0
32,269,1.0
32,270,1.0
32,271,1.0
32,272,0.0
32,273,-0.0
32,274,-1.0
32,275,-1.0
32,276,-2.0
32,277,-2.0
32,278,-2.0
32,279,-3.0
32,280,-3.0
32,281,-3.0
32,282,-3.0
32,283,-3.0
32,284,-3.0
32,285,-2.0
32,286,-2.0
32,287,-2.0
32,288,-2.0
32,289,-2.0
32,290,-2.0
32,291,-2.0
32,292,-2.0
32,293,-2.0
32,294,-2.0
32,295,-2.0
32,296,-2.0
32,297,-2.0
32,298,-2.0
32,299,-1.0
32,300,-0.0
32,301,0.0
32,302,1.0
32,303,1.0
32,304,2.0
32,305,4.0
32,306,6.0
32,307,8.0
32,308,10.0
32,309,13.0
32,310,15.0
32,311,17.0
32,312,19.0
32,313,21.0
32,314,22.0
32,315,24.0
32,316,24.0
32,317,24.0
32,318,25.0
32,319,26.0
32,320,26.0
32,321,27.0
32,322,28.0
32,323,28.0
32,324,30.0
32,325,30.0
32,326,31.0
32,327,31.0
32,328,31.0
32,329,31.0
32,330,31.0
32,331,31.0
32,332,31.0
32,333,31.0
32,334,31.0
32,335,31.0
32,336,31.0
32,337,31.0
32,338,31.0
32,339,31.0
32,340,31.0
32,341,31.0
32,342,31.0
32,343,31.0
32,344,31.0
32,345,31.0
32,346,31.0
32,347,31.0
32,348,31.0
32,349,32.0
32,350,32.0
32,351,32.0
32,352,32.0
32,356,34.0
32,358,72.0
32,359,72.0
32,360,72.0
32,362,72.0
32,363,72.0
33,48,121.0
33,49,123.0
33,50,123.0
33,53,128.0
33,54,128.0
33,55,128.0
33,60,119.0
33,61,115.0
33,63,109.0
33,64,106.0
33,65,104.0
33,76,67.0
33,77,66.0
33,78,61.0
33,79,57.0
33,80,54.0
33,81,51.0
33,82,51.0
33,89,30.0
33,90,27.0
33,91,24.0
33,99,1.0
33,100,1.0
33,102,1.0
33,104,0.0
33,105,0.0
33,106,0.0
33,107,-0.0
33,108,0.0
33,109,0.0
33,110,0.0
33,111,0.0
33,113,0.0
33,114,20.0
33,115,1.0
33,116,2.0
33,117,3.0
33,118,3.0
33,122,5.0
33,123,5.0
33,125,4.0
33,126,4.0
33,127,4.0
33,128,3.0
33,129,3.0
33,130,6.0
33,133,6.0
33,136,8.0
33,138,9.0
33,139,8.0
33,140,25.0
33,141,40.0
33,147,35.0
33,148,11.0
33,149,73.0
33,150,12.0
33,151,71.0
33,152,64.0
33,153,64.0
33,154,64.0
33,155,64.0
33,156,64.0
33,197,34.0
33,198,34.0
33,199,34.0
33,200,34.0
33,201,34.0
33,202,33.0
33,203,33.0
33,204,33.0
33,205,32.0
33,206,32.0
33,207,32.0
33,208,32.0
33,209,32.0
33,210,32.0
33,211,31.0
33,212,31.0
33,213,31.0
33,214,31.0
33,215,31.0
33,216,31.0
33,217,30.0
33,218,30.0
33,219,30.0
33,220,30.0
33,221,30.0
33,222,31.0
33,223,32.0
33,224,33.0
33,225,33.0
33,260,33.0
33,261,31.0
33,262,22.0
33,263,14.0
33,264,8.0
33,265,1.0
33,266,1.0
33,267,1.0
33,268,1.0
33,269,1.0
33,270,1.0
33,271,0.0
33,272,0.0
33,273,-0.0
33,274,-1.0
33,275,-1.0
33,276,-2.0
33,277,-2.0
33,278,-2.0
33,279,-3.0
33,280,-3.0
33,281,-3.0
33,282,-3.0
33,283,-3.0
33,284,-3.0
33,285,-2.0
33,286,-2.0
33,287,-2.0
33,288,-2.0
33,289,-2.0
33,290,-2.0
33,291,-2.0
33,292,-2.0
33,293,-2.0
33,294,-2.0
33,295,-3.0
33,296,-3.0
33,297,-3.0
33,298,-2.0
33,299,-1.0
33,300,-1.0
33,301,-0.0
33,302,0.0
33,303,0.0
33,304,1.0
33,305,3.0
33,306,5.0
33,307,7.0
33,308,9.0
33,309,12.0
33,310,15.0
33,311,17.0
33,312,19.0
33,313,21.0
33,314,22.0
33,315,23.0
33,316,23.0
33,317,23.0
33,318,23.0
33,319,25.0
33,320,26.0
33,321,27.0
33,322,28.0
33,323,29.0
33,324,30.0
33,325,31.0
33,326,31.0
33,328,32.0
33,329,32.0
33,330,32.0
33,331,32.0
33,332,31.0
33,333,31.0
33,334,31.0
33,335,31.0
33,336,31.0
33,337,31.0
33,338,31.0
33,339,31.0
33,340,31.0
33,341,31.0
33,342,30.0
33,343,30.0
33,344,31.0
33,345,31.0
33,346,31.0
33,347,31.0
33,348,31.0
33,349,32.0
33,350,33.0
33,351,36.0
33,353,36.0
33,354,36.0
33,355,36.0
33,358,63.0
34,46,120.0
34,47,121.0
34,48,121.0
34,49,123.0
34,50,123.0
34,51,126.0
34,52,128.0
34,53,128.0
34,61,114.0
34,62,113.0
34,63,110.0
34,64,106.0
34,65,102.0
34,75,69.0
34,76,67.0
34,77,64.0
34,78,61.0
34,79,57.0
34,80,54.0
34,81,51.0
34,82,47.0
34,83,44.0
34,85,41.0
34,87,35.0
34,88,32.0
34,89,29.0
34,97,6.0
34,98,4.0
34,99,2.0
34,100,0.0
34,101,0.0
34,102,0.0
34,103,0.0
34,104,-0.0
34,105,-0.0
34,106,-0.0
34,107,-0.0
34,108,-0.0
34,109,-0.0
34,110,-1.0
34,111,-0.0
34,112,-1.0
34,113,-0.0
34,114,0.0
34,115,1.0
34,116,2.0
34,118,4.0
34,120,5.0
34,121,5.0
34,122,5.0
34,124,5.0
34,125,20.0
34,126,4.0
34,128,17.0
34,129,3.0
34,130,2.0
34,134,3.0
34,135,2.0
34,137,3.0
34,140,5.0
34,141,54.0
34,142,66.0
34,144,7.0
34,146,10.0
34,147,44.0
34,148,60.0
34,149,45.0
34,152,64.0
34,153,64.0
34,154,64.0
34,155,64.0
34,156,57.0
34,157,54.0
34,197,34.0
34,198,34.0
34,199,34.0
34,200,34.0
34,201,33.0
34,202,33.0
34,203,33.0
34,204,33.0
34,205,32.0
34,206,32.0
34,207,32.0
34,208,32.0
34,209,32.0
34,210,32.0
34,211,32.0
34,212,31.0
34,213,31.0
34,214,31.0
34,215,31.0
34,216,31.0
34,217,31.0
34,218,31.0
34,219,31.0
34,220,31.0
34,221,31.0
34,222,32.0
34,223,33.0
34,224,34.0
34,225,34.0
34,260,33.0
34,261,32.0
34,262,23.0
34,263,15.0
34,264,4.0
34,265,1.0
34,266,1.0
34,267,0.0
34,268,0.0
34,269,0.0
34,270,0.0
34,271,0.0
34,272,-0.0
34,273,-1.0
34,274,-1.0
34,275,-1.0
34,276,-2.0
34,277,-2.0
34,278,-2.0
34,279,-3.0
34,280,-3.0
34,281,-3.0
34,282,-3.0
34,283,-3.0
34,284,-3.0
34,285,-3.0
34,286,-2.0
34,287,-2.0
34,288,-2.0
34,289,-2.0
34,290,-2.0
34,291,-2.0
34,292,-2.0
34,293,16.0
34,294,-2.0
34,295,-3.0
34,296,-3.0
34,297,-3.0
34,298,-2.0
34,299,-1.0
34,300,-1.0
34,301,-0.0
34,302,0.0
34,303,0.0
34,304,1.0
34,305,2.0
34,306,4.0
34,307,6.0
34,308,9.0
34,309,12.0
34,310,14.0
34,311,17.0
34,312,19.0
34,313,20.0
34,314,22.0
34,315,23.0
34,316,24.0
34,317,24.0
34,318,24.0
34,319,25.0
34,320,27.0
34,321,28.0
34,322,29.0
34,323,30.0
34,324,31.0
34,325,32.0
34,326,33.0
34,327,33.0
34,328,32.0
34,329,32.0
34,330,32.0
34,332,32.0
34,334,32.0
34,335,31.0
34,336,31.0
34,337,31.0
34,338,31.0
34,339,57.0
34,340,31.0
34,341,31.0
34,342,30.0
34,343,30.0
34,344,30.0
34,345,30.0
34,346,31.0
34,347,31.0
34,348,32.0
34,349,32.0
34,350,35.0
34,351,36.0
34,352,36.0
34,353,88.0
34,357,36.0
35,45,119.0
35,46,120.0
35,47,121.0
35,60,117.0
35,61,115.0
35,62,112.0
35,66,98.0
35,67,95.0
35,68,92.0
35,69,88.0
35,70,85.0
35,72,81.0
35,73,78.0
35,74,74.0
35,75,71.0
35,76,68.0
35,77,64.0
35,80,55.0
35,81,51.0
35,82,48.0
35,83,44.0
35,84,41.0
35,86,37.0
35,87,34.0
35,88,31.0
35,89,28.0
35,90,25.0
35,91,21.0
35,92,20.0
35,93,17.0
35,94,14.0
35,95,12.0
35,96,9.0
35,97,6.0
35,98,2.0
35,99,1.0
35,100,0.0
35,101,0.0
35,102,0.0
35,103,0.0
35,104,-0.0
35,106,-0.0
35,107,-1.0
35,108,-1.0
35,109,-1.0
35,110,-1.0
35,111,-1.0
35,112,-1.0
35,113,-1.0
35,114,0.0
35,116,2.0
35,117,3.0
35,118,4.0
35,119,4.0
35,120,5.0
35,124,5.0
35,125,5.0
35,126,5.0
35,127,4.0
35,128,3.0
35,129,3.0
35,130,2.0
35,131,2.0
35,132,2.0
35,134,2.0
35,135,2.0
35,136,2.0
35,137,3.0
35,138,3.0
35,139,3.0
35,140,4.0
35,141,4.0
35,142,4.0
35,143,76.0
35,144,8.0
35,145,9.0
35,146,23.0
35,147,54.0
35,148,61.0
35,149,64.0
35,150,64.0
35,152,64.0
35,153,64.0
35,154,64.0
35,155,64.0
35,157,41.0
35,158,33.0
35,197,35.0
35,198,34.0
35,199,34.0
35,200,33.0
35,201,33.0
35,202,33.0
35,203,33.0
35,204,33.0
35,205,32.0
35,206,32.0
35,207,32.0
35,208,32.0
35,209,32.0
35,210,32.0
35,211,32.0
35,212,32.0
35,213,32.0
35,214,32.0
35,215,31.0
35,216,31.0
35,217,31.0
35,218,32.0
35,219,32.0
35,220,32.0
35,221,33.0
35,222,34.0
35,223,35.0
35,224,36.0
35,225,36.0
35,260,33.0
35,261,33.0
35,262,22.0
35,263,16.0
35,264,5.0
35,265,0.0
35,266,0.0
35,267,0.0
35,268,0.0
35,269,-0.0
35,270,-0.0
35,271,-0.0
35,272,-0.0
35,273,-1.0
35,274,-1.0
35,275,-2.0
35,276,-2.0
35,277,-2.0
35,278,-2.0
35,279,-3.0
35,280,-3.0
35,281,-3.0
35,282,-3.0
35,283,-3.0
35,284,-3.0
35,285,-3.0
35,286,-2.0
35,287,-2.0
35,288,-2.0
35,289,-2.0
35,290,-2.0
35,291,-2.0
35,292,-2.0
35,293,-2.0
35,294,-2.0
35,295,-3.0
35,296,-2.0
35,297,-2.0
35,298,-2.0
35,299,-1.0
35,300,-0.0
35,301,-0.0
35,302,0.0
35,303,1.0
35,304,1.0
35,305,3.0
35,306,5.0
35,307,7.0
35,308,10.0
35,309,13.0
35,310,15.0
35,311,18.0
35,312,19.0
35,313,21.0
35,314,22.0
35,315,23.0
35,316,24.0
35,317,25.0
35,318,26.0
35,319,27.0
35,320,28.0
35,321,29.0
35,322,31.0
35,323,32.0
35,324,33.0
35,325,33.0
35,326,33.0
35,327,33.0
35,328,33.0
35,329,33.0
35,330,33.0
35,331,33.0
35,332,32.0
35,333,32.0
35,334,32.0
35,335,32.0
35,336,31.0
35,337,31.0
35,338,31.0
35,340,31.0
35,341,31.0
35,342,31.0
35,343,30.0
35,344,30.0
35,345,30.0
35,346,31.0
35,347,31.0
35,348,32.0
35,349,33.0
35,350,34.0
35,352,36.0
35,353,36.0
35,354,36.0
35,355,36.0
35,356,36.0
36,44,118.0
36,45,119.0
36,46,120.0
36,60,119.0
36,62,111.0
36,63,109.0
36,64,105.0
36,65,101.0
36,66,98.0
36,69,91.0
36,70,88.0
36,72,81.0
36,73,77.0
36,74,74.0
36,75,72.0
36,76,69.0
36,77,67.0
36,78,65.0
36,79,67.0
36,80,68.0
36,81,52.0
36,82,83.0
36,83,82.0
36,84,62.0
36,85,41.0
36,86,70.0
36,87,48.0
36,88,46.0
36,89,30.0
36,90,26.0
36,91,23.0
36,92,20.0
36,93,18.0
36,94,16.0
36,95,12.0
36,96,8.0
36,97,6.0
36,98,4.0
36,99,0.0
36,100,0.0
36,101,1.0
36,102,1.0
36,103,6.0
36,104,-0.0
36,105,-0.0
36,106,-0.0
36,107,-1.0
36,108,-1.0
36,109,-1.0
36,110,-2.0
36,111,-2.0
36,112,-1.0
36,113,-1.0
36,114,-1.0
36,115,1.0
36,116,2.0
36,117,3.0
36,118,4.0
36,119,4.0
36,120,5.0
36,121,5.0
36,122,5.0
36,123,5.0
36,125,5.0
36,126,5.0
36,127,4.0
36,128,3.0
36,132,2.0
36,133,1.0
36,136,2.0
36,137,2.0
36,138,3.0
36,139,3.0
36,140,4.0
36,141,4.0
36,143,4.0
36,144,97.0
36,145,9.0
36,150,64.0
36,152,64.0
36,154,70.0
36,155,83.0
36,156,88.0
36,157,73.0
36,158,33.0
36,159,58.0
36,160,90.0
36,162,36.0
36,163,37.0
36,164,37.0
36,165,37.0
36,166,37.0
36,196,36.0
36,197,35.0
36,198,34.0
36,199,34.0
36,200,33.0
36,201,33.0
36,202,33.0
36,203,33.0
36,204,32.0
36,205,32.0
36,206,32.0
36,207,32.0
36,208,32.0
36,209,32.0
36,210,32.0
36,211,32.0
36,212,32.0
36,213,32.0
36,214,32.0
36,215,32.0
36,216,32.0
36,217,32.0
36,218,32.0
36,219,33.0
36,220,33.0
36,221,34.0
36,222,35.0
36,223,35.0
36,224,36.0
36,225,36.0
36,260,31.0
36,261,29.0
36,262,22.0
36,263,12.0
36,264,5.0
36,265,0.0
36,266,0.0
36,267,0.0
36,268,0.0
36,269,0.0
36,270,-1.0
36,271,-1.0
36,272,-1.0
36,273,-1.0
36,274,-1.0
36,275,-2.0
36,276,-2.0
36,277,-2.0
36,278,-2.0
36,279,-3.0
36,280,-3.0
36,281,-3.0
36,282,-3.0
36,283,-3.0
36,284,-3.0
36,285,-3.0
36,286,42.0
36,287,-2.0
36,288,-2.0
36,289,-2.0
36,290,-2.0
36,291,-2.0
36,292,-2.0
36,293,2.0
36,294,-2.0
36,295,-2.0
36,296,-2.0
36,297,-2.0
36,298,-1.0
36,299,-1.0
36,300,-0.0
36,301,0.0
36,302,1.0
36,303,1.0
36,304,2.0
36,305,4.0
36,306,6.0
36,307,9.0
36,308,11.0
36,309,13.0
36,310,16.0
36,311,18.0
36,312,20.0
36,313,21.0
36,314,23.0
36,315,24.0
36,316,25.0
36,317,26.0
36,318,27.0
36,319,28.0
36,320,29.0
36,321,30.0
36,322,32.0
36,323,33.0
36,324,34.0
36,325,34.0
36,326,34.0
36,327,34.0
36,328,34.0
36,329,33.0
36,330,33.0
36,331,33.0
36,332,33.0
36,333,32.0
36,334,32.0
36,335,32.0
36,336,31.0
36,337,31.0
36,338,31.0
36,339,31.0
36,340,31.0
36,341,31.0
36,342,30.0
36,343,30.0
36,344,30.0
36,345,31.0
36,346,31.0
36,347,32.0
36,348,32.0
37,43,117.0
37,44,117.0
37,45,119.0
37,58,124.0
37,59,121.0
37,62,115.0
37,63,110.0
37,64,110.0
37,65,108.0
37,67,101.0
37,68,96.0
37,71,89.0
37,72,85.0
37,73,81.0
37,74,81.0
37,75,76.0
37,76,73.0
37,77,74.0
37,81,58.0
37,82,58.0
37,83,53.0
37,84,50.0
37,85,48.0
37,86,43.0
37,87,41.0
37,88,36.0
37,94,21.0
37,95,17.0
37,96,13.0
37,97,12.0
37,98,6.0
37,99,2.0
37,100,39.0
37,103,2.0
37,104,2.0
37,105,1.0
37,106,-0.0
37,107,-1.0
37,108,-1.0
37,109,-2.0
37,110,-2.0
37,111,-2.0
37,112,-2.0
37,113,-1.0
37,114,-0.0
37,116,2.0
37,117,3.0
37,118,3.0
37,119,4.0
37,120,4.0
37,121,5.0
37,122,4.0
37,123,5.0
37,124,4.0
37,125,4.0
37,126,4.0
37,127,4.0
37,128,3.0
37,129,3.0
37,130,2.0
37,134,1.0
37,137,2.0
37,138,3.0
37,139,3.0
37,141,4.0
37,144,7.0
37,145,9.0
37,146,111.0
37,147,117.0
37,150,70.0
37,151,64.0
37,152,64.0
37,153,88.0
37,154,78.0
37,155,104.0
37,156,108.0
37,157,32.0
37,158,32.0
37,159,33.0
37,160,34.0
37,161,35.0
37,163,35.0
37,166,35.0
37,196,36.0
37,197,35.0
37,198,34.0
37,199,34.0
37,200,33.0
37,201,33.0
37,202,33.0
37,203,32.0
37,204,32.0
37,205,32.0
37,206,32.0
37,207,32.0
37,208,32.0
37,209,32.0
37,210,32.0
37,211,32.0
37,212,32.0
37,213,32.0
37,214,32.0
37,215,32.0
37,216,32.0
37,217,33.0
37,218,33.0
37,219,34.0
37,220,34.0
37,221,35.0
37,222,35.0
37,223,36.0
37,224,36.0
37,225,36.0
37,260,19.0
37,261,19.0
37,262,19.0
37,263,15.0
37,264,7.0
37,265,0.0
37,266,0.0
37,267,0.0
37,268,0.0
37,269,0.0
37,270,-1.0
37,271,-1.0
37,272,-1.0
37,273,-1.0
37,274,-1.0
37,275,-2.0
37,276,-2.0
37,277,-2.0
37,278,-2.0
37,279,-3.0
37,280,-3.0
37,281,-3.0
37,282,-4.0
37,283,-4.0
37,284,-4.0
37,285,-3.0
37,286,-3.0
37,287,-2.0
37,288,-2.0
37,289,-2.0
37,290,-2.0
37,291,-2.0
37,292,-2.0
37,293,-3.0
37,294,-2.0
37,295,-2.0
37,296,-2.0
37,297,-1.0
37,298,-1.0
37,299,-1.0
37,300,-0.0
37,301,0.0
37,302,1.0
37,303,3.0
37,304,5.0
37,305,6.0
37,306,7.0
37,307,9.0
37,308,12.0
37,309,14.0
37,310,16.0
37,311,18.0
37,312,20.0
37,313,23.0
37,314,24.0
37,315,25.0
37,316,26.0
37,317,27.0
37,318,28.0
37,319,29.0
37,320,30.0
37,321,32.0
37,322,33.0
37,323,34.0
37,324,34.0
37,325,34.0
37,326,34.0
37,327,34.0
37,328,34.0
37,329,34.0
37,330,33.0
37,331,33.0
37,334,32.0
37,335,32.0
37,336,32.0
37,337,31.0
37,338,31.0
37,339,31.0
37,340,31.0
37,341,31.0
37,342,31.0
37,343,30.0
37,344,30.0
37,345,31.0
37,346,31.0
37,347,32.0
38,43,117.0
38,45,119.0
38,57,128.0
38,58,127.0
38,60,127.0
38,61,121.0
38,62,129.0
38,63,123.0
38,64,116.0
38,65,111.0
38,69,100.0
38,70,97.0
38,71,93.0
38,72,90.0
38,73,87.0
38,74,86.0
38,75,81.0
38,77,76.0
38,78,72.0
38,79,69.0
38,80,66.0
38,81,63.0
38,82,60.0
38,83,57.0
38,84,53.0
38,85,50.0
38,86,46.0
38,87,45.0
38,88,43.0
38,89,39.0
38,90,37.0
38,91,34.0
38,92,31.0
38,93,28.0
38,95,23.0
38,96,19.0
38,97,15.0
38,98,13.0
38,99,9.0
38,100,9.0
38,101,9.0
38,102,9.0
38,103,8.0
38,104,7.0
38,105,4.0
38,107,-0.0
38,113,-1.0
38,115,0.0
38,117,18.0
38,118,3.0
38,120,4.0
38,121,4.0
38,122,4.0
38,123,4.0
38,124,4.0
38,125,4.0
38,126,4.0
38,127,3.0
38,128,3.0
38,129,2.0
38,132,1.0
38,133,1.0
38,134,1.0
38,135,1.0
38,136,1.0
38,137,2.0
38,138,2.0
38,139,2.0
38,140,3.0
38,141,3.0
38,144,4.0
38,145,9.0
38,146,9.0
38,147,61.0
38,148,108.0
38,149,83.0
38,151,64.0
38,152,64.0
38,155,108.0
38,156,108.0
38,157,108.0
38,159,33.0
38,160,33.0
38,161,33.0
38,162,60.0
38,163,34.0
38,166,34.0
38,196,37.0
38,197,35.0
38,198,34.0
38,199,34.0
38,200,33.0
38,201,33.0
38,202,33.0
38,203,32.0
38,204,32.0
38,205,32.0
38,206,32.0
38,207,32.0
38,208,32.0
38,209,32.0
38,210,32.0
38,211,32.0
38,212,32.0
38,213,32.0
38,214,32.0
38,215,33.0
38,216,33.0
38,217,34.0
38,218,34.0
38,219,35.0
38,220,35.0
38,221,36.0
38,222,36.0
38,223,37.0
38,224,37.0
38,225,37.0
38,260,79.0
38,261,79.0
38,262,79.0
38,263,79.0
38,264,79.0
38,265,79.0
38,266,0.0
38,267,0.0
38,268,0.0
38,269,0.0
38,270,-0.0
38,271,-1.0
38,272,-2.0
38,273,-2.0
38,274,-2.0
38,275,-2.0
38,276,-2.0
38,277,-2.0
38,278,-3.0
38,279,-3.0
38,280,-3.0
38,281,-4.0
38,282,-4.0
38,283,-4.0
38,284,-4.0
38,285,-3.0
38,286,-3.0
38,287,-3.0
38,288,-3.0
38,289,-3.0
38,290,-3.0
38,291,-3.0
38,292,-3.0
38,293,-2.0
38,294,-2.0
38,295,-2.0
38,296,-1.0
38,297,-1.0
38,298,-1.0
38,299,-0.0
38,300,0.0
38,301,0.0
38,302,2.0
38,303,4.0
38,304,6.0
38,305,7.0
38,306,8.0
38,307,9.0
38,308,12.0
38,309,15.0
38,310,16.0
38,311,18.0
38,312,20.0
38,313,22.0
38,314,25.0
38,315,27.0
38,316,28.0
38,317,29.0
38,318,30.0
38,319,31.0
38,320,31.0
38,321,32.0
38,322,33.0
38,323,34.0
38,324,34.0
38,325,34.0
38,326,34.0
38,327,34.0
38,328,34.0
38,329,34.0
38,330,33.0
38,331,34.0
38,332,33.0
38,333,33.0
38,334,33.0
38,335,32.0
38,336,32.0
38,337,31.0
38,338,31.0
38,339,31.0
38,340,31.0
38,341,31.0
38,342,31.0
38,343,30.0
38,344,30.0
38,345,31.0
38,346,31.0
38,347,32.0
39,43,116.0
39,45,119.0
39,56,128.0
39,58,128.0
39,59,128.0
39,60,127.0
39,61,138.0
39,64,130.0
39,65,116.0
39,66,111.0
39,67,105.0
39,68,104.0
39,69,101.0
39,70,97.0
39,71,94.0
39,72,92.0
39,73,88.0
39,74,85.0
39,75,82.0
39,76,80.0
39,77,75.0
39,78,73.0
39,79,70.0
39,80,67.0
39,81,65.0
39,82,62.0
39,83,58.0
39,84,55.0
39,85,53.0
39,86,50.0
39,87,47.0
39,88,43.0
39,89,40.0
39,90,37.0
39,91,35.0
39,92,31.0
39,93,28.0
39,94,26.0
39,95,23.0
39,96,19.0
39,97,16.0
39,98,13.0
39,99,10.0
39,100,9.0
39,101,9.0
39,102,9.0
39,103,9.0
39,104,9.0
39,105,8.0
39,106,4.0
39,108,-0.0
39,109,0.0
39,115,1.0
39,116,2.0
39,117,2.0
39,118,3.0
39,119,3.0
39,122,4.0
39,123,4.0
39,124,4.0
39,125,4.0
39,126,3.0
39,127,3.0
39,128,3.0
39,129,2.0
39,130,2.0
39,131,1.0
39,132,1.0
39,133,1.0
39,134,1.0
39,135,0.0
39,136,1.0
39,137,1.0
39,138,1.0
39,139,1.0
39,141,2.0
39,142,2.0
39,143,2.0
39,145,9.0
39,146,61.0
39,147,35.0
39,149,99.0
39,150,89.0
39,151,64.0
39,152,64.0
39,155,108.0
39,156,108.0
39,157,108.0
39,160,33.0
39,161,33.0
39,162,33.0
39,163,41.0
39,166,34.0
39,196,37.0
39,197,36.0
39,198,35.0
39,199,33.0
39,200,33.0
39,201,33.0
39,202,33.0
39,203,32.0
39,204,32.0
39,205,32.0
39,206,32.0
39,207,32.0
39,208,32.0
39,209,32.0
39,210,32.0
39,211,32.0
39,212,32.0
39,213,33.0
39,214,33.0
39,215,33.0
39,216,34.0
39,217,34.0
39,218,35.0
39,219,36.0
39,220,36.0
39,221,37.0
39,222,37.0
39,223,38.0
39,224,38.0
39,225,38.0
39,260,132.0
39,261,132.0
39,262,132.0
39,263,132.0
39,264,132.0
39,265,79.0
39,266,0.0
39,267,0.0
39,268,0.0
39,269,0.0
39,270,-0.0
39,271,-1.0
39,272,-1.0
39,273,-2.0
39,274,-2.0
39,275,-2.0
39,276,-2.0
39,277,-3.0
39,278,-3.0
39,279,-3.0
39,280,-3.0
39,281,-4.0
39,282,-4.0
39,283,-4.0
39,284,-4.0
39,285,-4.0
39,286,-3.0
39,287,-3.0
39,288,-3.0
39,289,-3.0
39,290,-3.0
39,291,-3.0
39,292,-3.0
39,293,-2.0
39,294,-2.0
39,295,-1.0
39,296,-1.0
39,297,-0.0
39,298,-0.0
39,299,0.0
39,300,1.0
39,301,2.0
39,309,103.0
39,310,103.0
39,313,66.0
39,314,66.0
39,315,29.0
39,316,29.0
39,317,30.0
39,318,31.0
39,319,32.0
39,320,32.0
39,321,33.0
39,322,33.0
39,323,34.0
39,324,34.0
39,325,34.0
39,326,34.0
39,331,49.0
39,332,48.0
39,333,33.0
39,334,33.0
39,335,32.0
39,336,32.0
39,337,32.0
39,338,31.0
39,339,31.0
39,340,31.0
39,341,31.0
39,342,31.0
39,343,30.0
39,344,30.0
39,345,31.0
39,346,31.0
39,347,32.0
40,43,116.0
40,44,119.0
40,45,119.0
40,55,129.0
40,57,128.0
40,58,128.0
40,59,128.0
40,60,144.0
40,61,124.0
40,62,152.0
40,63,143.0
40,64,135.0
40,65,113.0
40,66,121.0
40,67,107.0
40,68,104.0
40,69,100.0
40,70,97.0
40,71,94.0
40,72,91.0
40,73,89.0
40,74,86.0
40,75,82.0
40,76,79.0
40,77,77.0
40,78,73.0
40,79,70.0
40,80,67.0
40,81,64.0
40,82,61.0
40,83,58.0
40,84,54.0
40,85,53.0
40,86,49.0
40,87,46.0
40,88,43.0
40,89,41.0
40,90,38.0
40,91,34.0
40,92,32.0
40,93,29.0
40,94,26.0
40,95,22.0
40,96,18.0
40,97,16.0
40,98,14.0
40,99,11.0
40,100,9.0
40,101,9.0
40,102,9.0
40,103,9.0
40,104,9.0
40,105,9.0
40,106,7.0
40,107,1.0
40,108,2.0
40,109,1.0
40,110,1.0
40,111,-0.0
40,113,-0.0
40,114,-0.0
40,115,0.0
40,118,3.0
40,119,3.0
40,120,3.0
40,126,3.0
40,127,3.0
40,128,2.0
40,129,2.0
40,130,1.0
40,131,1.0
40,132,1.0
40,133,0.0
40,134,0.0
40,135,0.0
40,137,1.0
40,138,1.0
40,139,1.0
40,140,1.0
40,142,11.0
40,143,1.0
40,144,7.0
40,145,9.0
40,146,28.0
40,147,11.0
40,148,110.0
40,150,81.0
40,151,64.0
40,152,64.0
40,155,108.0
40,156,108.0
40,157,108.0
40,158,108.0
40,159,108.0
40,160,33.0
40,161,33.0
40,162,33.0
40,163,33.0
40,164,33.0
40,166,34.0
40,196,37.0
40,197,36.0
40,198,35.0
40,199,34.0
40,200,33.0
40,201,33.0
40,202,33.0
40,203,33.0
40,204,32.0
40,205,32.0
40,206,32.0
40,207,32.0
40,208,32.0
40,209,32.0
40,210,32.0
40,211,32.0
40,212,32.0
40,213,76.0
40,214,71.0
40,215,71.0
40,216,34.0
40,217,35.0
40,218,36.0
40,219,36.0
40,220,38.0
40,221,38.0
40,222,38.0
40,223,38.0
40,224,39.0
40,225,39.0
40,260,132.0
40,261,132.0
40,262,132.0
40,263,132.0
40,264,132.0
40,265,79.0
40,266,0.0
40,267,0.0
40,268,0.0
40,269,0.0
40,270,-0.0
40,271,-1.0
40,272,-1.0
40,273,-1.0
40,274,-2.0
40,275,-2.0
40,276,-2.0
40,277,-3.0
40,278,-3.0
40,279,-3.0
40,280,-4.0
40,281,-4.0
40,282,-4.0
40,283,-5.0
40,284,-4.0
40,285,-4.0
40,286,-3.0
40,287,-3.0
40,288,-3.0
40,289,-3.0
40,290,-3.0
40,291,-3.0
40,292,-2.0
40,293,-2.0
40,294,-1.0
40,295,-1.0
40,296,-1.0
40,297,0.0
40,298,1.0
40,299,1.0
40,300,2.0
40,301,3.0
40,302,103.0
40,303,103.0
40,304,103.0
40,305,103.0
40,309,103.0
40,310,103.0
40,311,103.0
40,313,66.0
40,314,66.0
40,315,29.0
40,316,30.0
40,317,31.0
40,318,31.0
40,319,32.0
40,320,32.0
40,321,33.0
40,322,33.0
40,323,34.0
40,324,34.0
40,325,34.0
40,326,34.0
40,332,83.0
40,333,78.0
40,334,33.0
40,335,32.0
40,336,32.0
40,337,32.0
40,338,32.0
40,339,32.0
40,340,31.0
40,341,31.0
40,342,31.0
40,343,30.0
40,344,30.0
40,345,30.0
40,346,31.0
40,347,32.0
41,25,129.0
41,27,129.0
41,40,116.0
41,42,116.0
41,43,116.0
41,44,118.0
41,53,129.0
41,54,129.0
41,55,129.0
41,56,129.0
41,57,128.0
41,58,128.0
41,59,132.0
41,60,128.0
41,61,137.0
41,62,154.0
41,63,143.0
41,64,130.0
41,65,115.0
41,66,109.0
41,67,106.0
41,68,103.0
41,69,100.0
41,70,97.0
41,71,94.0
41,72,92.0
41,73,88.0
41,74,85.0
41,75,82.0
41,76,80.0
41,77,77.0
41,78,74.0
41,79,71.0
41,80,68.0
41,81,65.0
41,82,61.0
41,83,58.0
41,84,56.0
41,85,53.0
41,86,49.0
41,87,47.0
41,88,43.0
41,89,41.0
41,90,38.0
41,91,34.0
41,92,30.0
41,93,28.0
41,94,26.0
41,95,22.0
41,96,18.0
41,97,17.0
41,98,14.0
41,99,11.0
41,100,9.0
41,101,9.0
41,102,9.0
41,103,9.0
41,104,9.0
41,105,9.0
41,106,7.0
41,107,3.0
41,108,2.0
41,109,2.0
41,110,1.0
41,111,1.0
41,112,0.0
41,113,-0.0
41,114,-0.0
41,115,0.0
41,116,2.0
41,117,2.0
41,118,27.0
41,119,3.0
41,120,3.0
41,121,2.0
41,126,2.0
41,131,1.0
41,132,0.0
41,133,0.0
41,134,0.0
41,135,0.0
41,136,0.0
41,137,0.0
41,138,0.0
41,139,0.0
41,140,1.0
41,141,1.0
41,142,1.0
41,143,2.0
41,144,6.0
41,146,9.0
41,147,11.0
41,149,105.0
41,150,74.0
41,151,64.0
41,152,64.0
41,153,108.0
41,154,108.0
41,155,108.0
41,156,108.0
41,158,108.0
41,159,108.0
41,160,32.0
41,161,33.0
41,162,33.0
41,163,33.0
41,164,33.0
41,165,33.0
41,166,34.0
41,191,41.0
41,192,40.0
41,193,40.0
41,194,39.0
41,195,39.0
41,196,38.0
41,197,37.0
41,198,36.0
41,199,34.0
41,200,34.0
41,201,33.0
41,202,33.0
41,203,33.0
41,204,33.0
41,205,33.0
41,206,32.0
41,207,32.0
41,208,32.0
41,209,32.0
41,210,32.0
41,211,32.0
41,212,70.0
41,213,78.0
41,214,71.0
41,215,80.0
41,216,74.0
41,217,36.0
41,218,36.0
41,219,37.0
41,220,38.0
41,221,38.0
41,222,39.0
41,223,39.0
41,224,40.0
41,225,40.0
41,260,132.0
41,261,132.0
41,262,132.0
41,263,132.0
41,264,132.0
41,265,79.0
41,266,0.0
41,267,0.0
41,268,0.0
41,269,-0.0
41,270,-0.0
41,271,-1.0
41,272,-1.0
41,273,-1.0
41,274,-2.0
41,275,-2.0
41,276,-3.0
41,277,-3.0
41,278,-3.0
41,279,-3.0
41,280,-4.0
41,281,-4.0
41,282,-5.0
41,283,-5.0
41,284,-5.0
41,285,-4.0
41,286,-4.0
41,287,-4.0
41,288,-4.0
41,289,-3.0
41,290,-3.0
41,291,-2.0
41,292,-2.0
41,293,-1.0
41,294,-1.0
41,295,-1.0
41,296,-0.0
41,297,0.0
41,298,1.0
41,299,2.0
41,300,2.0
41,301,4.0
41,302,103.0
41,303,103.0
41,304,103.0
41,305,103.0
41,306,103.0
41,307,103.0
41,308,103.0
41,309,103.0
41,310,103.0
41,311,103.0
41,313,66.0
41,314,66.0
41,315,31.0
41,316,31.0
41,317,31.0
41,318,32.0
41,319,32.0
41,320,32.0
41,321,33.0
41,322,33.0
41,323,34.0
41,324,34.0
41,325,34.0
41,326,34.0
41,332,77.0
41,333,78.0
41,334,33.0
41,335,33.0
41,336,33.0
41,337,32.0
41,338,32.0
41,339,32.0
41,340,32.0
41,341,31.0
41,342,31.0
41,343,68.0
41,344,30.0
41,345,31.0
41,346,31.0
41,347,32.0
42,24,129.0
42,28,129.0
42,29,129.0
42,30,129.0
42,38,116.0
42,39,116.0
42,42,116.0
42,43,117.0
42,45,120.0
42,47,120.0
42,51,129.0
42,52,129.0
42,53,129.0
42,54,129.0
42,55,129.0
42,56,129.0
42,57,128.0
42,58,128.0
42,59,150.0
42,60,128.0
42,61,161.0
42,62,155.0
42,63,133.0
42,64,116.0
42,65,113.0
42,66,109.0
42,67,106.0
42,68,103.0
42,69,101.0
42,70,98.0
42,71,95.0
42,72,92.0
42,73,88.0
42,74,86.0
42,75,83.0
42,76,81.0
42,77,77.0
42,78,74.0
42,79,71.0
42,80,68.0
42,81,65.0
42,82,62.0
42,83,57.0
42,84,55.0
42,85,53.0
42,86,50.0
42,87,46.0
42,88,43.0
42,89,40.0
42,90,37.0
42,91,34.0
42,92,31.0
42,93,28.0
42,94,26.0
42,95,23.0
42,96,19.0
42,97,16.0
42,98,14.0
42,99,11.0
42,100,8.0
42,101,9.0
42,102,9.0
42,103,9.0
42,104,9.0
42,105,9.0
42,106,9.0
42,107,3.0
42,108,3.0
42,109,2.0
42,110,2.0
42,111,1.0
42,112,1.0
42,113,0.0
42,114,0.0
42,115,0.0
42,116,1.0
42,117,2.0
42,118,2.0
42,119,2.0
42,120,2.0
42,121,2.0
42,122,1.0
42,123,1.0
42,124,1.0
42,125,1.0
42,126,1.0
42,127,1.0
42,128,1.0
42,129,1.0
42,130,1.0
42,131,0.0
42,132,0.0
42,133,0.0
42,134,0.0
42,135,0.0
42,136,0.0
42,137,1.0
42,138,1.0
42,139,1.0
42,140,1.0
42,141,1.0
42,142,1.0
42,143,1.0
42,144,4.0
42,145,9.0
42,147,28.0
42,150,85.0
42,151,66.0
42,152,64.0
42,155,108.0
42,156,108.0
42,159,108.0
42,160,32.0
42,161,32.0
42,162,32.0
42,163,32.0
42,164,33.0
42,166,34.0
42,191,41.0
42,192,40.0
42,193,40.0
42,194,39.0
42,195,39.0
42,196,38.0
42,197,37.0
42,198,36.0
42,199,35.0
42,200,34.0
42,201,34.0
42,202,33.0
42,203,33.0
42,204,33.0
42,205,33.0
42,206,32.0
42,207,32.0
42,208,32.0
42,209,32.0
42,210,32.0
42,211,70.0
42,212,71.0
42,213,71.0
42,214,78.0
42,215,71.0
42,216,70.0
42,217,70.0
42,218,75.0
42,219,37.0
42,220,38.0
42,221,39.0
42,222,39.0
42,223,40.0
42,224,41.0
42,225,41.0
42,260,132.0
42,261,132.0
42,262,132.0
42,263,132.0
42,264,132.0
42,265,132.0
42,266,0.0
42,267,0.0
42,268,0.0
42,269,-0.0
42,270,-0.0
42,271,-1.0
42,272,-1.0
42,273,-1.0
42,274,-2.0
42,275,-2.0
42,276,-2.0
42,277,-3.0
42,278,-3.0
42,279,-4.0
42,280,-4.0
42,281,-4.0
42,282,-5.0
42,283,-5.0
42,284,-4.0
42,285,-4.0
42,286,-4.0
42,287,-4.0
42,288,-3.0
42,289,-3.0
42,290,-2.0
42,291,-2.0
42,292,-2.0
42,293,-1.0
42,294,-1.0
42,295,-0.0
42,296,-0.0
42,297,1.0
42,298,1.0
42,299,2.0
42,300,3.0
42,301,4.0
42,302,137.0
42,303,123.0
42,304,103.0
42,305,107.0
42,306,103.0
42,307,103.0
42,308,103.0
42,309,103.0
42,310,103.0
42,311,103.0
42,312,103.0
42,313,66.0
42,314,66.0
42,315,31.0
42,316,31.0
42,317,31.0
42,318,32.0
42,319,32.0
42,320,32.0
42,321,32.0
42,322,33.0
42,323,33.0
42,324,33.0
42,325,33.0
42,326,34.0
42,331,77.0
42,332,103.0
42,333,85.0
42,334,33.0
42,335,33.0
42,336,33.0
42,337,32.0
42,338,32.0
42,339,32.0
42,340,32.0
42,341,32.0
42,342,32.0
42,343,70.0
42,344,30.0
42,345,31.0
42,346,31.0
42,347,32.0
43,24,129.0
43,32,123.0
43,33,120.0
43,34,119.0
43,35,119.0
43,37,117.0
43,41,116.0
43,42,116.0
43,48,121.0
43,49,127.0
43,50,128.0
43,51,128.0
43,52,129.0
43,53,129.0
43,54,129.0
43,55,129.0
43,56,129.0
43,57,151.0
43,58,128.0
43,59,161.0
43,60,162.0
43,61,158.0
43,62,121.0
43,63,160.0
43,64,161.0
43,65,126.0
43,66,110.0
43,67,138.0
43,68,103.0
43,69,101.0
43,70,97.0
43,71,95.0
43,72,91.0
43,73,88.0
43,74,85.0
43,75,83.0
43,76,80.0
43,77,78.0
43,78,74.0
43,79,72.0
43,80,68.0
43,81,65.0
43,82,62.0
43,83,58.0
43,84,56.0
43,85,52.0
43,86,49.0
43,87,46.0
43,88,43.0
43,89,41.0
43,90,38.0
43,91,34.0
43,92,31.0
43,93,28.0
43,94,25.0
43,95,23.0
43,96,20.0
43,97,16.0
43,98,13.0
43,99,11.0
43,100,8.0
43,101,8.0
43,102,9.0
43,103,9.0
43,104,9.0
43,105,9.0
43,106,8.0
43,107,5.0
43,108,3.0
43,109,2.0
43,110,2.0
43,111,2.0
43,112,1.0
43,113,0.0
43,114,0.0
43,115,0.0
43,116,1.0
43,117,2.0
43,118,2.0
43,119,2.0
43,120,2.0
43,121,1.0
43,122,1.0
43,123,1.0
43,124,0.0
43,125,-0.0
43,126,-0.0
43,127,-0.0
43,128,-0.0
43,129,0.0
43,130,0.0
43,131,0.0
43,132,0.0
43,133,0.0
43,134,0.0
43,135,0.0
43,138,1.0
43,139,1.0
43,140,1.0
43,141,1.0
43,142,1.0
43,143,2.0
43,144,5.0
43,145,48.0
43,146,26.0
43,147,11.0
43,148,16.0
43,150,73.0
43,151,64.0
43,152,64.0
43,155,116.0
43,158,32.0
43,159,32.0
43,160,32.0
43,161,32.0
43,162,32.0
43,163,32.0
43,164,32.0
43,166,34.0
43,191,41.0
43,192,40.0
43,193,40.0
43,194,40.0
43,195,39.0
43,196,38.0
43,197,37.0
43,198,36.0
43,199,35.0
43,200,34.0
43,201,34.0
43,202,33.0
43,203,33.0
43,204,33.0
43,205,33.0
43,206,32.0
43,207,32.0
43,208,32.0
43,209,32.0
43,210,32.0
43,211,83.0
43,212,71.0
43,213,71.0
43,214,71.0
43,215,71.0
43,216,70.0
43,217,71.0
43,218,71.0
43,219,89.0
43,220,39.0
43,221,39.0
43,222,40.0
43,223,40.0
43,224,41.0
43,225,41.0
43,260,132.0
43,261,132.0
43,262,132.0
43,263,132.0
43,264,132.0
43,265,129.0
43,266,0.0
43,267,0.0
43,268,0.0
43,269,-0.0
43,270,-0.0
43,271,-1.0
43,272,-1.0
43,273,-2.0
43,274,-2.0
43,275,-2.0
43,276,-2.0
43,277,-3.0
43,278,-3.0
43,279,-4.0
43,280,-4.0
43,281,-4.0
43,282,-5.0
43,283,-5.0
43,284,-4.0
43,285,-4.0
43,286,-4.0
43,287,-3.0
43,288,-3.0
43,289,-2.0
43,290,-2.0
43,291,-1.0
43,292,-1.0
43,293,-1.0
43,294,-1.0
43,295,-0.0
43,296,-0.0
43,297,0.0
43,298,1.0
43,299,2.0
43,300,3.0
43,301,4.0
43,302,121.0
43,304,103.0
43,308,103.0
43,309,103.0
43,310,103.0
43,311,103.0
43,312,111.0
43,313,66.0
43,314,66.0
43,315,31.0
43,316,31.0
43,317,31.0
43,318,32.0
43,319,32.0
43,320,32.0
43,321,32.0
43,322,33.0
43,323,33.0
43,324,33.0
43,325,37.0
43,326,46.0
43,331,93.0
43,332,80.0
43,334,33.0
43,335,33.0
43,336,33.0
43,337,33.0
43,338,32.0
43,339,32.0
43,340,32.0
43,341,32.0
43,342,77.0
43,343,82.0
43,344,31.0
43,345,31.0
43,346,31.0
43,347,32.0
44,24,129.0
44,40,116.0
44,41,116.0
44,42,116.0
44,48,125.0
44,49,129.0
44,51,129.0
44,52,129.0
44,57,173.0
44,58,165.0
44,59,163.0
44,60,164.0
44,61,166.0
44,62,160.0
44,63,160.0
44,64,169.0
44,66,189.0
44,67,160.0
44,68,160.0
44,69,160.0
44,74,160.0
44,75,160.0
44,76,160.0
44,77,160.0
44,83,173.0
44,95,160.0
44,102,9.0
44,103,9.0
44,104,9.0
44,105,9.0
44,106,7.0
44,107,4.0
44,108,3.0
44,109,3.0
44,110,2.0
44,111,2.0
44,112,1.0
44,113,1.0
44,114,0.0
44,115,0.0
44,116,1.0
44,117,1.0
44,118,1.0
44,119,1.0
44,120,1.0
44,121,1.0
44,122,0.0
44,123,0.0
44,124,0.0
44,125,-0.0
44,126,-0.0
44,127,-0.0
44,128,-0.0
44,129,-0.0
44,130,-0.0
44,131,-0.0
44,132,-0.0
44,133,-0.0
44,134,0.0
44,135,1.0
44,136,1.0
44,137,1.0
44,138,1.0
44,139,1.0
44,140,1.0
44,141,1.0
44,142,1.0
44,143,1.0
44,144,4.0
44,146,54.0
44,147,9.0
44,148,60.0
44,149,27.0
44,150,71.0
44,151,76.0
44,152,64.0
44,154,88.0
44,155,118.0
44,158,32.0
44,159,32.0
44,160,32.0
44,162,32.0
44,165,32.0
44,166,34.0
44,191,41.0
44,192,40.0
44,193,40.0
44,194,39.0
44,195,39.0
44,196,38.0
44,197,37.0
44,198,36.0
44,199,35.0
44,200,34.0
44,201,34.0
44,202,33.0
44,203,33.0
44,204,33.0
44,205,33.0
44,206,32.0
44,207,32.0
44,208,32.0
44,209,32.0
44,210,32.0
44,211,83.0
44,212,71.0
44,213,71.0
44,214,71.0
44,215,71.0
44,216,71.0
44,217,71.0
44,218,71.0
44,219,90.0
44,220,57.0
44,221,40.0
44,222,40.0
44,223,41.0
44,224,42.0
44,225,42.0
44,260,132.0
44,261,132.0
44,262,132.0
44,263,132.0
44,264,132.0
44,265,81.0
44,266,0.0
44,267,0.0
44,268,0.0
44,269,-0.0
44,270,-1.0
44,271,-2.0
44,272,-2.0
44,273,-2.0
44,274,-2.0
44,275,-2.0
44,276,-2.0
44,277,-3.0
44,278,-3.0
44,279,-4.0
44,280,-4.0
44,281,-4.0
44,282,-5.0
44,283,-5.0
44,284,-4.0
44,285,-4.0
44,286,-3.0
44,287,-3.0
44,288,-2.0
44,289,-2.0
44,290,-2.0
44,291,-1.0
44,292,-1.0
44,293,-1.0
44,294,-1.0
44,295,-0.0
44,296,-0.0
44,297,0.0
44,298,1.0
44,299,2.0
44,300,3.0
44,301,13.0
44,302,103.0
44,303,104.0
44,304,103.0
44,305,103.0
44,306,103.0
44,307,103.0
44,308,103.0
44,309,103.0
44,310,103.0
44,311,103.0
44,312,108.0
44,313,66.0
44,314,66.0
44,315,31.0
44,316,31.0
44,317,31.0
44,318,32.0
44,319,32.0
44,320,32.0
44,321,32.0
44,322,32.0
44,323,32.0
44,324,32.0
44,325,32.0
44,326,33.0
44,327,32.0
44,328,137.0
44,329,107.0
44,330,107.0
44,331,110.0
44,334,33.0
44,335,33.0
44,336,33.0
44,337,33.0
44,338,33.0
44,339,33.0
44,340,88.0
44,341,81.0
44,342,80.0
44,343,38.0
44,344,32.0
44,345,31.0
44,346,32.0
44,347,32.0
45,25,129.0
45,39,116.0
45,40,116.0
45,41,116.0
45,47,121.0
45,48,126.0
45,49,129.0
45,50,129.0
45,51,129.0
45,52,129.0
45,57,185.0
45,58,167.0
45,59,161.0
45,60,167.0
45,61,160.0
45,63,160.0
45,65,195.0
45,68,160.0
45,69,160.0
45,77,160.0
45,78,160.0
45,79,160.0
45,83,182.0
45,94,160.0
45,102,8.0
45,103,9.0
45,104,113.0
45,105,9.0
45,106,8.0
45,109,3.0
45,110,2.0
45,111,2.0
45,112,1.0
45,113,1.0
45,114,0.0
45,115,0.0
45,116,1.0
45,117,1.0
45,118,1.0
45,119,1.0
45,120,1.0
45,121,1.0
45,122,-0.0
45,123,-0.0
45,124,-0.0
45,125,-0.0
45,126,-0.0
45,127,-0.0
45,128,-0.0
45,129,-0.0
45,130,-0.0
45,131,-0.0
45,132,-0.0
45,133,-0.0
45,134,0.0
45,135,1.0
45,136,1.0
45,139,1.0
45,140,1.0
45,141,1.0
45,142,1.0
45,143,1.0
45,144,6.0
45,145,9.0
45,146,9.0
45,147,9.0
45,148,72.0
45,149,40.0
45,151,83.0
45,152,68.0
45,153,79.0
45,154,75.0
45,155,79.0
45,156,73.0
45,157,32.0
45,159,32.0
45,161,32.0
45,162,32.0
45,165,32.0
45,166,34.0
45,191,40.0
45,192,40.0
45,193,40.0
45,194,39.0
45,195,39.0
45,196,38.0
45,197,37.0
45,198,36.0
45,199,35.0
45,200,34.0
45,201,34.0
45,202,33.0
45,203,33.0
45,204,33.0
45,205,32.0
45,206,32.0
45,207,32.0
45,208,32.0
45,209,32.0
45,210,43.0
45,211,73.0
45,212,71.0
45,213,71.0
45,214,71.0
45,215,70.0
45,216,71.0
45,217,71.0
45,218,71.0
45,219,71.0
45,220,44.0
45,221,40.0
45,222,41.0
45,223,41.0
45,224,42.0
45,225,42.0
45,260,132.0
45,261,132.0
45,262,132.0
45,263,132.0
45,264,132.0
45,265,92.0
45,266,0.0
45,267,0.0
45,268,0.0
45,269,-0.0
45,270,-2.0
45,271,-2.0
45,272,-3.0
45,273,-3.0
45,274,-3.0
45,275,-3.0
45,276,-3.0
45,277,-3.0
45,278,-3.0
45,279,-4.0
45,280,-4.0
45,281,-5.0
45,282,-5.0
45,283,-4.0
45,284,-4.0
45,285,-4.0
45,286,-3.0
45,287,-3.0
45,288,-2.0
45,289,-2.0
45,290,-2.0
45,291,-1.0
45,292,-1.0
45,293,-1.0
45,294,-0.0
45,295,-0.0
45,296,-0.0
45,297,-0.0
45,298,0.0
45,299,1.0
45,300,2.0
45,301,3.0
45,302,155.0
45,303,148.0
45,305,103.0
45,306,103.0
45,307,118.0
45,308,103.0
45,309,103.0
45,310,103.0
45,311,103.0
45,312,103.0
45,313,66.0
45,314,66.0
45,315,31.0
45,316,31.0
45,317,31.0
45,318,31.0
45,319,32.0
45,320,32.0
45,321,32.0
45,322,32.0
45,323,38.0
45,324,32.0
45,325,32.0
45,326,41.0
45,327,32.0
45,328,32.0
45,329,32.0
45,330,32.0
45,331,32.0
45,332,32.0
45,333,33.0
45,334,33.0
45,335,33.0
45,336,33.0
45,337,33.0
45,338,33.0
45,339,81.0
45,340,82.0
45,341,77.0
45,342,81.0
45,343,32.0
45,344,32.0
45,345,32.0
45,346,33.0
45,347,33.0
46,25,129.0
46,38,115.0
46,40,116.0
46,46,120.0
46,48,124.0
46,49,129.0
46,50,129.0
46,52,129.0
46,56,160.0
46,57,173.0
46,58,160.0
46,59,160.0
46,60,166.0
46,61,160.0
46,63,160.0
46,64,195.0
46,80,160.0
46,81,164.0
46,82,189.0
46,93,162.0
46,102,8.0
46,104,9.0
46,106,8.0
46,107,5.0
46,108,3.0
46,113,32.0
46,114,0.0
46,115,0.0
46,116,1.0
46,117,1.0
46,118,1.0
46,119,1.0
46,120,1.0
46,121,0.0
46,122,-0.0
46,123,-0.0
46,124,-0.0
46,125,-0.0
46,126,-0.0
46,127,-0.0
46,128,-0.0
46,129,-0.0
46,130,-0.0
46,131,-0.0
46,132,-0.0
46,133,-0.0
46,134,0.0
46,135,1.0
46,136,1.0
46,137,1.0
46,138,1.0
46,139,1.0
46,140,1.0
46,141,1.0
46,142,1.0
46,143,19.0
46,145,8.0
46,146,9.0
46,147,11.0
46,148,19.0
46,149,23.0
46,150,77.0
46,151,86.0
46,152,64.0
46,153,85.0
46,154,86.0
46,157,32.0
46,158,32.0
46,161,32.0
46,162,32.0
46,165,32.0
46,191,40.0
46,192,39.0
46,193,40.0
46,194,39.0
46,195,39.0
46,196,38.0
46,197,37.0
46,198,36.0
46,199,35.0
46,200,34.0
46,201,33.0
46,202,33.0
46,203,33.0
46,204,32.0
46,205,32.0
46,206,32.0
46,207,32.0
46,208,32.0
46,209,32.0
46,210,61.0
46,211,82.0
46,212,70.0
46,213,70.0
46,214,70.0
46,215,71.0
46,218,71.0
46,219,71.0
46,220,40.0
46,221,40.0
46,222,41.0
46,223,42.0
46,224,43.0
46,225,43.0
46,260,132.0
46,261,132.0
46,262,132.0
46,263,132.0
46,264,132.0
46,265,132.0
46,266,0.0
46,267,0.0
46,268,-0.0
46,269,-1.0
46,270,-2.0
46,271,-3.0
46,272,-3.0
46,273,-3.0
46,274,-3.0
46,275,-3.0
46,276,-3.0
46,277,-3.0
46,278,-3.0
46,279,-4.0
46,280,-4.0
46,281,-5.0
46,282,-5.0
46,283,-4.0
46,284,-4.0
46,285,-4.0
46,286,-3.0
46,287,-3.0
46,288,-2.0
46,289,-2.0
46,290,-2.0
46,291,-1.0
46,292,-1.0
46,293,-1.0
46,294,-1.0
46,295,-0.0
46,296,-0.0
46,297,-0.0
46,298,-0.0
46,299,0.0
46,300,1.0
46,301,3.0
46,304,138.0
46,305,125.0
46,306,109.0
46,307,103.0
46,308,103.0
46,309,103.0
46,310,103.0
46,311,103.0
46,312,118.0
46,313,66.0
46,314,66.0
46,315,31.0
46,316,31.0
46,317,31.0
46,318,31.0
46,319,31.0
46,320,31.0
46,321,32.0
46,322,32.0
46,323,45.0
46,324,32.0
46,325,39.0
46,326,32.0
46,327,32.0
46,328,32.0
46,329,32.0
46,330,32.0
46,331,32.0
46,332,32.0
46,333,33.0
46,334,33.0
46,335,33.0
46,336,33.0
46,337,33.0
46,338,33.0
46,339,83.0
46,340,88.0
46,341,77.0
46,342,81.0
46,343,33.0
46,344,33.0
46,345,33.0
46,346,34.0
46,347,64.0
47,26,129.0
47,37,116.0
47,38,116.0
47,40,116.0
47,41,115.0
47,44,119.0
47,45,120.0
47,47,120.0
47,48,127.0
47,49,129.0
47,50,129.0
47,51,129.0
47,52,129.0
47,55,160.0
47,56,160.0
47,57,160.0
47,58,160.0
47,59,161.0
47,60,160.0
47,61,160.0
47,63,176.0
47,81,193.0
47,82,164.0
47,92,164.0
47,102,22.0
47,104,69.0
47,106,53.0
47,107,4.0
47,109,3.0
47,110,2.0
47,111,2.0
47,112,18.0
47,116,1.0
47,118,1.0
47,119,1.0
47,120,1.0
47,121,0.0
47,122,-0.0
47,123,0.0
47,124,0.0
47,125,0.0
47,126,0.0
47,127,0.0
47,128,0.0
47,129,-0.0
47,130,-0.0
47,131,-0.0
47,132,-0.0
47,133,-0.0
47,134,0.0
47,135,1.0
47,136,1.0
47,137,1.0
47,138,1.0
47,139,1.0
47,140,1.0
47,141,1.0
47,142,1.0
47,143,2.0
47,144,2.0
47,145,3.0
47,146,5.0
47,147,10.0
47,148,18.0
47,149,27.0
47,150,33.0
47,151,34.0
47,152,34.0
47,153,81.0
47,154,82.0
47,155,83.0
47,156,32.0
47,157,32.0
47,158,32.0
47,159,32.0
47,160,32.0
47,161,32.0
47,162,32.0
47,164,32.0
47,165,32.0
47,191,39.0
47,192,39.0
47,198,35.0
47,199,34.0
47,200,33.0
47,201,33.0
47,202,33.0
47,203,32.0
47,204,32.0
47,205,32.0
47,206,32.0
47,207,32.0
47,208,32.0
47,209,32.0
47,210,32.0
47,211,67.0
47,212,65.0
47,219,86.0
47,220,40.0
47,221,41.0
47,222,41.0
47,223,42.0
47,224,43.0
47,225,44.0
47,260,3.0
47,261,3.0
47,262,2.0
47,263,1.0
47,264,0.0
47,265,0.0
47,266,0.0
47,267,-0.0
47,268,-0.0
47,269,-1.0
47,270,-3.0
47,271,-4.0
47,272,-3.0
47,273,-3.0
47,274,-3.0
47,275,-3.0
47,276,-3.0
47,277,-3.0
47,278,-4.0
47,279,-4.0
47,280,-4.0
47,281,-5.0
47,282,-5.0
47,283,-5.0
47,284,-4.0
47,285,-4.0
47,286,-3.0
47,287,-3.0
47,288,-3.0
47,289,-2.0
47,290,-2.0
47,291,-1.0
47,292,-1.0
47,293,-1.0
47,294,-1.0
47,295,-1.0
47,296,-0.0
47,297,-0.0
47,298,-0.0
47,299,0.0
47,300,1.0
47,301,3.0
47,302,142.0
47,303,130.0
47,307,103.0
47,308,103.0
47,309,103.0
47,310,103.0
47,311,114.0
47,312,110.0
47,313,66.0
47,314,66.0
47,315,32.0
47,316,32.0
47,317,32.0
47,318,32.0
47,319,32.0
47,320,32.0
47,321,64.0
47,322,32.0
47,323,34.0
47,324,33.0
47,325,66.0
47,326,33.0
47,327,33.0
47,328,33.0
47,329,32.0
47,330,32.0
47,331,33.0
47,332,33.0
47,333,33.0
47,334,33.0
47,335,34.0
47,336,34.0
47,337,34.0
47,338,34.0
47,339,86.0
47,340,102.0
47,341,77.0
47,342,77.0
47,343,33.0
47,344,33.0
47,345,34.0
47,346,35.0
47,347,66.0
48,26,129.0
48,37,117.0
48,41,115.0
48,44,118.0
48,46,120.0
48,47,120.0
48,48,125.0
48,49,129.0
48,52,129.0
48,53,129.0
48,54,160.0
48,55,160.0
48,56,160.0
48,57,160.0
48,58,160.0
48,59,160.0
48,60,160.0
48,61,160.0
48,62,160.0
48,63,185.0
48,83,164.0
48,91,164.0
48,103,141.0
48,104,9.0
48,105,117.0
48,107,4.0
48,108,2.0
48,111,1.0
48,112,1.0
48,113,0.0
48,117,1.0
48,118,0.0
48,119,0.0
48,120,1.0
48,121,0.0
48,122,-0.0
48,123,0.0
48,124,0.0
48,125,0.0
48,126,0.0
48,127,0.0
48,128,0.0
48,129,0.0
48,130,-0.0
48,131,-0.0
48,132,-1.0
48,133,-1.0
48,134,-0.0
48,135,0.0
48,136,1.0
48,137,1.0
48,138,1.0
48,139,1.0
48,140,1.0
48,141,1.0
48,142,1.0
48,143,1.0
48,144,2.0
48,145,13.0
48,146,3.0
48,147,9.0
48,148,18.0
48,149,26.0
48,150,31.0
48,151,34.0
48,152,34.0
48,153,34.0
48,154,34.0
48,155,33.0
48,156,32.0
48,157,32.0
48,158,32.0
48,159,48.0
48,160,32.0
48,161,32.0
48,162,32.0
48,163,32.0
48,164,32.0
48,165,32.0
48,191,38.0
48,192,38.0
48,198,34.0
48,199,33.0
48,200,33.0
48,201,32.0
48,202,32.0
48,203,32.0
48,204,32.0
48,205,32.0
48,206,31.0
48,207,32.0
48,208,32.0
48,209,32.0
48,210,39.0
48,211,32.0
48,212,62.0
48,213,34.0
48,219,69.0
48,220,40.0
48,221,41.0
48,222,42.0
48,223,43.0
48,224,44.0
48,225,44.0
48,260,3.0
48,261,3.0
48,262,2.0
48,263,1.0
48,264,1.0
48,265,0.0
48,266,-0.0
48,267,-0.0
48,268,-1.0
48,269,-2.0
48,270,-3.0
48,271,-4.0
48,272,-4.0
48,273,-3.0
48,274,-3.0
48,275,-3.0
48,276,-3.0
48,277,-3.0
48,278,-4.0
48,279,-4.0
48,280,-5.0
48,281,-5.0
48,282,-5.0
48,283,-5.0
48,284,-5.0
48,285,-4.0
48,286,-4.0
48,287,-3.0
48,288,-3.0
48,289,-3.0
48,290,-2.0
48,291,-2.0
48,292,-1.0
48,293,-1.0
48,294,-1.0
48,295,-1.0
48,296,-1.0
48,297,-0.0
48,298,-0.0
48,299,-0.0
48,300,1.0
48,301,2.0
48,305,115.0
48,306,103.0
48,307,103.0
48,308,103.0
48,309,117.0
48,310,103.0
48,311,116.0
48,312,117.0
48,313,66.0
48,314,66.0
48,315,66.0
48,316,66.0
48,317,66.0
48,318,74.0
48,319,66.0
48,320,84.0
48,321,66.0
48,322,66.0
48,323,66.0
48,324,66.0
48,325,66.0
48,326,85.0
48,327,87.0
48,328,73.0
48,329,83.0
48,330,69.0
48,331,66.0
48,332,66.0
48,333,70.0
48,334,80.0
48,335,84.0
48,336,75.0
48,337,73.0
48,338,80.0
48,339,82.0
48,340,77.0
48,341,77.0
48,342,77.0
48,343,78.0
48,344,87.0
48,345,73.0
48,346,66.0
48,347,66.0
49,27,129.0
49,36,117.0
49,41,115.0
49,43,117.0
49,44,118.0
49,45,119.0
49,46,120.0
49,47,120.0
49,48,124.0
49,50,129.0
49,53,160.0
49,54,129.0
49,55,144.0
49,56,160.0
49,57,160.0
49,58,206.0
49,59,160.0
49,60,160.0
49,61,159.0
49,62,176.0
49,80,193.0
49,84,164.0
49,85,164.0
49,91,164.0
49,102,86.0
49,103,144.0
49,104,70.0
49,107,1.0
49,109,2.0
49,110,24.0
49,111,10.0
49,112,1.0
49,113,0.0
49,114,0.0
49,115,0.0
49,116,0.0
49,117,0.0
49,118,0.0
49,119,0.0
49,120,0.0
49,121,0.0
49,122,-0.0
49,123,0.0
49,124,0.0
49,125,0.0
49,126,0.0
49,127,0.0
49,128,0.0
49,129,0.0
49,130,-0.0
49,131,-1.0
49,132,-1.0
49,133,-1.0
49,134,-1.0
49,135,0.0
49,136,1.0
49,137,1.0
49,138,1.0
49,139,1.0
49,140,1.0
49,141,1.0
49,142,1.0
49,143,1.0
49,144,1.0
49,145,2.0
49,146,3.0
49,147,11.0
49,148,16.0
49,149,24.0
49,150,33.0
49,151,34.0
49,152,34.0
49,153,34.0
49,154,52.0
49,155,33.0
49,156,32.0
49,157,32.0
49,158,32.0
49,159,32.0
49,160,32.0
49,161,32.0
49,162,52.0
49,163,32.0
49,164,32.0
49,165,32.0
49,166,32.0
49,191,38.0
49,192,38.0
49,198,34.0
49,199,33.0
49,200,32.0
49,201,32.0
49,202,32.0
49,203,32.0
49,204,31.0
49,205,31.0
49,206,31.0
49,207,32.0
49,208,32.0
49,209,32.0
49,210,32.0
49,211,32.0
49,212,34.0
49,213,34.0
49,219,39.0
49,220,40.0
49,221,41.0
49,222,42.0
49,223,43.0
49,224,44.0
49,225,44.0
49,260,3.0
49,261,2.0
49,262,2.0
49,263,1.0
49,264,0.0
49,265,0.0
49,266,-0.0
49,267,-1.0
49,268,-1.0
49,269,-2.0
49,270,-3.0
49,271,-3.0
49,272,-4.0
49,273,-4.0
49,274,-3.0
49,275,-3.0
49,276,-3.0
49,277,-3.0
49,278,-4.0
49,279,-5.0
49,280,-5.0
49,281,-5.0
49,282,-5.0
49,283,-5.0
49,284,-5.0
49,285,-4.0
49,286,-4.0
49,287,-4.0
49,288,-3.0
49,289,-3.0
49,290,-3.0
49,291,-2.0
49,292,-2.0
49,293,-1.0
49,294,-1.0
49,295,-1.0
49,296,-1.0
49,297,-1.0
49,298,-0.0
49,299,0.0
49,300,2.0
49,301,2.0
49,302,4.0
49,303,5.0
49,304,5.0
49,305,5.0
49,306,5.0
49,307,148.0
49,309,110.0
49,310,76.0
49,311,66.0
49,312,66.0
49,313,66.0
49,314,66.0
49,315,66.0
49,316,66.0
49,317,66.0
49,318,66.0
49,319,78.0
49,320,71.0
49,321,66.0
49,322,66.0
49,323,66.0
49,324,66.0
49,325,66.0
49,326,66.0
49,327,69.0
49,328,66.0
49,329,66.0
49,330,66.0
49,331,66.0
49,332,66.0
49,333,66.0
49,334,73.0
49,335,76.0
49,336,66.0
49,337,80.0
49,338,66.0
49,339,66.0
49,340,66.0
49,341,72.0
49,342,66.0
49,343,82.0
49,344,68.0
49,345,66.0
49,346,66.0
49,347,66.0
50,27,125.0
50,35,117.0
50,36,117.0
50,41,115.0
50,43,117.0
50,44,118.0
50,46,120.0
50,48,130.0
50,49,129.0
50,50,129.0
50,52,150.0
50,53,157.0
50,54,158.0
50,55,143.0
50,56,157.0
50,57,158.0
50,58,185.0
50,59,157.0
50,60,150.0
50,61,159.0
50,62,159.0
50,80,190.0
50,85,164.0
50,90,164.0
50,92,164.0
50,93,164.0
50,94,164.0
50,95,164.0
50,96,164.0
50,97,164.0
50,98,160.0
50,100,160.0
50,101,160.0
50,102,154.0
50,103,150.0
50,104,75.0
50,105,128.0
50,107,113.0
50,108,48.0
50,109,72.0
50,110,1.0
50,111,1.0
50,114,1.0
50,115,0.0
50,116,0.0
50,117,0.0
50,119,-0.0
50,120,-0.0
50,122,-0.0
50,123,-0.0
50,125,0.0
50,126,0.0
50,127,0.0
50,128,0.0
50,129,0.0
50,130,-0.0
50,131,-1.0
50,132,-1.0
50,133,-2.0
50,134,-1.0
50,135,-0.0
50,136,1.0
50,137,1.0
50,138,1.0
50,139,1.0
50,140,1.0
50,141,1.0
50,142,1.0
50,143,1.0
50,144,1.0
50,145,1.0
50,146,2.0
50,147,12.0
50,148,16.0
50,149,24.0
50,150,33.0
50,151,34.0
50,152,34.0
50,153,34.0
50,154,34.0
50,155,33.0
50,156,32.0
50,157,32.0
50,158,32.0
50,159,32.0
50,160,32.0
50,161,32.0
50,162,32.0
50,163,32.0
50,164,32.0
50,165,32.0
50,191,37.0
50,192,37.0
50,198,32.0
50,199,32.0
50,200,32.0
50,201,32.0
50,202,32.0
50,203,31.0
50,204,31.0
50,205,31.0
50,206,31.0
50,207,31.0
50,208,31.0
50,209,32.0
50,210,32.0
50,211,32.0
50,212,33.0
50,213,34.0
50,219,39.0
50,220,40.0
50,221,41.0
50,222,42.0
50,223,43.0
50,224,44.0
50,225,44.0
50,260,3.0
50,261,2.0
50,262,2.0
50,263,1.0
50,264,0.0
50,265,0.0
50,266,-0.0
50,267,-0.0
50,268,-1.0
50,269,-2.0
50,270,-2.0
50,271,-3.0
50,272,-4.0
50,273,-4.0
50,274,-4.0
50,275,-4.0
50,276,-4.0
50,277,-4.0
50,278,-5.0
50,279,-5.0
50,280,-5.0
50,281,-6.0
50,282,-6.0
50,283,-6.0
50,284,-5.0
50,285,-5.0
50,286,-4.0
50,287,-4.0
50,288,-4.0
50,289,-3.0
50,290,-3.0
50,291,-2.0
50,292,-2.0
50,293,-2.0
50,294,-2.0
50,295,-1.0
50,296,-1.0
50,297,-1.0
50,298,-1.0
50,299,-0.0
50,300,0.0
50,301,1.0
50,302,2.0
50,303,3.0
50,304,4.0
50,305,5.0
50,306,5.0
50,307,6.0
50,308,110.0
50,309,66.0
50,310,66.0
50,311,66.0
50,312,66.0
50,313,66.0
50,314,66.0
50,315,66.0
50,316,66.0
50,317,66.0
50,318,66.0
50,319,66.0
50,320,66.0
50,321,66.0
50,322,66.0
50,323,66.0
50,324,66.0
50,325,66.0
50,326,66.0
50,327,66.0
50,328,66.0
50,329,66.0
50,330,66.0
50,331,66.0
50,332,66.0
50,333,66.0
50,334,76.0
50,335,75.0
50,336,66.0
50,337,66.0
50,338,66.0
50,339,66.0
50,340,79.0
50,341,66.0
50,342,66.0
50,343,74.0
50,344,66.0
50,345,66.0
50,346,66.0
50,347,66.0
51,35,117.0
51,40,115.0
51,41,115.0
51,42,116.0
51,45,120.0
51,46,120.0
51,47,120.0
51,48,124.0
51,49,129.0
51,51,135.0
51,54,152.0
51,55,129.0
51,56,152.0
51,57,155.0
51,58,154.0
51,59,136.0
51,60,170.0
51,61,148.0
51,62,155.0
51,79,185.0
51,86,164.0
51,89,167.0
51,90,164.0
51,91,164.0
51,100,160.0
51,101,159.0
51,102,22.0
51,105,9.0
51,109,1.0
51,110,1.0
51,111,1.0
51,112,1.0
51,113,1.0
51,116,1.0
51,117,1.0
51,120,-0.0
51,121,-0.0
51,125,0.0
51,127,0.0
51,128,-0.0
51,129,-0.0
51,130,-1.0
51,131,-1.0
51,132,-2.0
51,133,-2.0
51,134,-1.0
51,135,-0.0
51,136,0.0
51,137,0.0
51,138,1.0
51,139,1.0
51,140,1.0
51,141,1.0
51,142,1.0
51,143,1.0
51,144,1.0
51,145,1.0
51,146,2.0
51,147,12.0
51,148,18.0
51,149,26.0
51,150,33.0
51,151,34.0
51,152,34.0
51,153,34.0
51,154,34.0
51,155,33.0
51,156,32.0
51,157,32.0
51,158,32.0
51,159,32.0
51,160,31.0
51,161,32.0
51,162,32.0
51,163,32.0
51,164,32.0
51,165,32.0
51,191,36.0
51,192,35.0
51,193,33.0
51,194,32.0
51,195,32.0
51,196,32.0
51,197,32.0
51,198,32.0
51,199,32.0
51,200,32.0
51,201,32.0
51,202,31.0
51,203,31.0
51,204,31.0
51,205,31.0
51,206,31.0
51,207,31.0
51,208,31.0
51,209,32.0
51,210,32.0
51,211,32.0
51,212,33.0
51,213,34.0
51,214,36.0
51,215,36.0
51,216,37.0
51,217,38.0
51,218,38.0
51,219,39.0
51,220,40.0
51,221,41.0
51,222,42.0
51,223,43.0
51,224,44.0
51,225,44.0
51,260,3.0
51,261,2.0
51,262,1.0
51,263,1.0
51,264,0.0
51,265,0.0
51,266,-0.0
51,267,-0.0
51,268,-1.0
51,269,-1.0
51,270,-2.0
51,271,-3.0
51,272,-4.0
51,273,-4.0
51,274,-5.0
51,275,-5.0
51,276,-5.0
51,277,-5.0
51,278,-5.0
51,279,-6.0
51,280,-6.0
51,281,-6.0
51,282,-6.0
51,283,-6.0
51,284,-6.0
51,285,-5.0
51,286,-5.0
51,287,-5.0
51,288,-4.0
51,289,-4.0
51,290,-3.0
51,291,-3.0
51,292,-3.0
51,293,-2.0
51,294,-2.0
51,295,-2.0
51,296,-2.0
51,297,-1.0
51,298,-1.0
51,299,-1.0
51,300,0.0
51,301,1.0
51,302,2.0
51,303,3.0
51,304,3.0
51,305,4.0
51,306,5.0
51,307,6.0
51,308,31.0
51,309,63.0
51,310,66.0
51,311,72.0
51,312,66.0
51,313,66.0
51,314,66.0
51,315,66.0
51,316,66.0
51,317,66.0
51,318,66.0
51,319,66.0
51,320,66.0
51,321,66.0
51,322,66.0
51,323,66.0
51,324,66.0
51,325,66.0
51,326,66.0
51,327,66.0
51,328,66.0
51,329,66.0
51,330,66.0
51,331,66.0
51,332,66.0
51,333,66.0
51,334,66.0
51,335,66.0
51,336,66.0
51,337,66.0
51,338,66.0
51,339,66.0
51,340,70.0
51,341,66.0
51,342,66.0
51,343,66.0
51,344,66.0
51,345,66.0
51,346,66.0
51,347,66.0
52,25,129.0
52,27,121.0
52,34,117.0
52,35,117.0
52,40,115.0
52,42,116.0
52,43,117.0
52,45,119.0
52,46,120.0
52,48,124.0
52,49,128.0
52,50,129.0
52,51,129.0
52,55,143.0
52,56,146.0
52,57,148.0
52,58,146.0
52,59,131.0
52,60,131.0
52,61,208.0
52,62,148.0
52,78,176.0
52,87,164.0
52,88,176.0
52,89,172.0
52,99,160.0
52,100,160.0
52,102,9.0
52,105,9.0
52,106,9.0
52,109,2.0
52,111,54.0
52,112,1.0
52,113,1.0
52,118,1.0
52,119,0.0
52,120,0.0
52,122,-1.0
52,123,-0.0
52,124,-0.0
52,125,-0.0
52,126,-0.0
52,127,-0.0
52,128,-0.0
52,129,-1.0
52,130,-1.0
52,131,-2.0
52,132,-2.0
52,133,-2.0
52,134,-1.0
52,135,-1.0
52,136,-0.0
52,137,0.0
52,138,0.0
52,139,1.0
52,140,1.0
52,141,1.0
52,142,1.0
52,143,1.0
52,144,1.0
52,145,1.0
52,146,2.0
52,147,7.0
52,148,16.0
52,149,26.0
52,150,33.0
52,151,34.0
52,152,34.0
52,153,34.0
52,154,34.0
52,155,33.0
52,156,32.0
52,157,32.0
52,158,32.0
52,159,32.0
52,160,31.0
52,161,32.0
52,162,32.0
52,163,32.0
52,164,32.0
52,165,32.0
52,166,32.0
52,167,32.0
52,168,32.0
52,169,32.0
52,170,32.0
52,171,33.0
52,172,33.0
52,173,33.0
52,174,33.0
52,175,33.0
52,176,33.0
52,177,34.0
52,178,34.0
52,179,34.0
52,180,34.0
52,181,34.0
52,182,34.0
52,183,34.0
52,184,34.0
52,185,34.0
52,186,34.0
52,187,34.0
52,188,35.0
52,189,34.0
52,190,34.0
52,191,34.0
52,192,34.0
52,193,33.0
52,194,32.0
52,195,32.0
52,196,32.0
52,197,32.0
52,198,32.0
52,199,32.0
52,200,32.0
52,201,32.0
52,202,31.0
52,203,31.0
52,204,31.0
52,205,31.0
52,206,31.0
52,207,31.0
52,208,31.0
52,209,31.0
52,210,32.0
52,211,32.0
52,212,33.0
52,213,34.0
52,214,35.0
52,215,36.0
52,216,37.0
52,217,38.0
52,218,38.0
52,219,39.0
52,220,40.0
52,221,41.0
52,222,42.0
52,223,43.0
52,224,44.0
52,225,44.0
52,244,3.0
52,245,3.0
52,246,3.0
52,247,3.0
52,248,3.0
52,249,3.0
52,250,3.0
52,251,3.0
52,252,4.0
52,253,4.0
52,254,5.0
52,255,6.0
52,256,6.0
52,257,5.0
52,258,5.0
52,259,3.0
52,260,3.0
52,261,2.0
52,262,1.0
52,263,1.0
52,264,0.0
52,265,0.0
52,266,-0.0
52,267,-0.0
52,268,-1.0
52,269,-1.0
52,270,-2.0
52,271,-3.0
52,272,-4.0
52,273,-4.0
52,274,-5.0
52,275,-5.0
52,276,-5.0
52,277,-6.0
52,278,-6.0
52,279,-6.0
52,280,-6.0
52,281,-6.0
52,282,-6.0
52,283,-6.0
52,284,-6.0
52,285,-6.0
52,286,-5.0
52,287,-5.0
52,288,-4.0
52,289,-4.0
52,290,-3.0
52,291,-3.0
52,292,-3.0
52,293,-3.0
52,294,-2.0
52,295,-2.0
52,296,-2.0
52,297,-2.0
52,298,-1.0
52,299,-1.0
52,300,-0.0
52,301,0.0
52,302,1.0
52,303,2.0
52,304,2.0
52,305,3.0
52,306,4.0
52,307,6.0
52,308,8.0
52,309,10.0
52,310,66.0
52,311,66.0
52,312,66.0
52,313,66.0
52,314,66.0
52,315,66.0
52,316,66.0
52,317,66.0
52,318,66.0
52,319,66.0
52,320,66.0
52,321,66.0
52,322,66.0
52,323,66.0
52,324,66.0
52,325,66.0
52,326,66.0
52,327,66.0
52,328,66.0
52,329,67.0
52,330,66.0
52,331,70.0
52,332,66.0
52,333,82.0
52,334,66.0
52,335,75.0
52,336,78.0
52,337,66.0
52,338,88.0
52,339,77.0
52,340,75.0
52,341,66.0
52,342,79.0
52,343,80.0
52,344,67.0
52,345,75.0
52,346,66.0
52,347,66.0
53,25,129.0
53,27,121.0
53,34,118.0
53,38,116.0
53,39,115.0
53,40,115.0
53,41,116.0
53,42,116.0
53,44,118.0
53,45,118.0
53,46,119.0
53,48,126.0
53,49,129.0
53,52,129.0
53,53,144.0
53,54,131.0
53,55,139.0
53,56,138.0
53,57,135.0
53,58,135.0
53,59,131.0
53,61,135.0
53,62,138.0
53,77,164.0
53,87,164.0
53,88,180.0
53,97,164.0
53,98,160.0
53,102,9.0
53,106,70.0
53,107,117.0
53,108,99.0
53,109,2.0
53,110,2.0
53,111,2.0
53,113,2.0
53,121,0.0
53,123,-0.0
53,124,-0.0
53,125,-0.0
53,126,-0.0
53,127,-0.0
53,128,-0.0
53,129,-1.0
53,130,-1.0
53,131,-2.0
53,132,-2.0
53,133,-2.0
53,134,-1.0
53,135,-1.0
53,136,-0.0
53,137,-0.0
53,138,0.0
53,139,0.0
53,140,0.0
53,141,1.0
53,142,1.0
53,143,1.0
53,144,1.0
53,145,1.0
53,146,2.0
53,147,7.0
53,148,19.0
53,149,26.0
53,150,32.0
53,151,34.0
53,152,34.0
53,153,34.0
53,154,34.0
53,155,33.0
53,156,32.0
53,157,32.0
53,158,32.0
53,159,32.0
53,160,31.0
53,161,32.0
53,162,32.0
53,163,32.0
53,164,32.0
53,165,32.0
53,166,32.0
53,167,32.0
53,168,31.0
53,169,31.0
53,170,32.0
53,171,32.0
53,172,32.0
53,173,32.0
53,174,32.0
53,175,32.0
53,176,32.0
53,177,33.0
53,178,33.0
53,179,33.0
53,180,33.0
53,181,33.0
53,182,33.0
53,183,33.0
53,184,32.0
53,185,33.0
53,186,32.0
53,187,33.0
53,188,33.0
53,189,33.0
53,190,33.0
53,191,33.0
53,192,32.0
53,193,32.0
53,194,31.0
53,195,31.0
53,196,31.0
53,197,32.0
53,198,32.0
53,199,32.0
53,200,32.0
53,201,31.0
53,202,31.0
53,203,31.0
53,204,31.0
53,205,31.0
53,206,31.0
53,207,31.0
53,208,31.0
53,209,31.0
53,210,31.0
53,211,32.0
53,212,33.0
53,213,34.0
53,214,35.0
53,215,36.0
53,216,37.0
53,217,38.0
53,218,39.0
53,219,39.0
53,220,40.0
53,221,41.0
53,222,42.0
53,223,43.0
53,224,43.0
53,225,44.0
53,244,3.0
53,245,3.0
53,246,3.0
53,247,2.0
53,248,2.0
53,249,2.0
53,250,2.0
53,251,3.0
53,252,3.0
53,253,4.0
53,254,4.0
53,255,4.0
53,256,4.0
53,257,4.0
53,258,3.0
53,259,3.0
53,260,2.0
53,261,2.0
53,262,38.0
53,263,40.0
53,264,55.0
53,265,79.0
53,266,-0.0
53,267,-0.0
53,268,-1.0
53,269,-1.0
53,270,-2.0
53,271,-3.0
53,272,-4.0
53,273,-4.0
53,274,-5.0
53,275,-5.0
53,276,-6.0
53,277,-6.0
53,278,-6.0
53,279,-6.0
53,280,-7.0
53,281,-7.0
53,282,-7.0
53,283,-6.0
53,284,-6.0
53,285,-6.0
53,286,-6.0
53,287,-5.0
53,288,-5.0
53,289,-4.0
53,290,-4.0
53,291,-3.0
53,292,-3.0
53,293,-3.0
53,294,-2.0
53,295,-2.0
53,296,-2.0
53,297,-2.0
53,298,-2.0
53,299,-1.0
53,300,-0.0
53,301,-0.0
53,302,1.0
53,303,1.0
53,304,2.0
53,305,2.0
53,306,3.0
53,307,5.0
53,308,7.0
53,309,9.0
53,310,11.0
53,311,12.0
53,312,12.0
53,313,58.0
53,314,58.0
53,315,33.0
53,316,11.0
53,317,11.0
53,318,10.0
53,319,9.0
53,320,9.0
53,321,8.0
53,322,8.0
53,323,8.0
53,324,8.0
53,325,7.0
53,326,8.0
53,327,8.0
53,328,65.0
53,329,66.0
53,330,62.0
53,331,60.0
53,332,57.0
53,333,69.0
53,334,70.0
53,335,45.0
53,336,73.0
53,337,72.0
53,338,81.0
53,339,39.0
53,340,18.0
53,341,19.0
53,342,64.0
53,343,38.0
53,344,20.0
53,345,24.0
53,346,21.0
53,347,20.0
54,25,129.0
54,28,120.0
54,34,118.0
54,37,116.0
54,40,115.0
54,41,116.0
54,42,116.0
54,44,117.0
54,46,119.0
54,48,125.0
54,53,130.0
54,54,128.0
54,55,128.0
54,56,130.0
54,57,131.0
54,58,131.0
54,59,132.0
54,61,132.0
54,62,132.0
54,63,171.0
54,77,139.0
54,87,184.0
54,88,164.0
54,95,164.0
54,96,164.0
54,97,164.0
54,101,8.0
54,102,83.0
54,103,152.0
54,104,144.0
54,106,8.0
54,108,2.0
54,109,2.0
54,110,2.0
54,114,2.0
54,116,2.0
54,118,1.0
54,119,1.0
54,120,1.0
54,123,0.0
54,124,-0.0
54,125,-0.0
54,126,-0.0
54,128,-1.0
54,129,-1.0
54,130,-1.0
54,131,-2.0
54,132,-2.0
54,133,-2.0
54,134,-1.0
54,135,-1.0
54,136,-1.0
54,137,-0.0
54,138,-0.0
54,139,0.0
54,140,0.0
54,141,0.0
54,142,0.0
54,143,1.0
54,144,1.0
54,145,1.0
54,146,3.0
54,147,8.0
54,148,18.0
54,149,27.0
54,150,33.0
54,151,34.0
54,152,34.0
54,153,34.0
54,154,33.0
54,155,33.0
54,156,32.0
54,157,32.0
54,158,32.0
54,159,32.0
54,160,31.0
54,161,32.0
54,162,32.0
54,163,32.0
54,164,32.0
54,165,32.0
54,166,32.0
54,167,31.0
54,168,31.0
54,169,31.0
54,170,31.0
54,171,31.0
54,172,31.0
54,173,31.0
54,174,31.0
54,175,31.0
54,176,31.0
54,177,31.0
54,178,32.0
54,179,31.0
54,180,31.0
54,181,31.0
54,182,31.0
54,183,32.0
54,184,31.0
54,185,31.0
54,186,31.0
54,187,31.0
54,188,31.0
54,189,30.0
54,190,31.0
54,191,31.0
54,192,31.0
54,193,31.0
54,194,31.0
54,195,31.0
54,196,31.0
54,197,31.0
54,198,31.0
54,199,31.0
54,200,31.0
54,201,31.0
54,202,31.0
54,203,31.0
54,204,31.0
54,205,31.0
54,206,31.0
54,207,31.0
54,208,31.0
54,209,31.0
54,210,32.0
54,211,32.0
54,212,33.0
54,213,34.0
54,214,35.0
54,215,37.0
54,216,38.0
54,217,39.0
54,218,39.0
54,219,40.0
54,220,41.0
54,221,42.0
54,222,42.0
54,223,42.0
54,224,42.0
54,225,43.0
54,244,3.0
54,245,3.0
54,246,2.0
54,247,2.0
54,248,2.0
54,249,2.0
54,250,2.0
54,251,2.0
54,252,2.0
54,253,3.0
54,254,3.0
54,255,3.0
54,256,3.0
54,257,3.0
54,258,2.0
54,259,2.0
54,260,38.0
54,261,52.0
54,262,38.0
54,263,38.0
54,264,38.0
54,266,-0.0
54,267,-0.0
54,268,-1.0
54,269,-1.0
54,270,-2.0
54,271,-3.0
54,272,-4.0
54,273,-5.0
54,274,-5.0
54,275,-6.0
54,276,-6.0
54,277,-6.0
54,278,-6.0
54,279,-6.0
54,280,-7.0
54,281,-7.0
54,282,-7.0
54,283,-7.0
54,284,-6.0
54,285,-6.0
54,286,-6.0
54,287,-6.0
54,288,-5.0
54,289,-5.0
54,290,-4.0
54,291,-4.0
54,292,-3.0
54,293,-3.0
54,294,-3.0
54,295,-3.0
54,296,-2.0
54,297,-2.0
54,298,-2.0
54,299,-2.0
54,300,-1.0
54,301,-1.0
54,302,0.0
54,303,1.0
54,304,1.0
54,305,2.0
54,306,3.0
54,307,4.0
54,308,6.0
54,309,8.0
54,310,39.0
54,311,9.0
54,312,10.0
54,313,10.0
54,314,10.0
54,315,10.0
54,316,10.0
54,317,9.0
54,318,9.0
54,319,9.0
54,320,8.0
54,321,7.0
54,322,7.0
54,323,7.0
54,324,7.0
54,325,7.0
54,326,7.0
54,327,7.0
54,328,7.0
54,329,7.0
54,330,51.0
54,331,60.0
54,332,29.0
54,333,52.0
54,334,23.0
54,335,28.0
54,336,51.0
54,337,14.0
54,338,16.0
54,339,15.0
54,340,17.0
54,341,57.0
54,342,45.0
54,343,19.0
54,344,20.0
54,345,20.0
54,346,20.0
54,347,20.0
55,25,129.0
55,28,120.0
55,34,118.0
55,36,117.0
55,39,116.0
55,42,116.0
55,43,117.0
55,47,120.0
55,48,126.0
55,52,129.0
55,53,127.0
55,54,127.0
55,55,128.0
55,56,129.0
55,57,131.0
55,58,132.0
55,61,132.0
55,62,133.0
55,64,131.0
55,65,131.0
55,76,129.0
55,86,188.0
55,87,194.0
55,89,164.0
55,94,164.0
55,95,164.0
55,96,164.0
55,97,164.0
55,98,160.0
55,99,160.0
55,101,84.0
55,106,7.0
55,107,34.0
55,110,2.0
55,111,25.0
55,112,19.0
55,113,2.0
55,114,2.0
55,115,2.0
55,116,2.0
55,117,2.0
55,121,1.0
55,122,1.0
55,123,1.0
55,124,0.0
55,125,0.0
55,127,0.0
55,128,-0.0
55,129,-1.0
55,130,-0.0
55,131,-1.0
55,132,-1.0
55,133,-1.0
55,134,-1.0
55,135,-1.0
55,136,-1.0
55,137,-0.0
55,138,-0.0
55,139,0.0
55,140,-0.0
55,141,-0.0
55,142,0.0
55,143,0.0
55,144,0.0
55,145,2.0
55,146,27.0
55,147,12.0
55,148,17.0
55,149,26.0
55,150,34.0
55,151,34.0
55,152,34.0
55,153,34.0
55,154,34.0
55,155,33.0
55,156,32.0
55,157,32.0
55,158,32.0
55,159,32.0
55,160,31.0
55,161,32.0
55,162,32.0
55,163,32.0
55,164,32.0
55,165,32.0
55,166,32.0
55,167,32.0
55,168,31.0
55,169,31.0
55,170,31.0
55,171,31.0
55,172,31.0
55,173,31.0
55,174,31.0
55,175,31.0
55,176,31.0
55,177,31.0
55,178,31.0
55,179,31.0
55,180,31.0
55,181,31.0
55,182,31.0
55,183,31.0
55,184,31.0
55,185,31.0
55,186,30.0
55,187,30.0
55,188,30.0
55,189,30.0
55,190,30.0
55,191,30.0
55,192,30.0
55,193,30.0
55,194,31.0
55,195,31.0
55,196,31.0
55,197,31.0
55,198,31.0
55,199,31.0
55,200,31.0
55,201,31.0
55,202,31.0
55,203,31.0
55,204,31.0
55,205,31.0
55,206,31.0
55,207,31.0
55,208,31.0
55,209,32.0
55,210,32.0
55,211,32.0
55,212,34.0
55,213,35.0
55,214,36.0
55,244,2.0
55,245,2.0
55,246,2.0
55,247,2.0
55,248,2.0
55,249,2.0
55,250,2.0
55,251,2.0
55,252,2.0
55,253,2.0
55,254,2.0
55,255,2.0
55,256,2.0
55,257,1.0
55,258,2.0
55,259,39.0
55,260,38.0
55,261,38.0
55,262,38.0
55,263,38.0
55,264,42.0
55,265,40.0
55,266,61.0
55,267,-0.0
55,268,-1.0
55,269,-1.0
55,270,-2.0
55,271,-3.0
55,272,-4.0
55,273,-5.0
55,274,-5.0
55,275,-5.0
55,276,-6.0
55,277,-6.0
55,278,-6.0
55,279,-6.0
55,280,-6.0
55,281,-6.0
55,282,-7.0
55,283,-7.0
55,284,-7.0
55,285,-7.0
55,286,-7.0
55,287,-6.0
55,288,-5.0
55,289,-5.0
55,290,-4.0
55,291,-4.0
55,292,-4.0
55,293,-3.0
55,294,-3.0
55,295,-3.0
55,296,-3.0
55,297,-3.0
55,298,-2.0
55,299,-2.0
55,300,-1.0
55,301,-1.0
55,302,-0.0
55,303,0.0
55,304,1.0
55,305,1.0
55,306,3.0
55,307,4.0
55,308,5.0
55,309,6.0
55,310,7.0
55,311,9.0
55,312,9.0
55,313,9.0
55,314,9.0
55,315,9.0
55,316,9.0
55,317,9.0
55,318,134.0
55,319,151.0
55,320,140.0
55,321,134.0
55,322,134.0
55,323,134.0
55,324,134.0
55,325,6.0
55,326,6.0
55,327,6.0
55,328,6.0
55,329,7.0
55,330,8.0
55,331,30.0
55,332,52.0
55,333,54.0
55,334,56.0
55,335,40.0
55,336,12.0
55,337,13.0
55,338,14.0
55,339,15.0
55,340,28.0
55,341,32.0
55,342,41.0
55,343,19.0
55,344,19.0
55,345,20.0
55,346,20.0
55,347,20.0
56,25,129.0
56,34,117.0
56,35,117.0
56,39,116.0
56,41,116.0
56,43,117.0
56,45,119.0
56,46,119.0
56,48,126.0
56,52,129.0
56,53,127.0
56,54,127.0
56,55,128.0
56,56,129.0
56,57,130.0
56,58,132.0
56,61,133.0
56,63,208.0
56,66,131.0
56,75,129.0
56,85,187.0
56,90,164.0
56,92,164.0
56,93,164.0
56,94,169.0
56,95,164.0
56,96,164.0
56,99,160.0
56,100,160.0
56,101,154.0
56,102,146.0
56,103,72.0
56,104,9.0
56,105,9.0
56,106,9.0
56,107,5.0
56,108,2.0
56,109,94.0
56,110,37.0
56,111,3.0
56,112,3.0
56,116,2.0
56,117,2.0
56,118,2.0
56,119,2.0
56,120,1.0
56,121,1.0
56,122,1.0
56,123,1.0
56,124,0.0
56,125,0.0
56,126,0.0
56,127,0.0
56,128,0.0
56,129,0.0
56,130,0.0
56,131,-0.0
56,132,0.0
56,133,-1.0
56,134,-1.0
56,135,-0.0
56,136,-0.0
56,137,-0.0
56,138,-0.0
56,139,-0.0
56,140,-0.0
56,141,-0.0
56,142,0.0
56,143,0.0
56,144,1.0
56,145,2.0
56,146,3.0
56,147,10.0
56,148,18.0
56,149,25.0
56,150,33.0
56,151,34.0
56,152,34.0
56,153,34.0
56,154,34.0
56,155,33.0
56,156,32.0
56,157,32.0
56,158,32.0
56,159,32.0
56,160,31.0
56,161,32.0
56,162,32.0
56,163,32.0
56,164,32.0
56,165,32.0
56,166,32.0
56,167,32.0
56,168,32.0
56,169,32.0
56,170,31.0
56,171,31.0
56,172,31.0
56,173,31.0
56,174,31.0
56,175,31.0
56,176,31.0
56,177,31.0
56,178,32.0
56,179,31.0
56,180,31.0
56,181,31.0
56,182,31.0
56,183,31.0
56,184,32.0
56,185,31.0
56,186,31.0
56,187,31.0
56,188,30.0
56,189,30.0
56,190,30.0
56,191,30.0
56,192,30.0
56,193,30.0
56,194,31.0
56,195,31.0
56,196,31.0
56,197,31.0
56,198,31.0
56,199,31.0
56,200,31.0
56,201,31.0
56,202,31.0
56,203,31.0
56,204,31.0
56,205,31.0
56,206,31.0
56,207,31.0
56,208,32.0
56,209,32.0
56,210,32.0
56,211,32.0
56,212,34.0
56,213,35.0
56,214,37.0
56,244,2.0
56,245,2.0
56,246,2.0
56,247,2.0
56,248,3.0
56,249,3.0
56,250,2.0
56,253,3.0
56,254,3.0
56,255,2.0
56,256,1.0
56,257,1.0
56,258,38.0
56,259,38.0
56,261,38.0
56,262,42.0
56,263,47.0
56,264,53.0
56,265,56.0
56,266,56.0
56,267,45.0
56,268,-1.0
56,269,-2.0
56,270,-2.0
56,271,-3.0
56,272,-4.0
56,273,-5.0
56,274,-5.0
56,275,-5.0
56,276,-6.0
56,277,-6.0
56,278,-6.0
56,279,-6.0
56,280,-6.0
56,281,-6.0
56,282,-7.0
56,283,-7.0
56,284,-7.0
56,285,-7.0
56,286,-7.0
56,287,-6.0
56,288,-6.0
56,289,-5.0
56,290,-5.0
56,291,-4.0
56,292,-4.0
56,293,-3.0
56,294,-3.0
56,295,-3.0
56,296,-3.0
56,297,-3.0
56,298,-3.0
56,299,-2.0
56,300,-2.0
56,301,-1.0
56,302,-0.0
56,303,0.0
56,304,0.0
56,305,1.0
56,306,2.0
56,307,3.0
56,308,4.0
56,309,5.0
56,310,6.0
56,311,7.0
56,312,8.0
56,313,8.0
56,314,8.0
56,315,8.0
56,316,8.0
56,317,7.0
56,318,134.0
56,319,134.0
56,320,134.0
56,321,134.0
56,322,134.0
56,323,134.0
56,324,144.0
56,325,6.0
56,326,5.0
56,327,6.0
56,328,6.0
56,329,7.0
56,330,7.0
56,331,8.0
56,332,16.0
56,333,9.0
56,334,30.0
56,335,11.0
56,336,12.0
56,337,13.0
56,338,14.0
56,339,15.0
56,340,15.0
56,341,60.0
56,342,46.0
56,343,27.0
56,344,18.0
56,345,19.0
56,346,19.0
56,347,24.0
57,25,129.0
57,28,120.0
57,34,117.0
57,39,116.0
57,41,116.0
57,43,118.0
57,44,118.0
57,46,119.0
57,47,122.0
57,48,133.0
57,49,129.0
57,51,129.0
57,53,128.0
57,54,127.0
57,55,128.0
57,56,156.0
57,57,130.0
57,58,132.0
57,61,133.0
57,62,133.0
57,64,202.0
57,67,130.0
57,68,130.0
57,75,129.0
57,84,176.0
57,88,181.0
57,89,174.0
57,90,164.0
57,91,164.0
57,92,179.0
57,93,164.0
57,94,168.0
57,95,164.0
57,96,164.0
57,97,162.0
57,98,160.0
57,100,8.0
57,101,160.0
57,102,157.0
57,103,150.0
57,105,141.0
57,106,63.0
57,107,2.0
57,108,2.0
57,109,3.0
57,110,3.0
57,111,3.0
57,112,3.0
57,113,3.0
57,114,3.0
57,115,3.0
57,116,3.0
57,118,2.0
57,119,2.0
57,120,2.0
57,121,2.0
57,122,1.0
57,124,1.0
57,125,0.0
57,126,0.0
57,127,1.0
57,128,1.0
57,129,1.0
57,130,1.0
57,131,1.0
57,132,1.0
57,133,0.0
57,134,0.0
57,135,-0.0
57,136,-0.0
57,137,-0.0
57,138,-0.0
57,139,-0.0
57,140,-0.0
57,141,-0.0
57,142,0.0
57,143,1.0
57,144,13.0
57,145,3.0
57,146,3.0
57,147,10.0
57,148,20.0
57,149,26.0
57,150,32.0
57,151,34.0
57,152,34.0
57,153,34.0
57,154,34.0
57,155,32.0
57,156,32.0
57,157,32.0
57,158,32.0
57,159,32.0
57,160,31.0
57,161,32.0
57,162,32.0
57,163,32.0
57,164,32.0
57,165,32.0
57,166,32.0
57,167,32.0
57,168,32.0
57,169,32.0
57,170,32.0
57,171,32.0
57,172,32.0
57,173,32.0
57,174,32.0
57,175,32.0
57,176,32.0
57,177,32.0
57,178,32.0
57,179,32.0
57,180,33.0
57,181,33.0
57,182,33.0
57,183,33.0
57,184,32.0
57,185,32.0
57,186,32.0
57,187,32.0
57,188,31.0
57,189,31.0
57,190,30.0
57,191,31.0
57,192,31.0
57,193,31.0
57,194,31.0
57,195,31.0
57,196,32.0
57,197,32.0
57,198,32.0
57,199,32.0
57,200,32.0
57,201,32.0
57,202,32.0
57,203,32.0
57,204,31.0
57,205,31.0
57,206,31.0
57,207,31.0
57,208,32.0
57,209,32.0
57,210,32.0
57,211,32.0
57,212,34.0
57,213,36.0
57,214,37.0
57,244,2.0
57,245,2.0
57,246,2.0
57,247,2.0
57,248,3.0
57,249,61.0
57,254,3.0
57,255,2.0
57,256,2.0
57,257,1.0
57,258,38.0
57,259,38.0
57,260,41.0
57,261,45.0
57,262,50.0
57,263,56.0
57,264,56.0
57,265,56.0
57,266,61.0
57,268,-1.0
57,269,-1.0
57,270,-3.0
57,271,-3.0
57,272,-4.0
57,273,-4.0
57,274,-5.0
57,275,-5.0
57,276,-5.0
57,277,-5.0
57,278,-5.0
57,279,-5.0
57,280,-6.0
57,281,-6.0
57,282,-6.0
57,283,-7.0
57,284,-7.0
57,285,-7.0
57,286,-7.0
57,287,-7.0
57,288,-6.0
57,289,-5.0
57,290,-5.0
57,291,-4.0
57,292,-4.0
57,293,-4.0
57,294,-3.0
57,295,-3.0
57,296,-3.0
57,297,-3.0
57,298,-3.0
57,299,-3.0
57,300,-2.0
57,301,-1.0
57,302,-1.0
57,303,-1.0
57,304,0.0
57,305,0.0
57,306,1.0
57,307,2.0
57,308,3.0
57,309,4.0
57,310,5.0
57,311,7.0
57,312,8.0
57,313,7.0
57,314,6.0
57,315,31.0
57,316,6.0
57,317,90.0
57,318,150.0
57,319,134.0
57,320,134.0
57,321,134.0
57,322,134.0
57,323,134.0
57,324,139.0
57,325,4.0
57,326,4.0
57,327,5.0
57,328,6.0
57,329,6.0
57,330,7.0
57,331,8.0
57,332,8.0
57,333,9.0
57,334,10.0
57,335,59.0
57,336,67.0
57,337,65.0
57,338,61.0
57,339,71.0
57,340,65.0
57,341,63.0
57,342,16.0
57,343,16.0
57,344,17.0
57,345,17.0
57,346,17.0
57,347,24.0
58,27,120.0
58,33,117.0
58,34,117.0
58,39,116.0
58,41,116.0
58,43,136.0
58,44,118.0
58,46,119.0
58,47,122.0
58,48,156.0
58,49,129.0
58,50,129.0
58,51,129.0
58,52,129.0
58,53,127.0
58,54,126.0
58,55,128.0
58,56,129.0
58,57,130.0
58,58,131.0
58,60,133.0
58,62,133.0
58,65,193.0
58,70,130.0
58,74,129.0
58,83,160.0
58,84,175.0
58,85,185.0
58,86,185.0
58,90,180.0
58,91,175.0
58,92,164.0
58,97,164.0
58,98,160.0
58,100,84.0
58,106,89.0
58,108,2.0
58,109,3.0
58,111,3.0
58,112,3.0
58,114,3.0
58,115,3.0
58,116,3.0
58,117,3.0
58,118,2.0
58,119,2.0
58,120,2.0
58,121,2.0
58,122,1.0
58,123,1.0
58,124,1.0
58,125,1.0
58,126,1.0
58,127,1.0
58,128,1.0
58,129,1.0
58,130,1.0
58,131,1.0
58,132,1.0
58,133,1.0
58,134,1.0
58,135,0.0
58,136,0.0
58,137,0.0
58,138,0.0
58,139,0.0
58,140,0.0
58,141,-0.0
58,142,1.0
58,143,1.0
58,144,2.0
58,145,2.0
58,146,3.0
58,147,10.0
58,148,18.0
58,149,26.0
58,150,33.0
58,151,34.0
58,152,34.0
58,153,34.0
58,154,34.0
58,155,33.0
58,156,32.0
58,157,32.0
58,158,32.0
58,159,32.0
58,160,31.0
58,161,32.0
58,162,32.0
58,163,32.0
58,164,32.0
58,165,32.0
58,166,32.0
58,167,32.0
58,168,32.0
58,169,32.0
58,170,32.0
58,171,32.0
58,172,32.0
58,173,32.0
58,174,33.0
58,175,33.0
58,176,33.0
58,177,34.0
58,178,34.0
58,179,35.0
58,180,35.0
58,181,35.0
58,182,35.0
58,183,34.0
58,184,35.0
58,185,35.0
58,186,34.0
58,187,33.0
58,188,33.0
58,189,32.0
58,190,32.0
58,191,32.0
58,192,32.0
58,193,31.0
58,194,31.0
58,195,32.0
58,196,32.0
58,197,33.0
58,198,33.0
58,199,33.0
58,200,33.0
58,201,32.0
58,202,32.0
58,203,32.0
58,204,32.0
58,205,32.0
58,206,32.0
58,207,32.0
58,208,32.0
58,209,32.0
58,210,32.0
58,211,33.0
58,212,34.0
58,213,36.0
58,214,38.0
58,244,2.0
58,245,2.0
58,246,2.0
58,247,2.0
58,248,2.0
58,249,61.0
58,250,61.0
58,251,61.0
58,255,3.0
58,256,2.0
58,257,1.0
58,258,38.0
58,259,45.0
58,260,49.0
58,261,56.0
58,262,56.0
58,263,56.0
58,264,56.0
58,265,56.0
58,266,56.0
58,268,-1.0
58,269,-1.0
58,270,-2.0
58,271,-3.0
58,272,-4.0
58,273,-4.0
58,274,-4.0
58,275,-5.0
58,276,-5.0
58,277,-5.0
58,278,-5.0
58,279,-5.0
58,280,-5.0
58,281,-6.0
58,282,-6.0
58,283,-6.0
58,284,-7.0
58,285,-7.0
58,286,-7.0
58,287,-7.0
58,288,-6.0
58,289,-6.0
58,290,-5.0
58,291,-5.0
58,292,-4.0
58,293,-4.0
58,294,-4.0
58,295,-4.0
58,296,-4.0
58,297,-4.0
58,298,-3.0
58,299,-3.0
58,300,-2.0
58,301,-2.0
58,302,-1.0
58,303,-1.0
58,304,-0.0
58,305,0.0
58,306,1.0
58,307,1.0
58,308,2.0
58,309,2.0
58,310,3.0
58,311,5.0
58,312,5.0
58,313,5.0
58,314,5.0
58,315,15.0
58,316,5.0
58,317,5.0
58,318,134.0
58,319,134.0
58,320,134.0
58,321,134.0
58,322,134.0
58,323,134.0
58,324,134.0
58,325,4.0
58,326,4.0
58,327,5.0
58,328,5.0
58,329,6.0
58,330,7.0
58,331,7.0
58,332,8.0
58,333,8.0
58,334,9.0
58,335,10.0
58,336,88.0
58,337,76.0
58,338,69.0
58,339,70.0
58,340,70.0
58,341,63.0
58,342,50.0
58,343,24.0
58,344,15.0
58,345,15.0
58,346,15.0
58,347,15.0
59,25,129.0
59,27,121.0
59,33,117.0
59,39,116.0
59,41,117.0
59,42,117.0
59,43,133.0
59,47,121.0
59,48,125.0
59,50,129.0
59,51,129.0
59,53,127.0
59,54,126.0
59,55,127.0
59,56,128.0
59,57,130.0
59,58,130.0
59,59,131.0
59,62,132.0
59,65,181.0
59,71,130.0
59,82,135.0
59,83,160.0
59,88,178.0
59,89,184.0
59,90,181.0
59,93,164.0
59,95,164.0
59,96,164.0
59,100,8.0
59,105,112.0
59,107,2.0
59,108,2.0
59,109,3.0
59,110,4.0
59,114,4.0
59,115,3.0
59,116,3.0
59,117,3.0
59,118,3.0
59,120,2.0
59,121,2.0
59,122,2.0
59,123,2.0
59,124,1.0
59,125,1.0
59,126,1.0
59,127,1.0
59,128,1.0
59,129,1.0
59,130,1.0
59,131,1.0
59,132,1.0
59,133,1.0
59,134,1.0
59,135,1.0
59,136,0.0
59,137,0.0
59,138,0.0
59,139,0.0
59,140,0.0
59,141,0.0
59,142,0.0
59,143,1.0
59,144,2.0
59,145,3.0
59,146,3.0
59,147,11.0
59,148,19.0
59,149,26.0
59,150,34.0
59,151,34.0
59,152,34.0
59,153,34.0
59,154,34.0
59,155,33.0
59,156,32.0
59,157,32.0
59,158,32.0
59,159,32.0
59,160,31.0
59,161,32.0
59,162,32.0
59,163,32.0
59,164,32.0
59,165,32.0
59,166,32.0
59,167,32.0
59,168,32.0
59,169,32.0
59,170,32.0
59,171,33.0
59,172,33.0
59,173,33.0
59,174,33.0
59,175,34.0
59,176,35.0
59,177,35.0
59,178,35.0
59,179,36.0
59,180,36.0
59,181,36.0
59,182,36.0
59,183,36.0
59,184,36.0
59,185,36.0
59,186,35.0
59,187,35.0
59,188,34.0
59,189,33.0
59,190,33.0
59,191,33.0
59,192,33.0
59,193,32.0
59,194,32.0
59,195,33.0
59,196,33.0
59,197,33.0
59,198,33.0
59,199,33.0
59,200,33.0
59,201,33.0
59,202,33.0
59,203,33.0
59,204,32.0
59,205,32.0
59,206,32.0
59,207,32.0
59,208,33.0
59,209,33.0
59,210,33.0
59,211,34.0
59,212,35.0
59,213,37.0
59,214,39.0
59,244,2.0
59,245,2.0
59,246,2.0
59,247,2.0
59,248,61.0
59,249,61.0
59,251,61.0
59,252,61.0
59,256,2.0
59,257,0.0
59,258,0.0
59,259,54.0
59,260,56.0
59,261,56.0
59,262,56.0
59,263,56.0
59,264,56.0
59,265,56.0
59,266,56.0
59,269,-1.0
59,270,-2.0
59,271,-3.0
59,272,-3.0
59,273,-4.0
59,274,-4.0
59,275,-4.0
59,276,-5.0
59,277,-5.0
59,278,-5.0
59,279,-5.0
59,280,-5.0
59,281,-5.0
59,282,-5.0
59,283,-6.0
59,284,-7.0
59,285,-7.0
59,286,-7.0
59,287,-7.0
59,288,-6.0
59,289,-6.0
59,290,-5.0
59,291,-5.0
59,292,-4.0
59,293,-3.0
59,294,-3.0
59,295,-3.0
59,296,-4.0
59,297,-4.0
59,298,-3.0
59,299,-3.0
59,300,-3.0
59,301,-2.0
59,302,-1.0
59,303,-1.0
59,304,-1.0
59,305,0.0
59,306,1.0
59,307,1.0
59,308,1.0
59,309,1.0
59,310,2.0
59,311,3.0
59,312,3.0
59,313,4.0
59,314,3.0
59,315,3.0
59,316,4.0
59,317,68.0
59,318,134.0
59,319,134.0
59,320,134.0
59,321,134.0
59,322,134.0
59,323,134.0
59,324,134.0
59,325,4.0
59,326,4.0
59,327,4.0
59,328,5.0
59,329,6.0
59,330,6.0
59,331,7.0
59,332,8.0
59,333,8.0
59,334,29.0
59,335,63.0
59,336,65.0
59,337,65.0
59,338,65.0
59,339,65.0
59,340,68.0
59,341,68.0
59,342,65.0
59,343,14.0
59,344,13.0
59,345,14.0
59,346,13.0
59,347,14.0
60,24,129.0
60,27,121.0
60,32,118.0
60,33,117.0
60,39,116.0
60,41,117.0
60,42,117.0
60,46,119.0
60,47,120.0
60,48,146.0
60,49,129.0
60,50,129.0
60,52,129.0
60,53,126.0
60,55,127.0
60,56,127.0
60,57,129.0
60,58,130.0
60,59,131.0
60,60,132.0
60,62,132.0
60,72,130.0
60,74,130.0
60,82,129.0
60,87,176.0
60,88,180.0
60,93,175.0
60,94,175.0
60,100,8.0
60,101,8.0
60,103,9.0
60,104,70.0
60,105,9.0
60,107,5.0
60,108,15.0
60,109,3.0
60,110,4.0
60,111,4.0
60,112,5.0
60,113,5.0
60,114,5.0
60,115,4.0
60,116,4.0
60,117,3.0
60,118,3.0
60,119,3.0
60,120,2.0
60,121,2.0
60,122,2.0
60,123,2.0
60,124,1.0
60,125,1.0
60,126,2.0
60,127,2.0
60,128,2.0
60,129,2.0
60,130,2.0
60,131,2.0
60,132,2.0
60,133,2.0
60,134,1.0
60,135,1.0
60,136,1.0
60,137,1.0
60,138,1.0
60,139,0.0
60,140,0.0
60,141,0.0
60,142,1.0
60,143,1.0
60,144,2.0
60,145,2.0
60,146,3.0
60,147,10.0
60,148,18.0
60,149,27.0
60,150,34.0
60,151,34.0
60,152,34.0
60,153,34.0
60,154,34.0
60,155,33.0
60,156,32.0
60,157,32.0
60,158,32.0
60,159,32.0
60,160,31.0
60,161,32.0
60,162,32.0
60,163,32.0
60,164,32.0
60,165,32.0
60,166,32.0
60,191,34.0
60,192,34.0
60,193,33.0
60,194,33.0
60,195,33.0
60,196,34.0
60,197,34.0
60,198,34.0
60,199,34.0
60,200,34.0
60,201,34.0
60,202,33.0
60,203,33.0
60,204,33.0
60,205,33.0
60,206,33.0
60,207,33.0
60,208,33.0
60,209,33.0
60,210,34.0
60,211,34.0
60,212,36.0
60,213,37.0
60,214,40.0
60,246,63.0
60,247,61.0
60,248,61.0
60,249,61.0
60,250,61.0
60,253,61.0
60,256,2.0
60,257,1.0
60,258,0.0
60,259,63.0
60,260,56.0
60,261,56.0
60,262,56.0
60,263,56.0
60,264,56.0
60,265,56.0
60,266,56.0
60,270,-1.0
60,271,-2.0
60,272,-2.0
60,273,-3.0
60,274,-3.0
60,275,-4.0
60,276,-4.0
60,277,-4.0
60,278,-4.0
60,279,-4.0
60,280,-5.0
60,281,-5.0
60,282,-5.0
60,283,-6.0
60,284,-6.0
60,285,-7.0
60,286,-7.0
60,287,-7.0
60,288,-6.0
60,289,-6.0
60,290,-5.0
60,291,-4.0
60,292,-3.0
60,293,-3.0
60,294,-3.0
60,295,-3.0
60,296,-3.0
60,297,-3.0
60,298,-3.0
60,300,-3.0
60,301,-2.0
60,302,-2.0
60,303,-1.0
60,304,-1.0
60,305,-0.0
60,306,-0.0
60,307,-0.0
60,308,0.0
60,309,1.0
60,310,1.0
60,311,1.0
60,312,2.0
60,313,2.0
60,314,2.0
60,315,2.0
60,316,2.0
60,317,2.0
60,318,134.0
60,319,134.0
60,320,134.0
60,321,134.0
60,322,134.0
60,323,134.0
60,324,134.0
60,325,4.0
60,326,4.0
60,327,5.0
60,328,5.0
60,329,5.0
60,330,6.0
60,331,7.0
60,332,7.0
60,333,63.0
60,334,53.0
60,335,65.0
60,336,65.0
60,337,65.0
60,338,65.0
60,339,65.0
60,340,65.0
60,341,65.0
60,342,74.0
60,343,74.0
60,344,13.0
60,345,12.0
60,346,12.0
60,347,37.0
61,24,129.0
61,27,121.0
61,31,118.0
61,33,117.0
61,39,116.0
61,40,117.0
61,41,123.0
61,42,131.0
61,43,160.0
61,46,119.0
61,47,120.0
61,48,124.0
61,51,128.0
61,52,127.0
61,53,126.0
61,54,126.0
61,55,126.0
61,56,127.0
61,57,129.0
61,58,129.0
61,59,131.0
61,60,131.0
61,61,131.0
61,66,166.0
61,72,130.0
61,73,130.0
61,80,129.0
61,81,129.0
61,84,145.0
61,85,159.0
61,86,148.0
61,87,157.0
61,92,185.0
61,93,181.0
61,94,175.0
61,103,149.0
61,107,31.0
61,109,17.0
61,110,4.0
61,111,5.0
61,112,5.0
61,113,5.0
61,114,5.0
61,115,5.0
61,116,5.0
61,117,4.0
61,118,3.0
61,119,3.0
61,120,3.0
61,121,2.0
61,122,2.0
61,123,2.0
61,124,2.0
61,126,2.0
61,127,2.0
61,128,2.0
61,129,2.0
61,130,2.0
61,131,2.0
61,132,2.0
61,133,2.0
61,134,2.0
61,135,1.0
61,136,1.0
61,137,1.0
61,138,1.0
61,139,1.0
61,140,0.0
61,141,0.0
61,142,1.0
61,143,1.0
61,144,2.0
61,145,2.0
61,146,3.0
61,147,11.0
61,148,20.0
61,149,28.0
61,150,34.0
61,151,34.0
61,152,34.0
61,153,34.0
61,154,34.0
61,155,33.0
61,156,32.0
61,157,32.0
61,158,32.0
61,159,32.0
61,160,32.0
61,161,32.0
61,162,32.0
61,163,32.0
61,164,32.0
61,165,32.0
61,166,32.0
61,191,34.0
61,192,34.0
61,193,34.0
61,194,34.0
61,195,34.0
61,196,34.0
61,197,34.0
61,198,34.0
61,199,34.0
61,200,34.0
61,201,34.0
61,202,34.0
61,203,33.0
61,204,33.0
61,205,33.0
61,206,33.0
61,207,33.0
61,208,34.0
61,209,34.0
61,210,34.0
61,211,35.0
61,212,37.0
61,213,39.0
61,214,40.0
61,250,61.0
61,251,61.0
61,252,61.0
61,254,69.0
61,255,85.0
61,256,2.0
61,257,0.0
61,258,0.0
61,259,0.0
61,262,56.0
61,263,56.0
61,264,56.0
61,265,56.0
61,266,56.0
61,267,56.0
61,270,-1.0
61,271,-1.0
61,272,-2.0
61,273,-3.0
61,274,-3.0
61,275,-3.0
61,276,-4.0
61,277,-4.0
61,278,-4.0
61,279,-4.0
61,280,-4.0
61,281,-4.0
61,282,-5.0
61,283,-5.0
61,284,-6.0
61,285,-6.0
61,286,-7.0
61,287,-7.0
61,288,-7.0
61,289,-6.0
61,290,-5.0
61,291,-4.0
61,292,-3.0
61,293,-2.0
61,294,-3.0
61,295,-3.0
61,296,-3.0
61,297,-3.0
61,298,-3.0
61,299,-3.0
61,300,-3.0
61,301,-2.0
61,302,-2.0
61,303,-1.0
61,304,-1.0
61,305,-1.0
61,306,-1.0
61,307,-1.0
61,308,-0.0
61,309,0.0
61,310,0.0
61,311,1.0
61,312,1.0
61,313,1.0
61,314,1.0
61,315,2.0
61,316,2.0
61,317,2.0
61,319,134.0
61,320,134.0
61,321,134.0
61,322,134.0
61,323,134.0
61,324,134.0
61,325,4.0
61,326,4.0
61,327,5.0
61,328,5.0
61,329,5.0
61,330,6.0
61,331,6.0
61,332,22.0
61,333,63.0
61,334,65.0
61,335,65.0
61,336,65.0
61,337,65.0
61,338,65.0
61,339,65.0
61,340,65.0
61,341,65.0
61,342,65.0
61,343,65.0
61,344,12.0
61,345,12.0
61,346,12.0
61,347,22.0
62,24,129.0
62,30,118.0
62,32,118.0
62,33,117.0
62,39,116.0
62,40,117.0
62,41,117.0
62,42,168.0
62,45,119.0
62,47,120.0
62,48,180.0
62,51,126.0
62,52,125.0
62,53,124.0
62,54,125.0
62,55,126.0
62,57,129.0
62,58,129.0
62,59,130.0
62,60,131.0
62,61,131.0
62,62,131.0
62,67,147.0
62,72,130.0
62,73,130.0
62,80,130.0
62,82,129.0
62,83,129.0
62,84,129.0
62,85,129.0
62,89,182.0
62,90,185.0
62,94,175.0
62,102,162.0
62,104,107.0
62,106,54.0
62,107,85.0
62,108,48.0
62,109,32.0
62,110,19.0
62,111,5.0
62,112,6.0
62,113,6.0
62,114,6.0
62,115,6.0
62,116,5.0
62,117,4.0
62,118,3.0
62,119,3.0
62,120,3.0
62,121,3.0
62,122,2.0
62,123,2.0
62,124,2.0
62,125,2.0
62,126,2.0
62,127,2.0
62,128,2.0
62,129,2.0
62,130,2.0
62,131,2.0
62,132,2.0
62,133,2.0
62,134,2.0
62,135,2.0
62,136,1.0
62,137,1.0
62,138,1.0
62,139,1.0
62,140,1.0
62,141,0.0
62,142,1.0
62,143,1.0
62,144,2.0
62,145,3.0
62,146,3.0
62,147,11.0
62,148,19.0
62,149,27.0
62,150,34.0
62,151,34.0
62,152,34.0
62,153,34.0
62,154,34.0
62,155,33.0
62,156,32.0
62,157,32.0
62,158,32.0
62,159,32.0
62,160,32.0
62,161,32.0
62,162,32.0
62,163,32.0
62,164,32.0
62,165,32.0
62,166,32.0
62,191,35.0
62,192,35.0
62,193,35.0
62,194,35.0
62,195,35.0
62,196,35.0
62,197,35.0
62,198,35.0
62,199,35.0
62,200,35.0
62,201,34.0
62,202,34.0
62,203,34.0
62,204,34.0
62,205,34.0
62,206,34.0
62,207,34.0
62,208,34.0
62,209,34.0
62,210,35.0
62,211,36.0
62,212,37.0
62,213,39.0
62,214,40.0
62,251,61.0
62,252,61.0
62,253,61.0
62,254,64.0
62,256,2.0
62,257,1.0
62,258,0.0
62,259,0.0
62,262,60.0
62,263,56.0
62,264,56.0
62,265,56.0
62,266,56.0
62,267,56.0
62,271,-1.0
62,272,-1.0
62,273,-2.0
62,274,-2.0
62,275,-2.0
62,276,-2.0
62,277,-3.0
62,278,-3.0
62,279,-3.0
62,280,-4.0
62,281,-4.0
62,282,-4.0
62,283,-5.0
62,284,-5.0
62,285,-6.0
62,286,-6.0
62,287,-6.0
62,288,-6.0
62,289,-5.0
62,290,-4.0
62,291,-3.0
62,292,-3.0
62,293,-2.0
62,294,-2.0
62,295,-2.0
62,296,-2.0
62,297,-2.0
62,298,-2.0
62,299,-3.0
62,300,-3.0
62,301,-2.0
62,302,-2.0
62,303,-2.0
62,304,-1.0
62,305,-1.0
62,306,-1.0
62,307,-1.0
62,308,-1.0
62,309,-0.0
62,310,-0.0
62,311,0.0
62,312,0.0
62,313,1.0
62,314,1.0
62,315,2.0
62,316,2.0
62,317,2.0
62,321,137.0
62,322,137.0
62,323,134.0
62,324,140.0
62,325,4.0
62,326,4.0
62,327,5.0
62,328,5.0
62,329,5.0
62,330,6.0
62,331,6.0
62,332,46.0
62,333,64.0
62,334,65.0
62,335,65.0
62,336,65.0
62,337,65.0
62,338,65.0
62,339,65.0
62,340,65.0
62,341,65.0
62,342,65.0
62,343,65.0
62,344,11.0
62,345,11.0
62,346,11.0
62,347,11.0
63,24,129.0
63,27,121.0
63,30,119.0
63,32,118.0
63,38,117.0
63,40,117.0
63,41,144.0
63,42,172.0
63,46,119.0
63,48,151.0
63,50,123.0
63,51,124.0
63,52,124.0
63,53,124.0
63,54,126.0
63,55,126.0
63,57,128.0
63,58,129.0
63,59,130.0
63,60,130.0
63,62,130.0
63,68,130.0
63,72,130.0
63,74,130.0
63,79,130.0
63,80,130.0
63,81,130.0
63,83,129.0
63,84,130.0
63,88,176.0
63,93,181.0
63,94,175.0
63,101,173.0
63,103,128.0
63,104,141.0
63,105,92.0
63,106,100.0
63,107,81.0
63,108,65.0
63,109,25.0
63,110,29.0
63,112,6.0
63,113,6.0
63,114,6.0
63,115,6.0
63,116,5.0
63,117,4.0
63,118,3.0
63,119,3.0
63,120,3.0
63,121,3.0
63,122,2.0
63,123,2.0
63,124,2.0
63,125,2.0
63,126,2.0
63,127,2.0
63,128,2.0
63,129,2.0
63,130,2.0
63,131,2.0
63,132,2.0
63,133,2.0
63,134,2.0
63,135,2.0
63,136,2.0
63,137,1.0
63,138,1.0
63,139,1.0
63,140,1.0
63,141,1.0
63,142,1.0
63,143,1.0
63,144,2.0
63,145,3.0
63,146,3.0
63,147,12.0
63,148,20.0
63,149,27.0
63,150,34.0
63,151,34.0
63,152,34.0
63,153,34.0
63,154,34.0
63,155,32.0
63,156,32.0
63,157,32.0
63,158,32.0
63,159,32.0
63,160,32.0
63,161,32.0
63,162,32.0
63,163,32.0
63,164,32.0
63,165,32.0
63,166,32.0
63,191,35.0
63,192,35.0
63,193,35.0
63,194,35.0
63,195,35.0
63,196,35.0
63,197,35.0
63,198,35.0
63,199,35.0
63,200,35.0
63,201,35.0
63,202,35.0
63,203,34.0
63,204,34.0
63,205,34.0
63,206,34.0
63,207,34.0
63,208,35.0
63,209,35.0
63,210,35.0
63,211,36.0
63,212,37.0
63,213,38.0
63,214,40.0
63,253,61.0
63,255,2.0
63,256,1.0
63,257,1.0
63,258,0.0
63,259,0.0
63,260,0.0
63,261,65.0
63,262,64.0
63,263,56.0
63,264,56.0
63,265,56.0
63,266,56.0
63,267,56.0
63,268,56.0
63,271,-1.0
63,272,-1.0
63,273,-1.0
63,274,-1.0
63,275,-1.0
63,276,-1.0
63,277,-2.0
63,278,-2.0
63,279,-3.0
63,280,-3.0
63,281,-4.0
63,282,-4.0
63,283,-4.0
63,284,-5.0
63,285,-5.0
63,286,-5.0
63,287,-5.0
63,288,-5.0
63,289,-4.0
63,290,-3.0
63,291,-3.0
63,292,-2.0
63,293,-2.0
63,294,-2.0
63,295,-2.0
63,296,-2.0
63,297,-2.0
63,298,-2.0
63,299,-2.0
63,300,-2.0
63,301,-2.0
63,302,-2.0
63,303,-2.0
63,304,-2.0
63,305,-2.0
63,306,-2.0
63,307,-2.0
63,308,-1.0
63,309,-1.0
63,310,-1.0
63,311,-1.0
63,312,-0.0
63,313,0.0
63,314,1.0
63,315,2.0
63,316,2.0
63,317,2.0
63,318,2.0
63,319,3.0
63,320,3.0
63,321,3.0
63,322,3.0
63,323,3.0
63,324,4.0
63,325,4.0
63,326,4.0
63,327,5.0
63,328,5.0
63,329,5.0
63,330,5.0
63,331,6.0
63,332,6.0
63,333,36.0
63,334,65.0
63,335,65.0
63,336,65.0
63,337,65.0
63,338,65.0
63,339,65.0
63,340,65.0
63,341,65.0
63,342,65.0
63,343,65.0
63,344,10.0
63,345,10.0
63,346,10.0
63,347,10.0
64,24,129.0
64,27,122.0
64,30,119.0
64,32,118.0
64,38,117.0
64,39,117.0
64,40,155.0
64,41,157.0
64,45,119.0
64,47,120.0
64,48,151.0
64,49,123.0
64,51,123.0
64,52,123.0
64,53,124.0
64,54,126.0
64,55,126.0
64,57,128.0
64,58,129.0
64,59,146.0
64,62,130.0
64,63,130.0
64,64,130.0
64,68,136.0
64,71,130.0
64,75,130.0
64,78,130.0
64,79,130.0
64,80,130.0
64,82,130.0
64,83,129.0
64,86,155.0
64,87,158.0
64,88,161.0
64,90,191.0
64,91,195.0
64,92,196.0
64,93,175.0
64,95,175.0
64,100,170.0
64,101,160.0
64,102,151.0
64,103,145.0
64,104,102.0
64,105,126.0
64,106,110.0
64,107,85.0
64,108,10.0
64,109,32.0
64,110,11.0
64,111,5.0
64,112,6.0
64,113,6.0
64,114,6.0
64,115,6.0
64,116,5.0
64,117,4.0
64,118,3.0
64,119,3.0
64,120,3.0
64,121,3.0
64,122,3.0
64,123,2.0
64,124,2.0
64,125,2.0
64,126,2.0
64,127,2.0
64,128,2.0
64,129,2.0
64,130,2.0
64,131,2.0
64,132,2.0
64,133,2.0
64,134,2.0
64,135,2.0
64,136,2.0
64,137,1.0
64,138,1.0
64,139,1.0
64,140,1.0
64,141,1.0
64,142,1.0
64,143,2.0
64,144,2.0
64,145,17.0
64,146,6.0
64,147,29.0
64,148,19.0
64,149,26.0
64,150,33.0
64,151,34.0
64,152,34.0
64,153,48.0
64,154,57.0
64,155,32.0
64,156,32.0
64,157,32.0
64,158,32.0
64,159,32.0
64,160,32.0
64,161,32.0
64,162,32.0
64,163,32.0
64,164,32.0
64,165,32.0
64,166,32.0
64,191,36.0
64,197,36.0
64,198,36.0
64,199,36.0
64,200,35.0
64,201,35.0
64,202,35.0
64,203,34.0
64,204,34.0
64,205,34.0
64,206,34.0
64,207,35.0
64,208,35.0
64,209,35.0
64,210,36.0
64,211,36.0
64,212,37.0
64,213,38.0
64,254,3.0
64,255,2.0
64,257,0.0
64,258,0.0
64,259,0.0
64,260,0.0
64,261,88.0
64,264,56.0
64,265,56.0
64,266,56.0
64,267,56.0
64,268,55.0
64,272,-1.0
64,273,-1.0
64,274,-1.0
64,275,-1.0
64,276,-1.0
64,277,-1.0
64,278,-2.0
64,279,-2.0
64,280,-2.0
64,281,-2.0
64,282,-3.0
64,283,-3.0
64,284,-4.0
64,285,-4.0
64,286,-4.0
64,287,-4.0
64,288,-4.0
64,289,-4.0
64,290,-3.0
64,291,-2.0
64,292,-2.0
64,293,-2.0
64,294,-2.0
64,295,-2.0
64,296,-2.0
64,297,-2.0
64,298,-2.0
64,299,-2.0
64,300,-2.0
64,301,-2.0
64,302,-2.0
64,303,-2.0
64,304,-2.0
64,305,-2.0
64,306,-2.0
64,307,-2.0
64,308,-2.0
64,309,-1.0
64,310,-1.0
64,311,-1.0
64,312,-1.0
64,313,0.0
64,314,1.0
64,315,2.0
64,316,2.0
64,317,2.0
64,318,2.0
64,319,2.0
64,320,3.0
64,321,3.0
64,322,3.0
64,323,3.0
64,324,4.0
64,325,4.0
64,326,4.0
64,327,5.0
64,328,5.0
64,329,5.0
64,330,5.0
64,331,6.0
64,332,6.0
64,333,7.0
64,334,68.0
64,335,66.0
64,336,65.0
64,337,65.0
64,338,65.0
64,339,65.0
64,340,65.0
64,341,65.0
64,342,65.0
64,343,52.0
64,344,10.0
64,345,10.0
64,346,10.0
64,347,9.0
65,27,124.0
65,29,119.0
65,32,118.0
65,38,117.0
65,40,164.0
65,41,165.0
65,42,173.0
65,45,119.0
65,47,120.0
65,48,121.0
65,51,123.0
65,52,123.0
65,53,124.0
65,54,125.0
65,55,126.0
65,57,128.0
65,58,128.0
65,60,130.0
65,62,130.0
65,65,130.0
65,68,150.0
65,71,130.0
65,75,130.0
65,77,130.0
65,78,130.0
65,79,130.0
65,82,130.0
65,85,139.0
65,86,148.0
65,87,152.0
65,88,177.0
65,89,183.0
65,90,175.0
65,93,175.0
65,94,205.0
65,95,175.0
65,98,160.0
65,99,172.0
65,100,170.0
65,101,159.0
65,102,160.0
65,103,151.0
65,104,140.0
65,105,129.0
65,106,99.0
65,107,58.0
65,108,61.0
65,109,30.0
65,110,4.0
65,111,5.0
65,112,6.0
65,113,6.0
65,114,6.0
65,115,6.0
65,116,5.0
65,117,4.0
65,118,3.0
65,119,3.0
65,120,3.0
65,121,3.0
65,122,3.0
65,123,2.0
65,124,2.0
65,125,2.0
65,126,2.0
65,127,2.0
65,128,2.0
65,129,2.0
65,130,2.0
65,131,2.0
65,132,2.0
65,133,2.0
65,134,2.0
65,135,2.0
65,136,2.0
65,137,1.0
65,138,1.0
65,139,1.0
65,140,0.0
65,141,1.0
65,142,1.0
65,143,2.0
65,144,2.0
65,145,6.0
65,146,9.0
65,147,9.0
65,148,19.0
65,149,25.0
65,150,30.0
65,152,64.0
65,154,87.0
65,155,32.0
65,156,32.0
65,158,32.0
65,159,36.0
65,160,32.0
65,161,32.0
65,162,32.0
65,163,32.0
65,164,32.0
65,165,32.0
65,166,32.0
65,191,36.0
65,197,36.0
65,198,36.0
65,199,36.0
65,200,35.0
65,201,35.0
65,202,35.0
65,203,35.0
65,204,35.0
65,205,35.0
65,206,35.0
65,207,35.0
65,208,35.0
65,209,36.0
65,210,36.0
65,211,37.0
65,212,37.0
65,213,38.0
65,255,1.0
65,256,0.0
65,257,0.0
65,258,0.0
65,259,0.0
65,260,0.0
65,261,0.0
65,262,107.0
65,263,98.0
65,265,56.0
65,266,56.0
65,267,50.0
65,268,45.0
65,269,39.0
65,270,33.0
65,272,-0.0
65,273,-0.0
65,274,-1.0
65,275,-1.0
65,276,-1.0
65,277,-1.0
65,278,-1.0
65,279,-2.0
65,280,-2.0
65,281,-2.0
65,282,-2.0
65,283,-2.0
65,284,-3.0
65,285,-3.0
65,286,-3.0
65,287,-3.0
65,288,-3.0
65,289,-3.0
65,290,-2.0
65,291,-2.0
65,292,-2.0
65,293,-2.0
65,294,-2.0
65,295,-1.0
65,296,-2.0
65,297,-2.0
65,298,-2.0
65,299,-2.0
65,300,-2.0
65,301,-2.0
65,302,-2.0
65,303,-2.0
65,304,-2.0
65,305,-2.0
65,306,-2.0
65,307,-2.0
65,308,-2.0
65,309,-1.0
65,310,-1.0
65,311,-1.0
65,312,-0.0
65,313,0.0
65,314,1.0
65,315,1.0
65,316,2.0
65,317,2.0
65,318,2.0
65,319,2.0
65,320,2.0
65,321,3.0
65,322,3.0
65,323,3.0
65,324,4.0
65,325,4.0
65,326,4.0
65,327,4.0
65,328,5.0
65,329,5.0
65,330,6.0
65,331,6.0
65,332,6.0
65,333,6.0
65,334,67.0
65,335,71.0
65,336,69.0
65,337,65.0
65,338,65.0
65,339,65.0
65,340,65.0
65,341,65.0
65,342,65.0
65,343,25.0
65,344,9.0
65,345,9.0
65,346,9.0
65,347,9.0
66,24,129.0
66,26,125.0
66,32,118.0
66,37,117.0
66,38,117.0
66,39,143.0
66,41,171.0
66,42,171.0
66,44,118.0
66,45,119.0
66,47,120.0
66,48,169.0
66,51,123.0
66,52,123.0
66,53,123.0
66,54,125.0
66,55,126.0
66,57,127.0
66,58,128.0
66,60,145.0
66,66,130.0
66,69,163.0
66,70,130.0
66,75,131.0
66,76,131.0
66,77,131.0
66,78,131.0
66,80,130.0
66,81,130.0
66,82,130.0
66,83,130.0
66,84,130.0
66,85,140.0
66,86,142.0
66,90,182.0
66,91,185.0
66,93,175.0
66,95,200.0
66,96,175.0
66,97,169.0
66,98,185.0
66,99,178.0
66,100,179.0
66,101,171.0
66,102,158.0
66,103,150.0
66,104,141.0
66,105,107.0
66,106,72.0
66,107,71.0
66,108,60.0
66,109,33.0
66,110,4.0
66,111,4.0
66,112,5.0
66,113,5.0
66,114,5.0
66,115,5.0
66,116,5.0
66,117,4.0
66,118,3.0
66,119,3.0
66,120,3.0
66,121,3.0
66,122,3.0
66,123,2.0
66,124,2.0
66,125,2.0
66,126,2.0
66,127,2.0
66,128,2.0
66,129,2.0
66,130,3.0
66,131,2.0
66,132,3.0
66,133,2.0
66,134,2.0
66,135,2.0
66,136,2.0
66,137,1.0
66,138,1.0
66,139,1.0
66,140,0.0
66,141,1.0
66,142,1.0
66,143,2.0
66,144,3.0
66,145,9.0
66,146,9.0
66,147,11.0
66,148,14.0
66,149,23.0
66,152,64.0
66,153,80.0
66,155,48.0
66,156,32.0
66,157,81.0
66,158,32.0
66,159,32.0
66,160,32.0
66,161,32.0
66,162,32.0
66,165,32.0
66,166,32.0
66,197,36.0
66,198,36.0
66,199,36.0
66,200,36.0
66,201,35.0
66,202,35.0
66,203,35.0
66,204,35.0
66,205,35.0
66,206,35.0
66,207,36.0
66,208,36.0
66,209,36.0
66,210,37.0
66,211,37.0
66,212,38.0
66,256,2.0
66,257,1.0
66,258,0.0
66,259,0.0
66,260,0.0
66,261,0.0
66,262,0.0
66,264,85.0
66,265,54.0
66,266,45.0
66,267,41.0
66,268,35.0
66,269,33.0
66,270,33.0
66,271,33.0
66,272,33.0
66,273,-0.0
66,274,-0.0
66,275,-0.0
66,276,-1.0
66,277,-1.0
66,278,-1.0
66,279,-1.0
66,280,-1.0
66,281,-1.0
66,282,-1.0
66,283,-2.0
66,284,-2.0
66,285,-2.0
66,286,-2.0
66,287,-2.0
66,288,-2.0
66,289,-2.0
66,290,-2.0
66,291,-2.0
66,292,-1.0
66,293,-1.0
66,294,-1.0
66,295,-1.0
66,296,-1.0
66,297,-1.0
66,298,-1.0
66,299,-2.0
66,300,-2.0
66,301,-2.0
66,302,-2.0
66,303,-2.0
66,304,-2.0
66,305,-2.0
66,306,-2.0
66,307,-2.0
66,308,-1.0
66,309,-1.0
66,310,-1.0
66,311,-1.0
66,312,-0.0
66,313,0.0
66,314,1.0
66,315,1.0
66,316,1.0
66,317,1.0
66,318,2.0
66,319,2.0
66,320,2.0
66,321,2.0
66,322,3.0
66,323,3.0
66,324,3.0
66,325,4.0
66,326,4.0
66,327,5.0
66,328,5.0
66,329,6.0
66,330,6.0
66,331,6.0
66,332,7.0
66,333,7.0
66,334,7.0
66,335,65.0
66,336,65.0
66,337,67.0
66,338,70.0
66,339,65.0
66,340,89.0
66,341,73.0
66,342,64.0
66,343,9.0
66,344,9.0
66,345,8.0
66,346,8.0
66,347,8.0
67,23,129.0
67,29,120.0
67,32,118.0
67,36,117.0
67,38,116.0
67,39,117.0
67,41,166.0
67,43,118.0
67,45,119.0
67,47,120.0
67,48,120.0
67,51,123.0
67,52,123.0
67,54,125.0
67,55,126.0
67,57,127.0
67,58,128.0
67,60,150.0
67,62,130.0
67,67,130.0
67,68,130.0
67,69,151.0
67,70,131.0
67,72,131.0
67,73,131.0
67,74,131.0
67,75,131.0
67,76,131.0
67,77,131.0
67,78,131.0
67,79,131.0
67,80,131.0
67,81,130.0
67,82,130.0
67,83,130.0
67,84,130.0
67,90,185.0
67,92,175.0
67,95,189.0
67,96,183.0
67,97,191.0
67,98,185.0
67,99,183.0
67,100,168.0
67,101,40.0
67,102,140.0
67,103,130.0
67,104,119.0
67,105,100.0
67,106,100.0
67,107,81.0
67,108,63.0
67,109,34.0
67,110,6.0
67,111,4.0
67,112,4.0
67,113,5.0
67,114,5.0
67,115,4.0
67,116,4.0
67,117,4.0
67,118,3.0
67,119,3.0
67,120,3.0
67,121,3.0
67,122,2.0
67,123,2.0
67,124,2.0
67,125,2.0
67,126,2.0
67,127,2.0
67,128,2.0
67,129,3.0
67,130,3.0
67,131,3.0
67,132,3.0
67,133,3.0
67,134,3.0
67,135,2.0
67,136,2.0
67,137,2.0
67,138,1.0
67,139,1.0
67,140,1.0
67,141,1.0
67,142,1.0
67,143,1.0
67,144,4.0
67,145,9.0
67,146,9.0
67,147,9.0
67,148,16.0
67,152,64.0
67,153,78.0
67,154,64.0
67,155,88.0
67,156,32.0
67,157,40.0
67,158,32.0
67,159,32.0
67,160,32.0
67,161,32.0
67,164,32.0
67,165,32.0
67,197,37.0
67,198,36.0
67,199,36.0
67,200,36.0
67,201,35.0
67,202,35.0
67,203,35.0
67,204,35.0
67,205,35.0
67,206,35.0
67,207,36.0
67,208,36.0
67,209,37.0
67,210,37.0
67,211,38.0
67,212,38.0
67,257,1.0
67,258,1.0
67,259,0.0
67,260,0.0
67,261,0.0
67,262,0.0
67,265,43.0
67,266,36.0
67,267,37.0
67,268,33.0
67,269,33.0
67,270,39.0
67,271,46.0
67,272,55.0
67,273,0.0
67,274,0.0
67,275,0.0
67,276,-0.0
67,277,-0.0
67,278,-0.0
67,279,-0.0
67,280,-1.0
67,281,-1.0
67,282,-1.0
67,283,-1.0
67,284,-1.0
67,285,-1.0
67,286,-2.0
67,287,-2.0
67,288,-2.0
67,289,-2.0
67,290,-1.0
67,291,-1.0
67,292,-1.0
67,293,-1.0
67,294,-1.0
67,295,-1.0
67,296,-1.0
67,297,-1.0
67,298,-1.0
67,299,-1.0
67,300,-1.0
67,301,-2.0
67,302,-2.0
67,303,-2.0
67,304,-2.0
67,305,-2.0
67,306,-2.0
67,307,-1.0
67,308,-1.0
67,309,-1.0
67,310,-1.0
67,311,-1.0
67,312,-0.0
67,313,0.0
67,314,0.0
67,315,1.0
67,316,1.0
67,317,1.0
67,318,1.0
67,319,2.0
67,320,2.0
67,321,2.0
67,322,3.0
67,323,3.0
67,324,3.0
67,325,4.0
67,326,4.0
67,327,5.0
67,328,6.0
67,329,6.0
67,330,6.0
67,331,7.0
67,332,7.0
67,333,7.0
67,334,7.0
67,335,7.0
67,336,8.0
67,337,8.0
67,338,65.0
67,339,74.0
67,340,72.0
67,341,102.0
67,342,54.0
67,343,8.0
67,344,8.0
67,345,8.0
67,346,8.0
67,347,8.0
68,23,129.0
68,26,125.0
68,28,120.0
68,31,118.0
68,36,117.0
68,38,116.0
68,39,144.0
68,41,165.0
68,43,117.0
68,47,120.0
68,48,120.0
68,50,123.0
68,51,123.0
68,52,123.0
68,54,125.0
68,55,126.0
68,57,127.0
68,58,128.0
68,59,128.0
68,60,179.0
68,62,129.0
68,69,130.0
68,70,172.0
68,72,131.0
68,74,131.0
68,75,131.0
68,76,131.0
68,78,131.0
68,79,131.0
68,80,131.0
68,81,131.0
68,82,131.0
68,90,182.0
68,92,175.0
68,95,179.0
68,96,183.0
68,97,186.0
68,98,160.0
68,99,160.0
68,100,170.0
68,101,161.0
68,102,160.0
68,103,150.0
68,104,135.0
68,105,126.0
68,106,104.0
68,107,81.0
68,108,65.0
68,109,44.0
68,110,18.0
68,111,9.0
68,112,9.0
68,113,9.0
68,114,8.0
68,115,7.0
68,116,4.0
68,117,3.0
68,118,3.0
68,119,3.0
68,120,3.0
68,121,3.0
68,122,2.0
68,123,2.0
68,124,2.0
68,125,2.0
68,126,2.0
68,127,2.0
68,128,2.0
68,129,3.0
68,130,3.0
68,131,3.0
68,132,3.0
68,134,3.0
68,135,2.0
68,136,2.0
68,137,2.0
68,138,1.0
68,139,1.0
68,140,1.0
68,141,1.0
68,142,1.0
68,144,10.0
68,145,39.0
68,146,9.0
68,147,9.0
68,151,88.0
68,153,64.0
68,154,64.0
68,155,64.0
68,156,76.0
68,157,32.0
68,158,32.0
68,160,32.0
68,163,33.0
68,164,32.0
68,165,32.0
68,197,37.0
68,198,36.0
68,199,36.0
68,200,36.0
68,201,36.0
68,202,35.0
68,203,35.0
68,204,35.0
68,205,35.0
68,206,36.0
68,207,36.0
68,208,36.0
68,209,36.0
68,210,37.0
68,211,37.0
68,212,38.0
68,213,38.0
68,258,49.0
68,259,1.0
68,260,0.0
68,261,0.0
68,262,0.0
68,263,0.0
68,265,35.0
68,266,33.0
68,267,33.0
68,268,33.0
68,269,33.0
68,270,43.0
68,271,51.0
68,272,55.0
68,273,1.0
68,274,1.0
68,275,1.0
68,276,1.0
68,277,1.0
68,278,0.0
68,279,0.0
68,280,-0.0
68,281,-0.0
68,282,-0.0
68,283,-1.0
68,284,-1.0
68,285,-1.0
68,286,-1.0
68,287,-1.0
68,288,-1.0
68,289,-1.0
68,290,-1.0
68,291,-1.0
68,292,-1.0
68,293,-1.0
68,294,-1.0
68,295,-1.0
68,296,-1.0
68,297,-1.0
68,298,-1.0
68,299,-1.0
68,300,-1.0
68,301,-1.0
68,302,-1.0
68,303,-1.0
68,304,-1.0
68,305,-2.0
68,306,-1.0
68,307,-1.0
68,308,-1.0
68,309,-1.0
68,310,-1.0
68,311,-1.0
68,312,-1.0
68,313,-0.0
68,314,0.0
68,315,1.0
68,316,1.0
68,317,1.0
68,318,1.0
68,319,1.0
68,320,2.0
68,321,2.0
68,322,2.0
68,323,3.0
68,324,3.0
68,325,4.0
68,326,4.0
68,327,5.0
68,328,6.0
68,329,6.0
68,330,6.0
68,331,7.0
68,332,17.0
68,333,8.0
68,334,8.0
68,335,8.0
68,336,8.0
68,337,8.0
68,338,8.0
68,339,71.0
68,340,100.0
68,341,111.0
68,342,63.0
68,343,20.0
68,344,8.0
68,345,8.0
68,346,8.0
68,347,7.0
69,23,129.0
69,26,126.0
69,28,120.0
69,31,118.0
69,35,117.0
69,38,116.0
69,40,172.0
69,42,117.0
69,45,119.0
69,46,120.0
69,47,120.0
69,48,132.0
69,51,123.0
69,52,123.0
69,53,124.0
69,54,125.0
69,55,126.0
69,57,126.0
69,58,127.0
69,59,127.0
69,60,128.0
69,62,128.0
69,67,130.0
69,68,130.0
69,70,150.0
69,71,131.0
69,73,131.0
69,74,131.0
69,75,131.0
69,76,131.0
69,77,131.0
69,78,131.0
69,79,131.0
69,80,131.0
69,81,131.0
69,82,131.0
69,83,130.0
69,85,130.0
69,86,129.0
69,87,129.0
69,89,152.0
69,90,145.0
69,91,157.0
69,92,167.0
69,93,164.0
69,94,176.0
69,95,179.0
69,96,184.0
69,97,180.0
69,98,184.0
69,99,174.0
69,100,165.0
69,101,151.0
69,102,158.0
69,103,146.0
69,104,128.0
69,105,116.0
69,106,100.0
69,107,85.0
69,108,66.0
69,109,47.0
69,110,30.0
69,111,9.0
69,112,9.0
69,113,9.0
69,114,9.0
69,115,9.0
69,116,7.0
69,117,3.0
69,118,3.0
69,119,3.0
69,120,3.0
69,121,3.0
69,122,2.0
69,123,2.0
69,124,2.0
69,125,2.0
69,126,2.0
69,127,2.0
69,128,3.0
69,129,3.0
69,130,3.0
69,131,3.0
69,132,3.0
69,133,3.0
69,134,3.0
69,135,2.0
69,136,2.0
69,137,2.0
69,138,1.0
69,139,1.0
69,140,1.0
69,142,1.0
69,143,3.0
69,144,6.0
69,145,9.0
69,146,9.0
69,147,59.0
69,149,85.0
69,150,82.0
69,151,64.0
69,152,64.0
69,153,73.0
69,154,64.0
69,155,90.0
69,156,72.0
69,157,43.0
69,158,32.0
69,159,32.0
69,160,32.0
69,163,33.0
69,165,33.0
69,196,40.0
69,197,38.0
69,198,37.0
69,199,36.0
69,200,36.0
69,201,36.0
69,202,35.0
69,203,35.0
69,204,35.0
69,205,35.0
69,206,36.0
69,207,36.0
69,208,36.0
69,209,37.0
69,210,37.0
69,211,37.0
69,212,38.0
69,213,38.0
69,214,39.0
69,259,45.0
69,260,0.0
69,261,0.0
69,262,0.0
69,263,0.0
69,264,55.0
69,265,38.0
69,266,33.0
69,267,36.0
69,268,33.0
69,269,47.0
69,270,18.0
69,271,33.0
69,272,2.0
69,273,1.0
69,274,1.0
69,275,2.0
69,276,1.0
69,277,1.0
69,278,1.0
69,279,1.0
69,280,0.0
69,281,0.0
69,282,0.0
69,283,-0.0
69,284,-0.0
69,285,-1.0
69,286,-1.0
69,287,-1.0
69,288,-1.0
69,289,-1.0
69,290,-1.0
69,291,-0.0
69,292,-0.0
69,293,-0.0
69,294,-0.0
69,295,-0.0
69,296,-0.0
69,297,-0.0
69,298,-0.0
69,299,-0.0
69,300,-0.0
69,301,-1.0
69,302,-1.0
69,303,-1.0
69,304,-1.0
69,305,-1.0
69,306,-1.0
69,307,-1.0
69,308,-1.0
69,309,-1.0
69,310,-1.0
69,311,-1.0
69,312,-1.0
69,313,-0.0
69,314,0.0
69,315,0.0
69,316,0.0
69,317,1.0
69,318,1.0
69,319,1.0
69,320,2.0
69,321,2.0
69,322,2.0
69,323,3.0
69,324,62.0
69,325,66.0
69,326,51.0
69,327,66.0
69,328,66.0
69,329,54.0
69,330,7.0
69,331,68.0
69,332,12.0
69,333,9.0
69,334,9.0
69,335,9.0
69,336,9.0
69,337,9.0
69,338,9.0
69,339,59.0
69,340,111.0
69,341,115.0
69,342,106.0
69,343,105.0
69,344,8.0
69,345,7.0
69,346,9.0
70,23,129.0
70,26,128.0
70,27,120.0
70,31,118.0
70,34,117.0
70,38,116.0
70,39,116.0
70,40,168.0
70,41,147.0
70,42,117.0
70,45,119.0
70,46,120.0
70,48,124.0
70,50,123.0
70,51,123.0
70,52,123.0
70,53,124.0
70,54,125.0
70,55,125.0
70,57,126.0
70,58,127.0
70,59,127.0
70,60,184.0
70,61,128.0
70,62,128.0
70,63,129.0
70,64,129.0
70,65,130.0
70,66,130.0
70,68,130.0
70,69,130.0
70,70,147.0
70,72,131.0
70,73,131.0
70,74,131.0
70,75,131.0
70,76,131.0
70,78,131.0
70,79,131.0
70,80,131.0
70,81,131.0
70,88,167.0
70,89,183.0
70,90,149.0
70,91,135.0
70,92,165.0
70,93,173.0
70,94,174.0
70,95,179.0
70,96,181.0
70,97,184.0
70,98,182.0
70,99,179.0
70,100,173.0
70,101,166.0
70,102,154.0
70,103,144.0
70,104,133.0
70,105,117.0
70,106,112.0
70,107,95.0
70,108,79.0
70,109,64.0
70,110,45.0
70,111,23.0
70,112,9.0
70,113,9.0
70,114,9.0
70,115,9.0
70,116,9.0
70,117,8.0
70,118,10.0
70,119,3.0
70,120,3.0
70,121,4.0
70,122,3.0
70,123,2.0
70,124,2.0
70,125,2.0
70,126,2.0
70,128,3.0
70,129,3.0
70,130,3.0
70,131,3.0
70,132,3.0
70,133,3.0
70,134,3.0
70,135,2.0
70,136,2.0
70,139,1.0
70,141,1.0
70,142,1.0
70,143,2.0
70,144,6.0
70,145,9.0
70,146,9.0
70,147,81.0
70,148,84.0
70,149,62.0
70,150,64.0
70,151,72.0
70,152,76.0
70,153,88.0
70,154,64.0
70,155,64.0
70,156,62.0
70,157,42.0
70,158,42.0
70,159,32.0
70,162,33.0
70,163,33.0
70,164,33.0
70,196,41.0
70,197,39.0
70,198,38.0
70,199,36.0
70,200,36.0
70,201,36.0
70,202,36.0
70,203,35.0
70,204,35.0
70,205,35.0
70,206,36.0
70,207,36.0
70,208,36.0
70,209,37.0
70,210,37.0
70,211,37.0
70,212,38.0
70,213,38.0
70,260,1.0
70,261,0.0
70,262,0.0
70,263,0.0
70,264,1.0
70,265,48.0
70,266,33.0
70,267,49.0
70,268,20.0
70,269,47.0
70,270,2.0
70,271,2.0
70,272,2.0
70,273,2.0
70,274,2.0
70,275,2.0
70,276,2.0
70,277,2.0
70,278,1.0
70,279,1.0
70,280,1.0
70,281,1.0
70,282,1.0
70,283,0.0
70,284,0.0
70,285,-0.0
70,286,-0.0
70,287,-0.0
70,288,-1.0
70,289,-0.0
70,290,-0.0
70,291,-0.0
70,292,-0.0
70,293,-0.0
70,294,-0.0
70,295,-0.0
70,296,-0.0
70,297,-0.0
70,298,-0.0
70,299,-0.0
70,300,-0.0
70,301,-1.0
70,302,-1.0
70,303,-1.0
70,304,-1.0
70,305,-1.0
70,306,-1.0
70,307,-1.0
70,308,-1.0
70,309,-1.0
70,310,-1.0
70,311,-1.0
70,312,-0.0
70,313,-0.0
70,314,-0.0
70,315,0.0
70,316,0.0
70,317,0.0
70,318,1.0
70,319,1.0
70,320,1.0
70,321,2.0
70,322,2.0
70,323,47.0
70,324,70.0
70,325,108.0
70,326,141.0
70,327,69.0
70,328,61.0
70,329,62.0
70,330,60.0
70,331,119.0
70,332,72.0
70,333,10.0
70,334,11.0
70,335,10.0
70,336,10.0
70,337,27.0
70,338,10.0
70,339,10.0
70,340,113.0
70,341,116.0
70,342,87.0
70,343,51.0
70,344,86.0
70,345,15.0
70,346,36.0
71,23,129.0
71,25,129.0
71,27,122.0
71,31,118.0
71,34,117.0
71,37,161.0
71,38,116.0
71,39,116.0
71,41,132.0
71,45,120.0
71,46,120.0
71,48,121.0
71,50,123.0
71,51,123.0
71,52,123.0
71,53,124.0
71,54,125.0
71,55,125.0
71,56,126.0
71,57,126.0
71,58,126.0
71,59,127.0
71,60,157.0
71,61,128.0
71,65,130.0
71,67,130.0
71,68,130.0
71,70,143.0
71,72,131.0
71,74,131.0
71,77,131.0
71,78,131.0
71,79,131.0
71,80,131.0
71,81,131.0
71,86,130.0
71,87,129.0
71,88,129.0
71,89,129.0
71,90,129.0
71,91,135.0
71,92,167.0
71,93,169.0
71,94,176.0
71,95,180.0
71,96,184.0
71,97,184.0
71,98,183.0
71,99,179.0
71,100,173.0
71,101,165.0
71,102,160.0
71,103,151.0
71,104,140.0
71,105,131.0
71,106,119.0
71,107,98.0
71,108,72.0
71,109,69.0
71,110,68.0
71,111,69.0
71,112,68.0
71,113,65.0
71,114,62.0
71,115,63.0
71,116,61.0
71,117,52.0
71,118,69.0
71,119,15.0
71,120,4.0
71,121,4.0
71,122,3.0
71,123,3.0
71,124,2.0
71,125,2.0
71,126,2.0
71,127,2.0
71,128,3.0
71,129,3.0
71,130,3.0
71,131,3.0
71,132,3.0
71,133,3.0
71,134,3.0
71,135,2.0
71,136,2.0
71,137,2.0
71,138,1.0
71,140,2.0
71,142,2.0
71,143,2.0
71,144,5.0
71,145,9.0
71,146,60.0
71,152,64.0
71,153,64.0
71,154,64.0
71,155,64.0
71,156,57.0
71,157,32.0
71,158,33.0
71,159,68.0
71,160,55.0
71,161,33.0
71,162,33.0
71,164,34.0
71,196,42.0
71,197,39.0
71,198,37.0
71,199,37.0
71,200,36.0
71,201,36.0
71,202,36.0
71,203,35.0
71,204,35.0
71,205,35.0
71,206,36.0
71,207,36.0
71,208,36.0
71,209,36.0
71,210,37.0
71,211,37.0
71,212,38.0
71,213,38.0
71,261,1.0
71,262,0.0
71,263,1.0
71,264,1.0
71,265,2.0
71,266,45.0
71,267,54.0
71,268,2.0
71,269,3.0
71,270,3.0
71,271,3.0
71,272,3.0
71,273,3.0
71,274,3.0
71,275,3.0
71,276,3.0
71,277,2.0
71,278,2.0
71,279,2.0
71,280,2.0
71,281,1.0
71,282,1.0
71,283,1.0
71,284,1.0
71,285,0.0
71,286,0.0
71,287,-0.0
71,288,-0.0
71,289,-0.0
71,290,-0.0
71,291,-0.0
71,292,-0.0
71,293,-0.0
71,294,-0.0
71,295,-0.0
71,296,-0.0
71,297,-0.0
71,298,-0.0
71,299,-0.0
71,300,-0.0
71,301,-0.0
71,302,-0.0
71,303,-0.0
71,304,-0.0
71,305,-0.0
71,306,-0.0
71,307,-0.0
71,308,-0.0
71,309,-0.0
71,310,-0.0
71,311,-0.0
71,312,-0.0
71,313,-0.0
71,314,-0.0
71,315,0.0
71,316,0.0
71,317,0.0
71,318,1.0
71,319,1.0
71,320,2.0
71,321,2.0
71,322,3.0
71,323,3.0
71,324,81.0
71,325,108.0
71,326,108.0
71,327,105.0
71,328,103.0
71,329,99.0
71,330,107.0
71,331,107.0
71,332,60.0
71,333,12.0
71,334,12.0
71,335,12.0
71,336,12.0
71,337,12.0
71,338,12.0
71,339,47.0
71,340,86.0
71,341,118.0
71,342,92.0
71,343,33.0
71,344,38.0
71,345,36.0
72,23,129.0
72,27,123.0
72,31,118.0
72,33,117.0
72,37,151.0
72,38,116.0
72,39,116.0
72,40,139.0
72,42,117.0
72,44,119.0
72,46,120.0
72,48,121.0
72,50,123.0
72,51,123.0
72,52,123.0
72,53,124.0
72,54,125.0
72,56,126.0
72,58,126.0
72,59,127.0
72,61,184.0
72,63,128.0
72,64,129.0
72,66,129.0
72,67,129.0
72,68,130.0
72,69,130.0
72,70,130.0
72,71,130.0
72,72,130.0
72,73,131.0
72,74,131.0
72,75,131.0
72,76,131.0
72,79,131.0
72,80,131.0
72,81,131.0
72,82,131.0
72,83,131.0
72,84,131.0
72,85,130.0
72,86,130.0
72,87,129.0
72,88,129.0
72,89,129.0
72,90,129.0
72,91,155.0
72,92,152.0
72,93,172.0
72,94,178.0
72,95,182.0
72,96,181.0
72,97,184.0
72,98,183.0
72,99,181.0
72,100,175.0
72,101,170.0
72,102,164.0
72,103,150.0
72,104,143.0
72,105,108.0
72,106,70.0
72,107,80.0
72,108,74.0
72,109,69.0
72,110,69.0
72,111,69.0
72,112,69.0
72,113,84.0
72,114,69.0
72,115,66.0
72,117,52.0
72,118,44.0
72,119,17.0
72,120,46.0
72,121,36.0
72,122,3.0
72,123,3.0
72,124,2.0
72,125,2.0
72,129,3.0
72,130,3.0
72,133,3.0
72,134,3.0
72,135,2.0
72,136,2.0
72,137,2.0
72,138,2.0
72,139,2.0
72,140,2.0
72,141,3.0
72,142,3.0
72,143,3.0
72,144,5.0
72,145,9.0
72,146,9.0
72,147,45.0
72,148,62.0
72,149,60.0
72,150,64.0
72,151,64.0
72,152,64.0
72,153,64.0
72,154,79.0
72,155,79.0
72,156,62.0
72,157,50.0
72,160,34.0
72,161,34.0
72,162,34.0
72,164,35.0
72,196,42.0
72,197,40.0
72,198,38.0
72,199,37.0
72,200,36.0
72,201,36.0
72,202,36.0
72,203,35.0
72,204,35.0
72,205,35.0
72,206,35.0
72,207,36.0
72,208,36.0
72,209,37.0
72,210,37.0
72,211,37.0
72,212,38.0
72,213,38.0
72,214,38.0
72,262,1.0
72,263,1.0
72,264,2.0
72,265,2.0
72,266,3.0
72,267,3.0
72,268,3.0
72,269,3.0
72,270,4.0
72,271,4.0
72,272,4.0
72,273,4.0
72,274,3.0
72,275,3.0
72,276,3.0
72,277,3.0
72,278,2.0
72,279,2.0
72,280,2.0
72,281,2.0
72,282,2.0
72,283,1.0
72,284,1.0
72,285,1.0
72,286,0.0
72,287,0.0
72,288,-0.0
72,289,-0.0
72,290,-0.0
72,291,-0.0
72,292,-0.0
72,293,-0.0
72,294,-0.0
72,295,-0.0
72,296,-0.0
72,297,-0.0
72,298,-0.0
72,299,-0.0
72,300,-0.0
72,301,-0.0
72,302,-0.0
72,303,-0.0
72,304,-0.0
72,305,-0.0
72,306,-0.0
72,307,-0.0
72,308,-0.0
72,309,-0.0
72,310,0.0
72,311,-0.0
72,312,-0.0
72,313,0.0
72,314,0.0
72,315,0.0
72,316,0.0
72,317,0.0
72,318,1.0
72,319,1.0
72,320,1.0
72,321,2.0
72,322,3.0
72,323,3.0
72,324,108.0
72,325,108.0
72,326,110.0
72,327,108.0
72,328,108.0
72,329,108.0
72,330,113.0
72,331,74.0
72,332,13.0
72,333,13.0
72,334,13.0
72,335,13.0
72,336,13.0
72,337,13.0
72,338,13.0
72,339,14.0
72,340,37.0
72,341,90.0
72,342,64.0
72,343,43.0
72,344,9.0
72,345,62.0
73,25,129.0
73,27,124.0
73,31,118.0
73,32,117.0
73,38,116.0
73,39,116.0
73,40,117.0
73,42,117.0
73,43,118.0
73,45,120.0
73,46,120.0
73,48,121.0
73,49,123.0
73,50,123.0
73,51,123.0
73,52,123.0
73,53,124.0
73,54,125.0
73,55,125.0
73,56,126.0
73,57,126.0
73,58,126.0
73,60,127.0
73,61,154.0
73,63,128.0
73,65,129.0
73,66,129.0
73,69,130.0
73,71,130.0
73,72,130.0
73,73,130.0
73,75,131.0
73,76,131.0
73,77,131.0
73,78,131.0
73,79,131.0
73,80,131.0
73,81,131.0
73,82,131.0
73,83,131.0
73,84,130.0
73,85,130.0
73,86,130.0
73,87,129.0
73,88,129.0
73,89,129.0
73,90,142.0
73,91,157.0
73,92,164.0
73,93,170.0
73,94,177.0
73,95,181.0
73,96,184.0
73,97,184.0
73,98,184.0
73,99,180.0
73,100,173.0
73,101,165.0
73,102,152.0
73,103,153.0
73,104,114.0
73,105,103.0
73,106,103.0
73,107,76.0
73,108,69.0
73,109,69.0
73,110,69.0
73,111,69.0
73,112,69.0
73,113,72.0
73,114,68.0
73,115,60.0
73,116,57.0
73,118,6.0
73,124,3.0
73,125,2.0
73,126,2.0
73,127,2.0
73,128,2.0
73,133,3.0
73,135,3.0
73,137,3.0
73,138,2.0
73,139,2.0
73,140,3.0
73,141,3.0
73,142,3.0
73,143,3.0
73,144,6.0
73,145,9.0
73,146,9.0
73,147,81.0
73,148,81.0
73,149,90.0
73,150,78.0
73,151,73.0
73,152,68.0
73,153,64.0
73,154,64.0
73,155,64.0
73,156,61.0
73,157,47.0
73,158,33.0
73,159,34.0
73,160,34.0
73,163,35.0
73,196,42.0
73,197,39.0
73,198,38.0
73,199,37.0
73,200,37.0
73,201,36.0
73,202,36.0
73,203,35.0
73,204,35.0
73,205,35.0
73,206,35.0
73,207,36.0
73,208,36.0
73,209,36.0
73,210,37.0
73,211,37.0
73,212,37.0
73,213,38.0
73,214,38.0
73,263,1.0
73,264,2.0
73,265,3.0
73,266,3.0
73,267,4.0
73,268,4.0
73,269,4.0
73,270,4.0
73,271,4.0
73,272,4.0
73,273,4.0
73,274,4.0
73,275,4.0
73,276,3.0
73,277,3.0
73,278,3.0
73,279,3.0
73,280,3.0
73,281,2.0
73,282,2.0
73,283,2.0
73,284,2.0
73,285,1.0
73,286,1.0
73,287,0.0
73,288,0.0
73,289,0.0
73,290,0.0
73,291,0.0
73,292,0.0
73,293,0.0
73,294,0.0
73,295,0.0
73,296,0.0
73,297,0.0
73,298,0.0
73,299,0.0
73,300,0.0
73,301,0.0
73,302,0.0
73,303,0.0
73,304,-0.0
73,305,-0.0
73,306,-0.0
73,307,-0.0
73,308,0.0
73,309,0.0
73,310,0.0
73,311,0.0
73,312,0.0
73,313,0.0
73,314,0.0
73,315,0.0
73,316,0.0
73,317,1.0
73,318,1.0
73,319,1.0
73,320,2.0
73,321,2.0
73,322,3.0
73,323,3.0
73,324,108.0
73,325,108.0
73,326,108.0
73,327,108.0
73,328,108.0
73,329,108.0
73,330,108.0
73,331,72.0
73,332,59.0
73,333,14.0
73,334,14.0
73,335,14.0
73,336,42.0
73,337,14.0
73,338,14.0
73,339,13.0
73,340,52.0
73,341,68.0
73,342,11.0
73,343,10.0
73,344,9.0
74,23,129.0
74,25,129.0
74,26,126.0
74,31,118.0
74,32,118.0
74,36,138.0
74,38,116.0
74,40,117.0
74,42,117.0
74,43,117.0
74,45,120.0
74,48,121.0
74,50,123.0
74,51,123.0
74,52,124.0
74,53,125.0
74,55,126.0
74,56,126.0
74,57,126.0
74,58,127.0
74,60,127.0
74,61,128.0
74,63,128.0
74,64,128.0
74,67,129.0
74,68,129.0
74,70,130.0
74,71,130.0
74,72,130.0
74,74,130.0
74,75,131.0
74,76,131.0
74,77,131.0
74,78,131.0
74,79,131.0
74,80,131.0
74,81,131.0
74,82,131.0
74,84,130.0
74,85,130.0
74,86,130.0
74,87,130.0
74,88,129.0
74,89,134.0
74,90,142.0
74,91,154.0
74,92,164.0
74,93,172.0
74,94,177.0
74,95,182.0
74,96,184.0
74,97,184.0
74,98,183.0
74,99,175.0
74,100,145.0
74,101,152.0
74,102,146.0
74,103,125.0
74,104,124.0
74,105,115.0
74,106,93.0
74,107,85.0
74,108,69.0
74,109,69.0
74,110,69.0
74,111,69.0
74,112,69.0
74,113,79.0
74,114,50.0
74,115,59.0
74,116,66.0
74,117,59.0
74,119,27.0
74,120,21.0
74,121,22.0
74,123,3.0
74,125,2.0
74,126,2.0
74,127,2.0
74,128,2.0
74,129,2.0
74,130,3.0
74,131,3.0
74,132,3.0
74,133,3.0
74,134,3.0
74,135,4.0
74,136,4.0
74,137,3.0
74,139,3.0
74,140,3.0
74,141,3.0
74,142,3.0
74,143,3.0
74,144,6.0
74,145,9.0
74,146,9.0
74,147,9.0
74,148,35.0
74,149,60.0
74,150,71.0
74,151,74.0
74,153,64.0
74,157,33.0
74,158,34.0
74,163,36.0
74,164,36.0
74,165,36.0
74,196,41.0
74,197,40.0
74,198,38.0
74,199,37.0
74,200,37.0
74,201,36.0
74,202,36.0
74,203,35.0
74,204,35.0
74,205,35.0
74,206,35.0
74,207,36.0
74,208,36.0
74,209,37.0
74,210,37.0
74,211,37.0
74,212,37.0
74,213,37.0
74,214,37.0
74,264,3.0
74,265,3.0
74,266,4.0
74,267,4.0
74,268,5.0
74,269,5.0
74,270,5.0
74,271,5.0
74,272,5.0
74,273,5.0
74,274,4.0
74,275,4.0
74,276,4.0
74,277,4.0
74,278,3.0
74,279,3.0
74,280,3.0
74,281,3.0
74,282,3.0
74,283,2.0
74,284,2.0
74,285,2.0
74,286,1.0
74,287,1.0
74,288,1.0
74,289,0.0
74,290,0.0
74,291,0.0
74,292,0.0
74,293,0.0
74,294,0.0
74,295,0.0
74,296,0.0
74,297,0.0
74,298,0.0
74,299,0.0
74,300,0.0
74,301,0.0
74,302,0.0
74,303,0.0
74,304,-0.0
74,305,0.0
74,306,0.0
74,307,0.0
74,308,1.0
74,309,1.0
74,310,1.0
74,311,1.0
74,312,1.0
74,313,1.0
74,314,1.0
74,315,1.0
74,316,1.0
74,317,2.0
74,318,1.0
74,319,2.0
74,320,2.0
74,321,2.0
74,322,3.0
74,323,3.0
74,324,111.0
74,325,108.0
74,326,108.0
74,327,108.0
74,328,108.0
74,329,108.0
74,330,108.0
74,331,107.0
74,332,16.0
74,333,14.0
74,334,14.0
74,335,14.0
74,336,14.0
74,337,14.0
74,338,14.0
74,339,14.0
74,340,14.0
74,341,14.0
74,342,12.0
74,343,11.0
75,23,129.0
75,25,129.0
75,26,126.0
75,31,118.0
75,36,122.0
75,38,116.0
75,39,116.0
75,40,117.0
75,42,117.0
75,45,120.0
75,46,120.0
75,48,121.0
75,49,123.0
75,50,123.0
75,51,123.0
75,52,123.0
75,53,124.0
75,55,126.0
75,56,126.0
75,57,127.0
75,58,127.0
75,60,127.0
75,61,128.0
75,62,128.0
75,63,128.0
75,66,129.0
75,69,129.0
75,70,129.0
75,71,129.0
75,72,130.0
75,73,130.0
75,74,130.0
75,75,130.0
75,76,130.0
75,77,130.0
75,78,130.0
75,79,131.0
75,80,132.0
75,81,147.0
75,82,130.0
75,83,130.0
75,84,130.0
75,85,130.0
75,86,130.0
75,87,129.0
75,88,129.0
75,89,129.0
75,90,138.0
75,91,150.0
75,92,155.0
75,93,157.0
75,94,160.0
75,95,160.0
75,96,160.0
75,97,160.0
75,98,160.0
75,99,160.0
75,100,146.0
75,101,119.0
75,102,123.0
75,103,122.0
75,104,97.0
75,105,70.0
75,106,69.0
75,107,69.0
75,108,70.0
75,109,69.0
75,110,69.0
75,111,69.0
75,112,69.0
75,113,69.0
75,114,69.0
75,115,69.0
75,116,9.0
75,121,5.0
75,122,5.0
75,123,4.0
75,130,3.0
75,131,4.0
75,132,4.0
75,133,4.0
75,136,4.0
75,137,4.0
75,138,4.0
75,139,3.0
75,140,3.0
75,141,4.0
75,142,5.0
75,143,4.0
75,144,7.0
75,145,9.0
75,151,88.0
75,153,64.0
75,157,40.0
75,158,36.0
75,159,43.0
75,160,36.0
75,161,36.0
75,162,36.0
75,163,36.0
75,164,36.0
75,165,37.0
75,166,37.0
75,196,42.0
75,197,40.0
75,198,38.0
75,199,37.0
75,200,37.0
75,201,36.0
75,202,36.0
75,203,35.0
75,204,35.0
75,205,35.0
75,206,35.0
75,207,35.0
75,208,89.0
75,209,61.0
75,210,36.0
75,211,36.0
75,212,36.0
75,213,36.0
75,214,36.0
75,265,4.0
75,266,5.0
75,267,5.0
75,268,6.0
75,269,5.0
75,270,5.0
75,271,5.0
75,272,5.0
75,273,5.0
75,274,5.0
75,275,5.0
75,276,4.0
75,277,4.0
75,278,4.0
75,279,4.0
75,280,3.0
75,281,3.0
75,282,3.0
75,283,3.0
75,284,2.0
75,285,2.0
75,286,1.0
75,287,1.0
75,288,1.0
75,289,0.0
75,290,0.0
75,291,0.0
75,292,0.0
75,293,0.0
75,294,0.0
75,295,0.0
75,296,0.0
75,297,0.0
75,298,0.0
75,299,0.0
75,300,0.0
75,301,0.0
75,302,0.0
75,303,0.0
75,304,0.0
75,305,0.0
75,306,0.0
75,307,1.0
75,308,1.0
75,309,1.0
75,310,1.0
75,311,1.0
75,312,2.0
75,313,2.0
75,314,2.0
75,315,2.0
75,316,2.0
75,317,2.0
75,318,2.0
75,319,2.0
75,320,2.0
75,321,2.0
75,322,3.0
75,323,3.0
75,324,119.0
75,325,119.0
75,326,119.0
75,327,108.0
75,328,115.0
75,329,125.0
75,330,115.0
75,331,85.0
75,332,14.0
75,333,14.0
75,334,14.0
75,335,125.0
75,336,125.0
75,337,15.0
75,338,15.0
75,339,15.0
75,340,16.0
75,341,15.0
75,342,14.0
75,343,31.0
76,23,129.0
76,25,129.0
76,26,127.0
76,31,118.0
76,35,117.0
76,38,116.0
76,39,117.0
76,42,117.0
76,47,120.0
76,48,121.0
76,49,123.0
76,50,123.0
76,51,123.0
76,52,123.0
76,53,125.0
76,54,126.0
76,56,127.0
76,57,127.0
76,58,127.0
76,59,127.0
76,60,127.0
76,61,144.0
76,62,128.0
76,63,128.0
76,65,128.0
76,67,129.0
76,68,129.0
76,69,129.0
76,70,129.0
76,71,129.0
76,72,130.0
76,73,129.0
76,74,130.0
76,76,130.0
76,77,130.0
76,78,130.0
76,79,130.0
76,80,130.0
76,81,130.0
76,82,130.0
76,83,130.0
76,84,130.0
76,85,130.0
76,86,130.0
76,87,129.0
76,88,129.0
76,89,129.0
76,90,134.0
76,91,129.0
76,108,69.0
76,109,69.0
76,110,69.0
76,111,69.0
76,112,69.0
76,114,69.0
76,115,69.0
76,116,69.0
76,117,9.0
76,122,5.0
76,124,3.0
76,125,3.0
76,126,2.0
76,127,3.0
76,128,3.0
76,129,3.0
76,130,4.0
76,131,4.0
76,132,4.0
76,133,5.0
76,134,5.0
76,135,5.0
76,136,6.0
76,137,5.0
76,138,4.0
76,139,7.0
76,140,9.0
76,141,8.0
76,142,9.0
76,143,9.0
76,144,8.0
76,145,9.0
76,150,99.0
76,153,64.0
76,154,80.0
76,155,89.0
76,156,56.0
76,157,90.0
76,196,42.0
76,197,39.0
76,198,38.0
76,199,37.0
76,200,37.0
76,201,36.0
76,202,35.0
76,203,35.0
76,204,35.0
76,205,35.0
76,206,35.0
76,207,35.0
76,208,35.0
76,209,78.0
76,210,86.0
76,211,35.0
76,212,35.0
76,213,39.0
76,214,35.0
76,266,5.0
76,267,6.0
76,268,6.0
76,269,6.0
76,270,6.0
76,271,6.0
76,272,6.0
76,273,6.0
76,274,5.0
76,275,5.0
76,276,5.0
76,277,4.0
76,278,4.0
76,279,4.0
76,280,4.0
76,281,4.0
76,282,3.0
76,283,3.0
76,284,3.0
76,285,2.0
76,286,2.0
76,287,1.0
76,288,1.0
76,289,1.0
76,290,0.0
76,291,0.0
76,292,0.0
76,293,0.0
76,294,0.0
76,295,0.0
76,296,0.0
76,297,0.0
76,298,0.0
76,299,0.0
76,300,0.0
76,301,0.0
76,302,0.0
76,303,0.0
76,304,0.0
76,305,0.0
76,306,1.0
76,307,1.0
76,308,1.0
76,309,2.0
76,310,2.0
76,311,2.0
76,312,2.0
76,313,3.0
76,314,3.0
76,315,3.0
76,316,3.0
76,317,3.0
76,318,3.0
76,319,3.0
76,320,3.0
76,321,3.0
76,322,3.0
76,323,3.0
76,324,119.0
76,325,119.0
76,326,119.0
76,327,119.0
76,328,123.0
76,329,125.0
76,330,125.0
76,331,125.0
76,332,125.0
76,333,125.0
76,334,125.0
76,335,125.0
76,336,125.0
76,337,125.0
76,338,125.0
76,339,17.0
76,340,17.0
76,341,16.0
76,342,15.0
77,23,129.0
77,26,128.0
77,30,119.0
77,31,118.0
77,35,117.0
77,38,116.0
77,39,117.0
77,40,117.0
77,42,117.0
77,45,120.0
77,47,120.0
77,48,121.0
77,49,123.0
77,50,123.0
77,51,123.0
77,52,124.0
77,53,125.0
77,54,126.0
77,56,127.0
77,57,127.0
77,58,127.0
77,59,127.0
77,61,137.0
77,62,128.0
77,64,128.0
77,65,128.0
77,66,128.0
77,67,129.0
77,68,128.0
77,69,129.0
77,70,129.0
77,71,129.0
77,72,129.0
77,73,129.0
77,75,129.0
77,76,129.0
77,77,129.0
77,78,129.0
77,79,129.0
77,80,130.0
77,81,130.0
77,82,130.0
77,83,130.0
77,84,130.0
77,85,130.0
77,86,130.0
77,87,129.0
77,88,129.0
77,89,129.0
77,90,133.0
77,112,69.0
77,113,69.0
77,114,69.0
77,117,53.0
77,119,53.0
77,120,42.0
77,121,18.0
77,128,7.0
77,129,6.0
77,130,5.0
77,131,5.0
77,132,6.0
77,133,7.0
77,134,7.0
77,135,7.0
77,136,7.0
77,137,9.0
77,138,9.0
77,139,9.0
77,141,103.0
77,143,9.0
77,144,9.0
77,145,9.0
77,146,14.0
77,147,35.0
77,148,51.0
77,149,106.0
77,153,64.0
77,154,64.0
77,155,49.0
77,196,41.0
77,197,40.0
77,198,38.0
77,199,37.0
77,200,37.0
77,201,36.0
77,202,35.0
77,203,35.0
77,204,35.0
77,205,35.0
77,206,34.0
77,207,35.0
77,208,35.0
77,209,35.0
77,210,88.0
77,211,56.0
77,212,40.0
77,213,36.0
77,214,36.0
77,267,6.0
77,268,7.0
77,269,7.0
77,270,7.0
77,271,7.0
77,272,6.0
77,273,6.0
77,274,6.0
77,275,5.0
77,276,5.0
77,277,5.0
77,278,4.0
77,279,4.0
77,280,4.0
77,281,4.0
77,282,4.0
77,283,3.0
77,284,3.0
77,285,2.0
77,286,2.0
77,287,1.0
77,288,1.0
77,289,1.0
77,290,0.0
77,291,0.0
77,292,0.0
77,293,0.0
77,294,0.0
77,295,0.0
77,296,0.0
77,297,0.0
77,298,0.0
77,299,0.0
77,300,0.0
77,301,0.0
77,302,0.0
77,303,0.0
77,304,0.0
77,305,1.0
77,306,1.0
77,307,2.0
77,308,2.0
77,309,3.0
77,310,3.0
77,311,3.0
77,312,3.0
77,313,3.0
77,314,3.0
77,315,4.0
77,316,3.0
77,317,3.0
77,318,3.0
77,319,3.0
77,320,3.0
77,321,3.0
77,322,3.0
77,323,4.0
77,324,143.0
77,325,119.0
77,326,119.0
77,327,119.0
77,328,123.0
77,329,125.0
77,330,125.0
77,331,125.0
77,332,125.0
77,333,125.0
77,334,125.0
77,335,125.0
77,336,125.0
77,337,125.0
77,338,86.0
77,339,18.0
77,340,18.0
77,341,17.0
77,342,16.0
78,23,129.0
78,25,129.0
78,26,128.0
78,30,119.0
78,31,118.0
78,34,117.0
78,38,116.0
78,40,117.0
78,41,117.0
78,42,117.0
78,45,120.0
78,47,120.0
78,48,121.0
78,49,122.0
78,50,123.0
78,51,123.0
78,52,123.0
78,53,124.0
78,55,127.0
78,56,127.0
78,57,127.0
78,59,127.0
78,60,127.0
78,61,127.0
78,62,128.0
78,63,128.0
78,65,128.0
78,67,128.0
78,68,128.0
78,69,128.0
78,70,128.0
78,71,129.0
78,72,129.0
78,73,129.0
78,74,129.0
78,75,129.0
78,76,129.0
78,77,129.0
78,78,129.0
78,79,129.0
78,80,129.0
78,81,129.0
78,82,129.0
78,83,129.0
78,84,129.0
78,85,129.0
78,86,129.0
78,87,129.0
78,88,129.0
78,89,129.0
78,113,69.0
78,114,69.0
78,115,69.0
78,116,69.0
78,118,66.0
78,119,73.0
78,126,9.0
78,127,9.0
78,128,9.0
78,129,9.0
78,130,9.0
78,131,9.0
78,132,9.0
78,135,9.0
78,136,9.0
78,137,9.0
78,139,9.0
78,140,51.0
78,141,19.0
78,142,34.0
78,143,9.0
78,144,46.0
78,145,56.0
78,148,110.0
78,149,61.0
78,150,64.0
78,151,64.0
78,152,64.0
78,153,64.0
78,154,76.0
78,155,33.0
78,196,41.0
78,197,40.0
78,198,38.0
78,199,37.0
78,200,37.0
78,201,36.0
78,202,35.0
78,203,35.0
78,204,34.0
78,205,34.0
78,206,34.0
78,207,34.0
78,208,34.0
78,209,84.0
78,210,90.0
78,211,78.0
78,212,70.0
78,213,36.0
78,214,37.0
78,268,7.0
78,269,7.0
78,270,7.0
78,271,7.0
78,272,7.0
78,273,6.0
78,274,6.0
78,275,6.0
78,276,5.0
78,277,5.0
78,278,5.0
78,279,5.0
78,280,4.0
78,281,4.0
78,282,4.0
78,283,3.0
78,284,3.0
78,285,3.0
78,286,2.0
78,287,2.0
78,288,1.0
78,289,1.0
78,290,1.0
78,291,1.0
78,292,1.0
78,293,1.0
78,294,0.0
78,295,0.0
78,296,0.0
78,297,0.0
78,298,0.0
78,299,0.0
78,300,0.0
78,301,0.0
78,302,0.0
78,303,0.0
78,304,0.0
78,305,1.0
78,306,1.0
78,307,2.0
78,308,2.0
78,309,3.0
78,310,3.0
78,311,4.0
78,312,4.0
78,313,4.0
78,314,4.0
78,315,4.0
78,316,4.0
78,317,4.0
78,318,4.0
78,319,4.0
78,320,4.0
78,321,4.0
78,322,4.0
78,323,4.0
78,324,119.0
78,325,119.0
78,326,119.0
78,327,119.0
78,328,123.0
78,329,125.0
78,330,125.0
78,331,125.0
78,332,125.0
78,333,125.0
78,334,125.0
78,335,125.0
78,336,125.0
78,337,125.0
78,338,79.0
78,339,18.0
78,340,18.0
78,341,17.0
79,23,129.0
79,25,129.0
79,26,129.0
79,29,120.0
79,31,118.0
79,34,117.0
79,38,116.0
79,39,116.0
79,40,117.0
79,41,117.0
79,42,117.0
79,45,120.0
79,47,120.0
79,48,121.0
79,49,123.0
79,50,123.0
79,51,123.0
79,52,123.0
79,53,124.0
79,54,126.0
79,55,127.0
79,56,127.0
79,57,127.0
79,59,127.0
79,60,127.0
79,61,128.0
79,62,128.0
79,64,129.0
79,66,129.0
79,67,129.0
79,68,129.0
79,69,128.0
79,70,128.0
79,71,128.0
79,72,128.0
79,73,128.0
79,74,129.0
79,75,129.0
79,76,129.0
79,77,129.0
79,78,129.0
79,79,129.0
79,80,129.0
79,81,129.0
79,82,129.0
79,83,129.0
79,84,129.0
79,85,129.0
79,86,129.0
79,87,129.0
79,88,129.0
79,113,69.0
79,114,69.0
79,115,69.0
79,116,69.0
79,117,69.0
79,118,74.0
79,119,71.0
79,121,74.0
79,122,71.0
79,123,56.0
79,125,19.0
79,126,9.0
79,127,9.0
79,128,9.0
79,132,9.0
79,133,9.0
79,134,9.0
79,135,9.0
79,136,9.0
79,139,82.0
79,143,9.0
79,146,71.0
79,147,92.0
79,149,73.0
79,150,70.0
79,151,64.0
79,152,64.0
79,153,64.0
79,155,46.0
79,196,41.0
79,197,40.0
79,198,38.0
79,199,37.0
79,200,37.0
79,201,36.0
79,202,35.0
79,203,34.0
79,204,34.0
79,205,34.0
79,206,33.0
79,207,34.0
79,208,71.0
79,209,76.0
79,210,81.0
79,211,82.0
79,212,71.0
79,213,71.0
79,214,91.0
79,284,3.0
79,285,3.0
79,286,2.0
79,287,2.0
79,288,1.0
79,289,2.0
79,290,2.0
79,291,2.0
79,292,2.0
79,293,1.0
79,294,1.0
79,295,0.0
79,296,0.0
79,297,0.0
79,298,1.0
79,299,0.0
79,300,0.0
79,310,3.0
79,311,4.0
79,312,4.0
79,313,4.0
79,314,4.0
79,315,5.0
79,316,5.0
79,317,4.0
79,318,4.0
79,319,4.0
79,320,4.0
79,321,4.0
79,322,4.0
79,323,4.0
79,324,119.0
79,325,119.0
79,326,119.0
79,327,119.0
79,328,123.0
79,329,125.0
79,330,125.0
79,331,125.0
79,332,125.0
79,333,125.0
79,334,125.0
79,335,125.0
79,336,125.0
79,337,125.0
79,338,51.0
79,339,18.0
79,340,18.0
79,341,17.0
80,25,129.0
80,28,120.0
80,31,118.0
80,33,117.0
80,39,116.0
80,41,117.0
80,45,119.0
80,46,120.0
80,47,120.0
80,48,120.0
80,49,136.0
80,50,123.0
80,51,123.0
80,52,123.0
80,53,124.0
80,54,126.0
80,55,127.0
80,56,127.0
80,57,127.0
80,59,127.0
80,60,128.0
80,61,128.0
80,62,129.0
80,63,129.0
80,64,130.0
80,65,129.0
80,67,130.0
80,68,129.0
80,69,129.0
80,70,128.0
80,71,128.0
80,72,128.0
80,73,128.0
80,74,128.0
80,75,128.0
80,76,128.0
80,77,128.0
80,78,128.0
80,79,128.0
80,80,128.0
80,81,128.0
80,82,128.0
80,83,129.0
80,84,129.0
80,85,129.0
80,86,129.0
80,115,69.0
80,116,69.0
80,117,69.0
80,118,70.0
80,119,66.0
80,120,60.0
80,121,54.0
80,122,25.0
80,123,32.0
80,124,17.0
80,125,9.0
80,126,9.0
80,127,15.0
80,128,9.0
80,129,9.0
80,130,9.0
80,131,9.0
80,132,9.0
80,133,9.0
80,134,18.0
80,136,49.0
80,137,67.0
80,143,9.0
80,146,109.0
80,155,32.0
80,197,40.0
80,198,38.0
80,199,37.0
80,200,37.0
80,201,36.0
80,202,34.0
80,203,34.0
80,204,34.0
80,205,33.0
80,206,33.0
80,207,33.0
80,208,34.0
80,209,71.0
80,210,71.0
80,211,71.0
80,212,71.0
80,213,73.0
80,214,71.0
80,284,4.0
80,285,3.0
80,286,2.0
80,287,2.0
80,288,2.0
80,289,2.0
80,290,2.0
80,291,2.0
80,292,2.0
80,298,0.0
80,299,1.0
80,300,1.0
80,310,4.0
80,311,5.0
80,312,5.0
80,313,5.0
80,314,5.0
80,315,5.0
80,316,5.0
80,317,5.0
80,318,5.0
80,319,5.0
80,320,5.0
80,321,5.0
80,322,5.0
80,323,5.0
80,324,119.0
80,325,119.0
80,326,119.0
80,327,119.0
80,328,122.0
80,329,127.0
80,330,130.0
80,331,128.0
80,332,128.0
80,333,126.0
80,334,126.0
80,335,128.0
80,336,128.0
80,337,51.0
80,338,51.0
80,339,18.0
80,340,18.0
81,23,129.0
81,25,129.0
81,28,120.0
81,31,118.0
81,33,117.0
81,39,116.0
81,40,117.0
81,41,117.0
81,42,117.0
81,46,119.0
81,47,120.0
81,48,120.0
81,49,151.0
81,50,123.0
81,51,123.0
81,52,123.0
81,53,124.0
81,54,126.0
81,55,127.0
81,57,127.0
81,58,127.0
81,59,127.0
81,60,127.0
81,61,128.0
81,62,178.0
81,63,150.0
81,64,159.0
81,65,130.0
81,66,130.0
81,67,130.0
81,68,130.0
81,69,129.0
81,70,129.0
81,71,129.0
81,72,128.0
81,73,128.0
81,74,128.0
81,75,128.0
81,76,128.0
81,77,128.0
81,78,128.0
81,79,128.0
81,80,128.0
81,81,129.0
81,82,129.0
81,83,129.0
81,84,130.0
81,85,130.0
81,86,130.0
81,117,73.0
81,118,67.0
81,119,55.0
81,120,42.0
81,121,9.0
81,122,9.0
81,123,9.0
81,124,9.0
81,127,45.0
81,128,41.0
81,130,22.0
81,131,9.0
81,132,9.0
81,133,12.0
81,144,8.0
81,145,95.0
81,146,104.0
81,197,40.0
81,198,38.0
81,199,37.0
81,200,36.0
81,201,35.0
81,202,34.0
81,203,34.0
81,204,33.0
81,205,33.0
81,206,33.0
81,207,69.0
81,208,74.0
81,209,71.0
81,210,71.0
81,211,71.0
81,212,71.0
81,213,71.0
81,287,2.0
81,288,2.0
81,289,2.0
81,290,2.0
81,291,2.0
81,292,2.0
81,299,1.0
81,331,130.0
81,332,130.0
81,333,130.0
81,334,130.0
82,23,129.0
82,25,129.0
82,27,120.0
82,31,118.0
82,32,118.0
82,39,117.0
82,40,117.0
82,42,117.0
82,45,119.0
82,47,120.0
82,48,121.0
82,49,162.0
82,50,123.0
82,51,123.0
82,52,123.0
82,53,124.0
82,54,126.0
82,55,127.0
82,56,127.0
82,57,127.0
82,58,127.0
82,59,127.0
82,60,128.0
82,61,128.0
82,62,182.0
82,63,129.0
82,64,130.0
82,65,130.0
82,66,130.0
82,67,130.0
82,68,130.0
82,69,130.0
82,70,129.0
82,71,129.0
82,72,129.0
82,73,128.0
82,74,128.0
82,75,128.0
82,76,128.0
82,77,128.0
82,78,128.0
82,79,128.0
82,80,129.0
82,81,129.0
82,82,129.0
82,83,130.0
82,84,130.0
82,85,130.0
82,120,9.0
82,121,9.0
82,124,42.0
82,125,45.0
82,129,8.0
82,130,8.0
82,131,8.0
82,142,52.0
82,143,69.0
82,144,8.0
82,145,8.0
82,197,39.0
82,198,38.0
82,199,37.0
82,200,36.0
82,201,35.0
82,202,34.0
82,203,33.0
82,204,33.0
82,205,33.0
82,206,33.0
82,207,71.0
82,208,71.0
82,209,71.0
82,210,71.0
82,211,73.0
82,212,71.0
82,287,3.0
82,288,3.0
82,289,2.0
82,290,2.0
82,291,2.0
82,292,2.0
82,331,130.0
82,332,130.0
82,333,130.0
83,23,129.0
83,25,129.0
83,31,118.0
83,32,118.0
83,39,117.0
83,40,117.0
83,41,117.0
83,42,117.0
83,44,118.0
83,45,119.0
83,47,120.0
83,48,120.0
83,49,171.0
83,50,123.0
83,51,123.0
83,53,124.0
83,55,127.0
83,56,127.0
83,58,128.0
83,59,128.0
83,60,128.0
83,61,184.0
83,62,129.0
83,63,130.0
83,64,130.0
83,65,130.0
83,66,130.0
83,67,130.0
83,68,130.0
83,69,130.0
83,70,129.0
83,71,129.0
83,72,129.0
83,73,129.0
83,74,129.0
83,75,129.0
83,76,129.0
83,77,129.0
83,78,129.0
83,79,129.0
83,80,129.0
83,81,129.0
83,82,129.0
83,84,130.0
83,85,130.0
83,121,28.0
83,122,37.0
83,127,8.0
83,128,8.0
83,129,8.0
83,141,31.0
83,145,8.0
83,146,8.0
83,147,8.0
83,197,38.0
83,198,38.0
83,199,37.0
83,200,35.0
83,201,34.0
83,202,34.0
83,203,33.0
83,204,33.0
83,205,33.0
83,206,33.0
83,207,86.0
83,208,74.0
83,209,71.0
83,210,90.0
83,211,92.0
83,212,71.0
83,287,3.0
83,288,3.0
83,289,3.0
83,290,2.0
83,291,2.0
83,292,2.0
83,293,2.0
83,294,2.0
83,331,130.0
83,332,130.0
83,333,130.0
84,23,129.0
84,25,129.0
84,26,129.0
84,27,122.0
84,31,118.0
84,39,117.0
84,40,117.0
84,41,117.0
84,44,118.0
84,45,119.0
84,46,119.0
84,47,120.0
84,48,121.0
84,49,123.0
84,50,123.0
84,51,123.0
84,52,124.0
84,53,124.0
84,54,126.0
84,55,127.0
84,56,127.0
84,57,128.0
84,58,128.0
84,59,128.0
84,61,129.0
84,63,129.0
84,64,130.0
84,65,130.0
84,66,130.0
84,67,130.0
84,68,130.0
84,69,130.0
84,70,130.0
84,71,129.0
84,72,129.0
84,73,129.0
84,74,129.0
84,75,129.0
84,76,129.0
84,77,129.0
84,78,129.0
84,79,129.0
84,80,129.0
84,81,129.0
84,82,129.0
84,83,130.0
84,84,130.0
84,85,130.0
84,120,15.0
84,126,8.0
84,127,8.0
84,141,8.0
84,142,8.0
84,143,8.0
84,144,8.0
84,145,8.0
84,146,8.0
84,147,8.0
84,148,8.0
84,197,38.0
84,198,37.0
84,199,36.0
84,200,35.0
84,201,34.0
84,202,33.0
84,203,33.0
84,204,33.0
84,205,33.0
84,206,33.0
84,207,85.0
84,208,71.0
84,209,71.0
84,210,115.0
84,211,112.0
84,212,79.0
84,289,3.0
84,290,2.0
84,291,2.0
84,292,2.0
84,293,2.0
84,294,2.0
84,295,2.0
84,296,2.0
84,331,130.0
84,332,130.0
84,333,130.0
85,23,129.0
85,25,129.0
85,26,128.0
85,27,124.0
85,30,119.0
85,31,118.0
85,38,116.0
85,39,117.0
85,40,117.0
85,42,117.0
85,43,118.0
85,44,118.0
85,46,119.0
85,47,120.0
85,48,121.0
85,49,123.0
85,50,123.0
85,51,123.0
85,52,124.0
85,53,124.0
85,54,126.0
85,56,127.0
85,57,128.0
85,59,128.0
85,60,129.0
85,61,129.0
85,62,129.0
85,63,130.0
85,64,130.0
85,65,130.0
85,66,130.0
85,67,130.0
85,68,130.0
85,69,130.0
85,70,130.0
85,71,129.0
85,72,129.0
85,73,129.0
85,74,129.0
85,75,129.0
85,76,129.0
85,77,129.0
85,78,129.0
85,79,129.0
85,80,129.0
85,81,129.0
85,84,129.0
85,85,130.0
85,116,8.0
85,117,30.0
85,118,17.0
85,123,10.0
85,124,10.0
85,125,10.0
85,141,8.0
85,142,8.0
85,197,38.0
85,198,37.0
85,199,36.0
85,200,35.0
85,201,34.0
85,202,33.0
85,203,33.0
85,204,33.0
85,205,33.0
85,206,33.0
85,207,83.0
85,208,77.0
85,209,99.0
85,210,122.0
85,211,121.0
85,212,99.0
85,291,2.0
85,292,2.0
85,293,2.0
85,294,2.0
85,295,2.0
85,296,2.0
85,297,3.0
85,298,3.0
85,331,130.0
85,332,130.0
85,333,130.0
86,22,129.0
86,25,129.0
86,26,126.0
86,31,118.0
86,38,116.0
86,40,117.0
86,41,117.0
86,42,117.0
86,44,118.0
86,45,119.0
86,46,119.0
86,47,120.0
86,50,123.0
86,51,123.0
86,53,124.0
86,54,126.0
86,55,127.0
86,56,127.0
86,58,128.0
86,59,128.0
86,60,177.0
86,61,129.0
86,62,129.0
86,63,130.0
86,64,130.0
86,65,130.0
86,66,130.0
86,67,130.0
86,68,130.0
86,69,130.0
86,70,130.0
86,71,130.0
86,72,129.0
86,73,129.0
86,74,129.0
86,75,129.0
86,76,129.0
86,77,129.0
86,78,129.0
86,79,129.0
86,80,129.0
86,81,129.0
86,82,129.0
86,83,129.0
86,84,129.0
86,114,8.0
86,115,8.0
86,116,8.0
86,117,8.0
86,118,8.0
86,122,10.0
86,123,10.0
86,124,10.0
86,197,37.0
86,198,36.0
86,199,35.0
86,200,34.0
86,201,33.0
86,202,33.0
86,203,33.0
86,204,33.0
86,205,33.0
86,206,33.0
86,207,71.0
86,208,115.0
86,209,104.0
86,210,120.0
86,211,122.0
86,212,104.0
86,293,2.0
86,294,3.0
86,295,2.0
86,296,2.0
86,297,3.0
86,298,4.0
86,299,5.0
86,331,130.0
86,332,130.0
86,333,130.0
87,25,129.0
87,26,128.0
87,30,119.0
87,32,118.0
87,38,116.0
87,40,117.0
87,41,117.0
87,42,117.0
87,43,118.0
87,45,119.0
87,46,120.0
87,47,121.0
87,49,123.0
87,50,123.0
87,51,123.0
87,52,123.0
87,53,125.0
87,54,126.0
87,55,127.0
87,56,127.0
87,57,127.0
87,58,128.0
87,59,129.0
87,60,129.0
87,61,129.0
87,62,129.0
87,63,130.0
87,64,130.0
87,65,130.0
87,66,130.0
87,67,130.0
87,68,130.0
87,69,130.0
87,70,130.0
87,71,130.0
87,72,130.0
87,73,129.0
87,74,129.0
87,75,129.0
87,76,129.0
87,77,129.0
87,78,129.0
87,79,163.0
87,80,129.0
87,82,129.0
87,83,129.0
87,84,128.0
87,113,52.0
87,114,8.0
87,115,8.0
87,116,8.0
87,117,8.0
87,118,8.0
87,120,8.0
87,121,8.0
87,197,35.0
87,198,34.0
87,199,33.0
87,200,33.0
87,201,33.0
87,202,32.0
87,203,32.0
87,204,32.0
87,205,33.0
87,206,85.0
87,207,99.0
87,208,104.0
87,209,104.0
87,210,109.0
87,211,113.0
87,212,104.0
87,294,4.0
87,295,3.0
87,296,3.0
87,297,4.0
87,298,5.0
87,299,5.0
87,331,130.0
87,332,130.0
87,333,130.0
88,22,129.0
88,25,129.0
88,26,125.0
88,29,119.0
88,32,118.0
88,39,116.0
88,40,116.0
88,41,116.0
88,42,117.0
88,43,117.0
88,44,118.0
88,45,119.0
88,47,120.0
88,48,121.0
88,49,123.0
88,50,148.0
88,51,123.0
88,52,123.0
88,53,124.0
88,54,126.0
88,55,127.0
88,56,127.0
88,57,128.0
88,58,128.0
88,59,129.0
88,60,129.0
88,61,129.0
88,62,130.0
88,63,130.0
88,64,130.0
88,65,130.0
88,66,130.0
88,67,130.0
88,68,130.0
88,69,130.0
88,70,130.0
88,71,130.0
88,72,130.0
88,73,130.0
88,74,130.0
88,75,129.0
88,76,129.0
88,77,129.0
88,78,150.0
88,79,129.0
88,80,129.0
88,81,129.0
88,83,128.0
88,84,128.0
88,113,39.0
88,115,8.0
88,116,8.0
88,117,8.0
88,118,8.0
88,119,8.0
88,120,8.0
88,196,32.0
88,197,32.0
88,198,32.0
88,199,32.0
88,200,32.0
88,201,32.0
88,202,32.0
88,203,32.0
88,204,32.0
88,205,32.0
88,206,70.0
88,207,86.0
88,208,104.0
88,209,104.0
88,210,104.0
88,211,104.0
88,212,104.0
88,286,8.0
88,287,8.0
88,294,4.0
88,295,3.0
88,296,4.0
88,297,4.0
88,298,5.0
88,299,6.0
88,300,7.0
88,301,8.0
88,302,11.0
88,303,12.0
88,304,15.0
88,305,18.0
88,306,21.0
88,307,24.0
88,308,26.0
88,309,29.0
88,310,32.0
88,311,34.0
88,312,36.0
88,313,39.0
88,314,41.0
88,315,42.0
88,316,45.0
88,317,47.0
88,318,49.0
88,319,52.0
88,320,56.0
88,321,60.0
88,322,64.0
88,323,100.0
88,324,102.0
88,325,103.0
88,326,109.0
88,327,119.0
88,328,123.0
88,329,130.0
88,330,130.0
88,331,130.0
88,332,130.0
88,333,130.0
89,23,129.0
89,25,129.0
89,27,124.0
89,29,119.0
89,32,118.0
89,38,116.0
89,39,116.0
89,40,116.0
89,42,117.0
89,43,117.0
89,45,119.0
89,46,120.0
89,47,121.0
89,48,121.0
89,49,123.0
89,50,123.0
89,51,123.0
89,52,124.0
89,53,125.0
89,54,126.0
89,55,127.0
89,56,127.0
89,57,128.0
89,58,129.0
89,59,129.0
89,60,129.0
89,61,130.0
89,62,130.0
89,63,130.0
89,64,130.0
89,65,130.0
89,66,130.0
89,67,130.0
89,68,130.0
89,69,130.0
89,70,130.0
89,71,130.0
89,72,130.0
89,73,130.0
89,74,130.0
89,75,129.0
89,76,129.0
89,77,132.0
89,79,129.0
89,80,129.0
89,81,128.0
89,82,184.0
89,83,128.0
89,84,128.0
89,196,32.0
89,197,32.0
89,198,32.0
89,199,32.0
89,200,32.0
89,201,32.0
89,202,32.0
89,203,32.0
89,204,32.0
89,205,32.0
89,206,32.0
89,207,58.0
89,208,43.0
89,209,104.0
89,210,104.0
89,211,104.0
89,212,104.0
89,213,104.0
89,214,104.0
89,286,9.0
89,287,8.0
89,288,6.0
89,289,5.0
89,290,5.0
89,291,4.0
89,292,4.0
89,293,4.0
89,294,4.0
89,295,3.0
89,296,4.0
89,297,5.0
89,298,5.0
89,299,6.0
89,300,7.0
89,301,9.0
89,302,10.0
89,303,13.0
89,304,15.0
89,305,18.0
89,306,21.0
89,307,24.0
89,308,27.0
89,309,29.0
89,310,31.0
89,311,34.0
89,312,36.0
89,313,39.0
89,314,41.0
89,315,43.0
89,316,44.0
89,317,47.0
89,318,49.0
89,319,52.0
89,320,55.0
89,321,60.0
89,322,87.0
89,323,105.0
89,324,105.0
89,325,104.0
89,326,110.0
89,327,117.0
89,328,124.0
89,329,130.0
89,330,130.0
89,331,130.0
89,332,130.0
89,333,130.0
90,23,129.0
90,24,129.0
90,25,129.0
90,27,122.0
90,28,120.0
90,32,118.0
90,37,116.0
90,39,116.0
90,41,116.0
90,42,117.0
90,45,119.0
90,46,120.0
90,47,120.0
90,48,121.0
90,49,123.0
90,50,123.0
90,51,123.0
90,52,124.0
90,53,125.0
90,54,126.0
90,55,127.0
90,56,127.0
90,57,128.0
90,58,128.0
90,59,129.0
90,60,130.0
90,61,130.0
90,62,130.0
90,63,130.0
90,64,130.0
90,65,130.0
90,66,130.0
90,67,130.0
90,68,130.0
90,69,130.0
90,70,130.0
90,71,130.0
90,72,130.0
90,73,130.0
90,74,130.0
90,75,130.0
90,76,129.0
90,78,129.0
90,79,129.0
90,80,129.0
90,82,156.0
90,83,128.0
90,84,128.0
90,196,31.0
90,197,32.0
90,198,32.0
90,199,32.0
90,200,32.0
90,201,32.0
90,202,32.0
90,203,32.0
90,204,32.0
90,205,56.0
90,206,78.0
90,207,75.0
90,208,104.0
90,209,104.0
90,210,104.0
90,211,104.0
90,212,104.0
90,213,104.0
90,214,104.0
90,286,9.0
90,287,8.0
90,290,5.0
90,291,4.0
90,292,4.0
90,293,4.0
90,294,4.0
90,295,4.0
90,296,4.0
90,297,5.0
90,298,5.0
90,299,6.0
90,300,7.0
90,301,9.0
90,302,10.0
90,303,13.0
90,304,16.0
90,305,19.0
90,306,22.0
90,307,24.0
90,308,26.0
90,309,29.0
90,310,32.0
90,311,35.0
90,312,36.0
90,313,38.0
90,314,40.0
90,315,42.0
90,316,44.0
90,317,46.0
90,318,48.0
90,319,51.0
90,320,54.0
90,321,65.0
90,322,100.0
90,323,104.0
90,324,102.0
90,325,105.0
90,326,111.0
90,327,117.0
90,328,125.0
90,329,126.0
90,330,125.0
90,331,126.0
90,332,126.0
90,333,126.0
91,23,129.0
91,24,129.0
91,25,129.0
91,28,120.0
91,32,118.0
91,37,116.0
91,38,115.0
91,39,115.0
91,40,116.0
91,41,116.0
91,42,116.0
91,44,119.0
91,45,119.0
91,46,120.0
91,47,120.0
91,48,121.0
91,49,123.0
91,50,123.0
91,51,123.0
91,52,124.0
91,53,125.0
91,54,126.0
91,55,127.0
91,56,127.0
91,57,128.0
91,58,129.0
91,59,130.0
91,60,130.0
91,61,130.0
91,62,130.0
91,63,130.0
91,64,130.0
91,65,130.0
91,66,130.0
91,67,130.0
91,68,130.0
91,69,130.0
91,70,131.0
91,71,130.0
91,72,130.0
91,73,130.0
91,74,130.0
91,75,130.0
91,76,129.0
91,78,129.0
91,80,129.0
91,81,128.0
91,82,128.0
91,83,128.0
91,84,128.0
91,196,27.0
91,197,27.0
91,198,27.0
91,199,27.0
91,200,27.0
91,201,27.0
91,202,28.0
91,203,28.0
91,204,32.0
91,205,84.0
91,206,86.0
91,207,81.0
91,208,104.0
91,209,104.0
91,210,104.0
91,211,104.0
91,212,104.0
91,213,104.0
91,214,104.0
91,285,11.0
91,286,10.0
91,287,8.0
91,288,7.0
91,289,6.0
91,290,5.0
91,291,4.0
91,292,4.0
91,293,4.0
91,294,3.0
91,295,4.0
91,296,4.0
91,297,5.0
91,298,5.0
91,299,7.0
91,300,7.0
91,301,9.0
91,302,11.0
91,303,13.0
91,304,16.0
91,305,19.0
91,306,22.0
91,307,24.0
91,308,26.0
91,309,29.0
91,310,32.0
91,311,34.0
91,312,36.0
91,313,38.0
91,314,40.0
91,315,42.0
91,316,44.0
91,317,46.0
91,318,48.0
91,319,50.0
91,320,56.0
91,321,60.0
91,322,92.0
91,323,107.0
91,324,111.0
91,325,106.0
91,326,110.0
91,327,118.0
91,328,119.0
91,329,120.0
91,330,120.0
91,331,121.0
91,332,120.0
91,333,121.0
92,22,129.0
92,23,129.0
92,25,129.0
92,27,121.0
92,28,120.0
92,32,118.0
92,36,116.0
92,37,115.0
92,39,115.0
92,41,116.0
92,42,116.0
92,45,119.0
92,46,120.0
92,47,121.0
92,48,121.0
92,49,123.0
92,50,123.0
92,51,124.0
92,52,125.0
92,53,125.0
92,54,126.0
92,55,127.0
92,56,128.0
92,57,128.0
92,58,129.0
92,59,130.0
92,60,130.0
92,61,130.0
92,62,130.0
92,63,130.0
92,64,130.0
92,65,130.0
92,66,130.0
92,67,130.0
92,68,130.0
92,69,131.0
92,70,131.0
92,71,131.0
92,72,131.0
92,73,130.0
92,74,130.0
92,77,129.0
92,79,129.0
92,80,129.0
92,82,152.0
92,83,128.0
92,84,128.0
92,196,20.0
92,197,21.0
92,198,21.0
92,199,21.0
92,200,22.0
92,201,21.0
92,202,22.0
92,203,22.0
92,204,32.0
92,205,32.0
92,206,32.0
92,207,32.0
92,208,104.0
92,209,104.0
92,210,104.0
92,211,104.0
92,212,104.0
92,214,104.0
92,285,11.0
92,286,10.0
92,287,8.0
92,288,6.0
92,289,5.0
92,290,5.0
92,291,4.0
92,292,4.0
92,293,4.0
92,294,3.0
92,295,3.0
92,296,4.0
92,297,5.0
92,298,5.0
92,299,6.0
92,300,8.0
92,301,9.0
92,302,11.0
92,303,13.0
92,304,16.0
92,305,19.0
92,306,22.0
92,307,23.0
92,308,26.0
92,309,29.0
92,310,31.0
92,311,33.0
92,312,35.0
92,313,37.0
92,314,39.0
92,315,41.0
92,316,43.0
92,317,45.0
92,318,47.0
92,319,50.0
92,320,55.0
92,321,58.0
92,322,63.0
92,323,104.0
92,324,110.0
92,325,105.0
92,326,112.0
92,327,114.0
92,328,116.0
92,329,114.0
92,330,117.0
92,331,121.0
92,332,123.0
92,333,125.0
93,22,129.0
93,23,129.0
93,24,129.0
93,27,120.0
93,28,120.0
93,32,118.0
93,37,116.0
93,38,115.0
93,39,115.0
93,41,116.0
93,44,118.0
93,45,119.0
93,46,120.0
93,47,120.0
93,48,121.0
93,49,123.0
93,50,123.0
93,51,124.0
93,52,124.0
93,53,125.0
93,54,126.0
93,55,127.0
93,56,127.0
93,57,128.0
93,58,129.0
93,59,130.0
93,60,130.0
93,61,130.0
93,62,130.0
93,63,130.0
93,64,130.0
93,65,130.0
93,66,130.0
93,67,130.0
93,68,130.0
93,69,131.0
93,70,131.0
93,71,131.0
93,73,130.0
93,74,130.0
93,75,130.0
93,76,129.0
93,77,129.0
93,78,129.0
93,79,129.0
93,81,156.0
93,82,148.0
93,83,128.0
93,84,128.0
93,196,15.0
93,197,15.0
93,198,15.0
93,199,15.0
93,200,15.0
93,201,16.0
93,202,16.0
93,203,16.0
93,204,37.0
93,205,32.0
93,206,92.0
93,207,103.0
93,208,104.0
93,209,104.0
93,210,104.0
93,211,104.0
93,214,104.0
93,281,15.0
93,282,14.0
93,283,13.0
93,284,12.0
93,285,11.0
93,286,9.0
93,287,8.0
93,288,6.0
93,289,5.0
93,290,5.0
93,291,4.0
93,292,4.0
93,293,3.0
93,294,3.0
93,295,3.0
93,296,4.0
93,297,4.0
93,298,5.0
93,299,6.0
93,300,7.0
93,301,9.0
93,302,10.0
93,303,13.0
93,304,15.0
93,305,18.0
93,306,21.0
93,307,25.0
93,308,26.0
93,309,28.0
93,310,30.0
93,311,33.0
93,312,34.0
93,313,37.0
93,314,40.0
93,315,41.0
93,316,43.0
93,317,45.0
93,318,47.0
93,319,50.0
93,320,54.0
93,321,57.0
93,322,61.0
93,323,65.0
93,324,67.0
93,325,71.0
93,326,109.0
93,327,114.0
93,328,114.0
93,329,114.0
93,330,117.0
93,331,119.0
93,332,117.0
93,333,114.0
94,22,129.0
94,23,129.0
94,24,129.0
94,28,120.0
94,32,117.0
94,36,129.0
94,38,115.0
94,39,115.0
94,41,116.0
94,42,116.0
94,44,118.0
94,45,119.0
94,46,120.0
94,47,120.0
94,48,121.0
94,49,123.0
94,50,123.0
94,51,123.0
94,52,124.0
94,53,125.0
94,54,126.0
94,55,127.0
94,56,127.0
94,57,128.0
94,58,129.0
94,59,130.0
94,60,130.0
94,61,130.0
94,62,130.0
94,63,130.0
94,64,130.0
94,65,130.0
94,66,130.0
94,67,130.0
94,68,130.0
94,69,131.0
94,70,131.0
94,71,131.0
94,73,130.0
94,74,130.0
94,75,130.0
94,76,129.0
94,77,129.0
94,79,129.0
94,81,141.0
94,82,128.0
94,83,128.0
94,84,128.0
94,196,8.0
94,197,9.0
94,198,9.0
94,199,7.0
94,200,9.0
94,201,9.0
94,202,9.0
94,203,8.0
94,204,32.0
94,205,85.0
94,206,96.0
94,207,65.0
94,208,104.0
94,209,104.0
94,210,104.0
94,213,104.0
94,221,-106.0
94,222,-106.0
94,230,-76.0
94,231,-76.0
94,281,14.0
94,282,14.0
94,283,12.0
94,284,11.0
94,285,10.0
94,286,8.0
94,287,7.0
94,288,6.0
94,289,5.0
94,290,4.0
94,291,4.0
94,292,3.0
94,293,3.0
94,294,3.0
94,295,3.0
94,296,4.0
94,297,4.0
94,298,5.0
94,299,6.0
94,300,7.0
94,301,8.0
94,302,10.0
94,303,12.0
94,304,16.0
94,305,18.0
94,306,22.0
94,307,23.0
94,308,25.0
94,309,29.0
94,310,30.0
94,311,32.0
94,312,35.0
94,313,36.0
94,314,39.0
94,315,41.0
94,316,43.0
94,317,44.0
94,318,46.0
94,319,50.0
94,320,54.0
94,321,57.0
94,322,58.0
94,323,62.0
94,324,65.0
94,325,68.0
94,326,71.0
94,327,104.0
94,328,111.0
94,329,110.0
94,330,113.0
94,331,114.0
94,332,87.0
94,333,88.0
95,24,129.0
95,27,122.0
95,28,120.0
95,33,118.0
95,35,136.0
95,38,116.0
95,40,115.0
95,41,116.0
95,42,116.0
95,43,117.0
95,44,118.0
95,45,119.0
95,46,120.0
95,47,120.0
95,48,121.0
95,49,123.0
95,50,123.0
95,51,123.0
95,52,124.0
95,53,125.0
95,54,126.0
95,55,126.0
95,56,127.0
95,57,128.0
95,58,129.0
95,59,130.0
95,60,130.0
95,61,130.0
95,62,130.0
95,63,130.0
95,64,130.0
95,65,130.0
95,66,130.0
95,67,130.0
95,68,131.0
95,69,131.0
95,70,131.0
95,71,131.0
95,72,131.0
95,73,131.0
95,75,130.0
95,78,129.0
95,81,129.0
95,83,128.0
95,84,128.0
95,196,4.0
95,197,4.0
95,198,4.0
95,199,3.0
95,200,4.0
95,201,3.0
95,202,2.0
95,203,1.0
95,204,69.0
95,205,86.0
95,206,89.0
95,207,32.0
95,208,32.0
95,209,104.0
95,210,104.0
95,213,104.0
95,222,-106.0
95,230,-76.0
95,231,-76.0
95,281,13.0
95,282,13.0
95,283,11.0
95,284,10.0
95,285,9.0
95,286,8.0
95,287,7.0
95,288,6.0
95,289,5.0
95,290,4.0
95,291,3.0
95,292,3.0
95,293,3.0
95,294,3.0
95,295,3.0
95,296,3.0
95,297,4.0
95,298,5.0
95,299,5.0
95,300,6.0
95,301,8.0
95,302,10.0
95,303,12.0
95,304,14.0
95,305,18.0
95,306,20.0
95,307,23.0
95,308,26.0
95,309,28.0
95,310,29.0
95,311,31.0
95,312,34.0
95,313,36.0
95,314,38.0
95,315,41.0
95,316,42.0
95,317,43.0
95,318,46.0
95,319,48.0
95,320,51.0
95,321,55.0
95,322,57.0
95,323,60.0
95,324,63.0
95,325,66.0
95,326,99.0
95,327,100.0
95,328,99.0
95,329,103.0
95,330,108.0
95,331,92.0
95,332,84.0
95,333,108.0
96,22,129.0
96,23,129.0
96,24,129.0
96,27,124.0
96,33,118.0
96,34,164.0
96,35,117.0
96,38,116.0
96,40,115.0
96,41,116.0
96,42,116.0
96,43,117.0
96,44,118.0
96,45,120.0
96,46,120.0
96,47,120.0
96,48,121.0
96,49,123.0
96,50,123.0
96,51,123.0
96,52,124.0
96,53,124.0
96,54,126.0
96,55,126.0
96,56,127.0
96,57,128.0
96,58,129.0
96,59,130.0
96,60,131.0
96,61,131.0
96,62,131.0
96,63,130.0
96,64,130.0
96,65,130.0
96,66,130.0
96,67,131.0
96,68,131.0
96,69,131.0
96,70,131.0
96,71,131.0
96,72,131.0
96,73,131.0
96,74,131.0
96,78,130.0
96,80,144.0
96,82,129.0
96,83,129.0
96,84,128.0
96,197,1.0
96,198,-0.0
96,199,-1.0
96,200,-2.0
96,201,-3.0
96,202,-4.0
96,203,-5.0
96,204,-8.0
96,205,67.0
96,207,32.0
96,208,32.0
96,209,102.0
96,210,102.0
96,212,104.0
96,220,-109.0
96,221,-109.0
96,222,-108.0
96,224,-109.0
96,225,-109.0
96,226,-108.0
96,227,-93.0
96,228,-79.0
96,229,-73.0
96,230,-76.0
96,231,-76.0
96,281,50.0
96,282,51.0
96,283,50.0
96,284,41.0
96,285,41.0
96,286,41.0
96,287,41.0
96,288,5.0
96,289,4.0
96,290,4.0
96,291,3.0
96,292,3.0
96,293,2.0
96,294,2.0
96,295,3.0
96,296,3.0
96,297,4.0
96,298,4.0
96,299,5.0
96,300,6.0
96,301,7.0
96,302,8.0
96,303,11.0
96,304,13.0
96,305,16.0
96,306,20.0
96,307,40.0
96,308,25.0
96,309,27.0
96,310,29.0
96,311,31.0
96,312,33.0
96,313,34.0
96,314,37.0
96,315,39.0
96,316,40.0
96,317,43.0
96,318,45.0
96,319,46.0
96,320,49.0
96,321,52.0
96,322,56.0
96,323,58.0
96,324,74.0
96,325,75.0
96,326,78.0
96,327,82.0
96,328,92.0
96,329,96.0
96,330,102.0
96,331,80.0
96,332,93.0
96,333,99.0
97,23,129.0
97,24,129.0
97,26,125.0
97,28,120.0
97,33,118.0
97,34,143.0
97,40,116.0
97,41,116.0
97,42,117.0
97,43,117.0
97,44,118.0
97,45,119.0
97,46,120.0
97,47,120.0
97,48,122.0
97,49,124.0
97,50,124.0
97,51,124.0
97,52,124.0
97,53,125.0
97,54,125.0
97,55,126.0
97,56,127.0
97,57,128.0
97,58,129.0
97,59,131.0
97,60,131.0
97,61,131.0
97,62,131.0
97,63,131.0
97,64,131.0
97,65,131.0
97,66,131.0
97,67,131.0
97,68,131.0
97,69,132.0
97,70,132.0
97,71,132.0
97,77,131.0
97,80,160.0
97,82,129.0
97,83,129.0
97,84,129.0
97,197,-3.0
97,198,-5.0
97,199,-5.0
97,200,-7.0
97,201,-9.0
97,202,-10.0
97,203,-12.0
97,204,-14.0
97,205,41.0
97,206,79.0
97,207,93.0
97,209,98.0
97,212,101.0
97,221,-110.0
97,222,-111.0
97,223,-110.0
97,224,-109.0
97,225,-111.0
97,226,-107.0
97,227,-98.0
97,228,-79.0
97,229,-73.0
97,230,-76.0
97,231,-76.0
97,281,41.0
97,282,41.0
97,283,41.0
97,284,41.0
97,285,41.0
97,286,41.0
97,287,41.0
97,288,4.0
97,289,3.0
97,290,3.0
97,291,2.0
97,292,2.0
97,293,2.0
97,294,2.0
97,295,2.0
97,296,2.0
97,297,3.0
97,298,4.0
97,299,4.0
97,300,5.0
97,301,7.0
97,302,9.0
97,303,10.0
97,304,13.0
97,305,14.0
97,306,18.0
97,307,22.0
97,308,24.0
97,309,26.0
97,310,28.0
97,311,30.0
97,312,32.0
97,313,34.0
97,314,36.0
97,315,38.0
97,316,39.0
97,317,41.0
97,318,43.0
97,319,45.0
97,320,47.0
97,321,50.0
97,322,52.0
97,323,56.0
97,324,60.0
97,325,62.0
97,326,65.0
97,327,74.0
97,328,78.0
97,329,75.0
97,330,79.0
97,331,80.0
97,332,83.0
97,333,86.0
98,23,129.0
98,24,129.0
98,26,127.0
98,29,120.0
98,33,118.0
98,38,116.0
98,40,116.0
98,41,116.0
98,42,117.0
98,43,118.0
98,44,118.0
98,45,119.0
98,46,120.0
98,47,121.0
98,48,121.0
98,49,126.0
98,50,126.0
98,51,125.0
98,52,125.0
98,53,125.0
98,54,126.0
98,55,127.0
98,56,127.0
98,57,128.0
98,58,129.0
98,59,130.0
98,60,131.0
98,61,131.0
98,62,131.0
98,63,131.0
98,64,131.0
98,65,131.0
98,66,155.0
98,67,154.0
98,68,135.0
98,69,162.0
98,70,179.0
98,72,132.0
98,75,131.0
98,80,169.0
98,81,130.0
98,82,129.0
98,83,139.0
98,84,129.0
98,197,-7.0
98,198,-9.0
98,199,-10.0
98,200,-12.0
98,201,-13.0
98,202,-15.0
98,203,-18.0
98,204,-21.0
98,205,-25.0
98,206,76.0
98,207,82.0
98,209,90.0
98,210,78.0
98,212,94.0
98,221,-111.0
98,222,-111.0
98,224,-112.0
98,225,-111.0
98,226,-111.0
98,227,-93.0
98,228,-80.0
98,229,-100.0
98,230,-76.0
98,231,-76.0
98,232,-76.0
98,233,-76.0
98,234,-76.0
98,235,-76.0
98,281,41.0
98,282,41.0
98,283,41.0
98,284,41.0
98,285,41.0
98,287,41.0
98,288,4.0
98,289,3.0
98,290,2.0
98,291,2.0
98,292,1.0
98,293,1.0
98,294,1.0
98,295,1.0
98,296,2.0
98,297,2.0
98,298,3.0
98,299,4.0
98,300,5.0
98,301,6.0
98,302,7.0
98,303,9.0
98,304,11.0
98,305,14.0
98,306,17.0
98,307,20.0
98,308,23.0
98,309,25.0
98,310,26.0
98,311,29.0
98,312,31.0
98,313,33.0
98,314,35.0
98,315,37.0
98,316,38.0
98,317,40.0
98,318,41.0
98,319,43.0
98,320,46.0
98,321,48.0
98,322,51.0
98,323,54.0
98,324,57.0
98,325,60.0
98,326,64.0
98,327,67.0
98,328,71.0
98,329,75.0
98,330,79.0
98,331,80.0
98,332,84.0
98,333,87.0
99,22,129.0
99,23,129.0
99,24,129.0
99,25,129.0
99,29,120.0
99,32,171.0
99,33,119.0
99,34,118.0
99,38,117.0
99,39,116.0
99,40,116.0
99,41,117.0
99,42,117.0
99,43,117.0
99,44,119.0
99,45,120.0
99,46,120.0
99,47,120.0
99,48,123.0
99,49,127.0
99,50,127.0
99,51,127.0
99,52,127.0
99,53,126.0
99,54,126.0
99,55,127.0
99,56,128.0
99,57,128.0
99,58,129.0
99,59,131.0
99,60,131.0
99,61,131.0
99,62,131.0
99,63,131.0
99,64,131.0
99,65,131.0
99,67,131.0
99,68,164.0
99,69,158.0
99,71,173.0
99,73,131.0
99,74,131.0
99,75,131.0
99,76,131.0
99,77,133.0
99,78,131.0
99,79,130.0
99,80,130.0
99,84,129.0
99,85,129.0
99,198,-12.0
99,199,-14.0
99,200,-15.0
99,201,-18.0
99,202,-21.0
99,203,-23.0
99,204,-27.0
99,205,-31.0
99,206,-37.0
99,207,-43.0
99,208,56.0
99,209,79.0
99,210,64.0
99,211,85.0
99,221,-111.0
99,222,-111.0
99,223,-112.0
99,224,-112.0
99,225,-112.0
99,226,-112.0
99,227,-110.0
99,228,-112.0
99,229,-100.0
99,230,-76.0
99,231,-76.0
99,232,-76.0
99,233,-76.0
99,281,69.0
99,282,66.0
99,283,41.0
99,284,41.0
99,285,41.0
99,286,66.0
99,287,41.0
99,288,3.0
99,289,2.0
99,290,1.0
99,291,1.0
99,292,0.0
99,293,0.0
99,294,0.0
99,295,0.0
99,296,1.0
99,297,1.0
99,298,2.0
99,299,3.0
99,300,4.0
99,301,5.0
99,302,6.0
99,303,8.0
99,304,10.0
99,305,13.0
99,306,16.0
99,307,18.0
99,308,21.0
99,309,23.0
99,310,26.0
99,311,29.0
99,312,30.0
99,313,32.0
99,314,33.0
99,315,35.0
99,316,37.0
99,317,38.0
99,318,39.0
99,319,41.0
99,320,44.0
99,321,46.0
99,322,50.0
99,323,53.0
99,324,56.0
99,325,59.0
99,326,63.0
99,327,67.0
99,328,71.0
99,329,74.0
99,330,78.0
99,331,81.0
99,332,84.0
99,333,87.0
100,22,129.0
100,23,129.0
100,31,120.0
100,32,120.0
100,34,119.0
100,35,118.0
100,36,117.0
100,37,117.0
100,38,117.0
100,39,116.0
100,40,116.0
100,41,117.0
100,42,117.0
100,43,117.0
100,44,119.0
100,45,120.0
100,46,120.0
100,47,120.0
100,48,124.0
100,49,128.0
100,50,129.0
100,51,129.0
100,52,129.0
100,53,127.0
100,54,127.0
100,55,127.0
100,56,128.0
100,57,128.0
100,58,129.0
100,59,130.0
100,60,130.0
100,61,130.0
100,62,130.0
100,63,130.0
100,64,130.0
100,66,209.0
100,69,177.0
100,71,181.0
100,76,152.0
100,79,170.0
100,83,155.0
100,84,129.0
100,85,140.0
100,94,190.0
100,198,-16.0
100,199,-18.0
100,200,-20.0
100,201,-23.0
100,202,-25.0
100,203,-28.0
100,204,-32.0
100,205,-36.0
100,206,-42.0
100,207,-47.0
100,208,-54.0
100,209,-63.0
100,210,-71.0
100,211,-81.0
100,212,-89.0
100,213,-97.0
100,214,-101.0
100,215,-108.0
100,216,-110.0
100,217,-110.0
100,218,-111.0
100,219,-111.0
100,220,-111.0
100,221,-111.0
100,222,-111.0
100,223,-112.0
100,224,-112.0
100,225,-112.0
100,226,-112.0
100,227,-112.0
100,228,-112.0
100,229,-112.0
100,230,-76.0
100,231,-76.0
100,232,-76.0
100,233,-76.0
100,281,94.0
100,282,66.0
100,284,66.0
100,286,66.0
100,287,2.0
100,288,1.0
100,289,1.0
100,290,0.0
100,291,-0.0
100,292,-1.0
100,293,-1.0
100,294,-1.0
100,295,-1.0
100,296,0.0
100,297,0.0
100,298,1.0
100,299,2.0
100,300,2.0
100,301,4.0
100,302,4.0
100,303,6.0
100,304,9.0
100,305,11.0
100,306,14.0
100,307,16.0
100,308,19.0
100,309,22.0
100,310,24.0
100,311,27.0
100,312,28.0
100,313,31.0
100,314,32.0
100,315,34.0
100,316,35.0
100,317,36.0
100,318,39.0
100,319,40.0
100,320,41.0
100,321,44.0
100,322,48.0
100,323,51.0
100,324,54.0
100,325,58.0
100,326,63.0
100,327,66.0
100,328,71.0
100,329,73.0
100,330,79.0
100,331,81.0
100,332,85.0
100,333,88.0
101,22,129.0
101,23,129.0
101,25,129.0
101,29,120.0
101,31,136.0
101,32,120.0
101,33,119.0
101,34,119.0
101,37,117.0
101,39,117.0
101,40,116.0
101,41,117.0
101,42,117.0
101,43,118.0
101,44,118.0
101,45,119.0
101,46,120.0
101,47,120.0
101,48,126.0
101,49,129.0
101,50,129.0
101,51,129.0
101,52,129.0
101,53,128.0
101,54,127.0
101,55,128.0
101,56,128.0
101,57,128.0
101,58,129.0
101,59,130.0
101,60,130.0
101,61,130.0
101,62,130.0
101,65,215.0
101,69,214.0
101,70,183.0
101,72,185.0
101,75,165.0
101,76,131.0
101,79,166.0
101,80,158.0
101,83,176.0
101,84,128.0
101,86,155.0
101,87,167.0
101,88,176.0
101,89,182.0
101,91,184.0
101,92,189.0
101,94,190.0
101,199,-22.0
101,200,-25.0
101,201,-27.0
101,202,-29.0
101,203,-33.0
101,204,-37.0
101,205,-41.0
101,206,-46.0
101,207,-52.0
101,208,-59.0
101,209,-66.0
101,210,-75.0
101,211,-82.0
101,212,-90.0
101,213,-95.0
101,214,-102.0
101,215,-108.0
101,216,-111.0
101,217,-111.0
101,218,-111.0
101,219,-111.0
101,220,-111.0
101,221,-111.0
101,222,-112.0
101,223,-112.0
101,224,-112.0
101,225,-112.0
101,226,-112.0
101,227,-112.0
101,228,-112.0
101,229,-76.0
101,230,-76.0
101,231,-76.0
101,232,-76.0
101,233,-76.0
101,234,-76.0
101,236,-76.0
101,281,66.0
101,282,75.0
101,283,87.0
101,284,66.0
101,285,66.0
101,286,66.0
101,287,48.0
101,289,54.0
101,290,-1.0
101,291,-1.0
101,292,-2.0
101,293,-2.0
101,294,-2.0
101,295,-2.0
101,296,-2.0
101,297,-1.0
101,298,0.0
101,299,0.0
101,300,1.0
101,301,2.0
101,302,3.0
101,303,4.0
101,304,6.0
101,305,9.0
101,306,12.0
101,307,14.0
101,308,17.0
101,309,21.0
101,310,22.0
101,311,25.0
101,312,27.0
101,313,29.0
101,314,30.0
101,315,32.0
101,316,33.0
101,317,35.0
101,318,35.0
101,319,38.0
101,320,40.0
101,321,43.0
101,322,46.0
101,323,49.0
101,324,55.0
101,325,57.0
101,327,66.0
101,328,71.0
101,329,138.0
101,330,138.0
101,331,110.0
101,332,85.0
101,333,88.0
102,22,129.0
102,23,129.0
102,25,129.0
102,28,121.0
102,29,121.0
102,30,121.0
102,32,120.0
102,34,119.0
102,37,118.0
102,39,117.0
102,40,116.0
102,41,117.0
102,42,117.0
102,43,117.0
102,44,119.0
102,45,120.0
102,46,120.0
102,47,120.0
102,48,125.0
102,49,129.0
102,50,129.0
102,51,129.0
102,52,129.0
102,53,128.0
102,54,127.0
102,55,128.0
102,56,128.0
102,57,128.0
102,58,129.0
102,59,130.0
102,60,130.0
102,61,130.0
102,64,219.0
102,68,227.0
102,70,149.0
102,71,186.0
102,72,187.0
102,74,175.0
102,75,131.0
102,76,130.0
102,80,148.0
102,83,128.0
102,84,185.0
102,90,172.0
102,91,176.0
102,94,190.0
102,200,-28.0
102,201,-31.0
102,202,-34.0
102,203,-38.0
102,204,-41.0
102,205,-45.0
102,206,-51.0
102,207,-56.0
102,208,-62.0
102,209,-70.0
102,210,-76.0
102,211,-83.0
102,212,-89.0
102,213,-96.0
102,214,-101.0
102,215,-107.0
102,216,-112.0
102,217,-112.0
102,218,-112.0
102,219,-112.0
102,220,-112.0
102,221,-112.0
102,222,-112.0
102,223,-112.0
102,224,-112.0
102,225,-112.0
102,226,-112.0
102,227,-112.0
102,228,-112.0
102,229,-76.0
102,230,-76.0
102,231,-74.0
102,232,-76.0
102,233,-76.0
102,234,-76.0
102,235,-76.0
102,236,-76.0
102,282,66.0
102,284,66.0
102,285,66.0
102,286,80.0
102,287,64.0
102,288,50.0
102,290,-3.0
102,291,-3.0
102,292,-4.0
102,293,-4.0
102,294,-4.0
102,295,-4.0
102,296,-4.0
102,297,-3.0
102,298,-3.0
102,299,-2.0
102,300,-2.0
102,301,-1.0
102,302,1.0
102,303,2.0
102,304,3.0
102,305,6.0
102,306,8.0
102,307,11.0
102,308,15.0
102,309,17.0
102,310,20.0
102,311,21.0
102,312,24.0
102,313,26.0
102,314,28.0
102,315,29.0
102,316,30.0
102,317,31.0
102,318,34.0
102,319,35.0
102,320,38.0
102,321,40.0
102,322,44.0
102,323,139.0
102,324,139.0
102,325,145.0
102,328,139.0
102,329,139.0
102,330,139.0
102,331,139.0
102,332,139.0
102,333,139.0
103,23,129.0
103,24,129.0
103,25,129.0
103,26,129.0
103,27,124.0
103,30,121.0
103,33,120.0
103,34,119.0
103,37,117.0
103,39,117.0
103,40,116.0
103,41,116.0
103,42,117.0
103,43,118.0
103,44,119.0
103,45,120.0
103,46,120.0
103,47,120.0
103,48,126.0
103,49,129.0
103,50,129.0
103,51,129.0
103,52,129.0
103,53,128.0
103,54,127.0
103,55,128.0
103,56,128.0
103,57,128.0
103,58,129.0
103,59,129.0
103,60,129.0
103,62,219.0
103,67,237.0
103,70,160.0
103,72,186.0
103,73,185.0
103,74,182.0
103,75,130.0
103,76,130.0
103,77,130.0
103,80,134.0
103,83,128.0
103,84,191.0
103,87,210.0
103,88,195.0
103,90,172.0
103,91,172.0
103,94,190.0
103,200,-31.0
103,201,-35.0
103,202,-38.0
103,203,-41.0
103,204,-45.0
103,205,-48.0
103,206,-54.0
103,207,-59.0
103,208,-64.0
103,209,-71.0
103,210,-77.0
103,211,-84.0
103,212,-89.0
103,213,-95.0
103,214,-101.0
103,215,-107.0
103,216,-112.0
103,217,-112.0
103,218,-112.0
103,219,-112.0
103,220,-112.0
103,221,-112.0
103,222,-112.0
103,223,-112.0
103,224,-112.0
103,225,-112.0
103,226,-112.0
103,227,-112.0
103,228,-112.0
103,229,-73.0
103,230,-76.0
103,231,-76.0
103,232,-76.0
103,233,-76.0
103,234,-76.0
103,235,-76.0
103,236,-76.0
103,282,66.0
103,283,66.0
103,284,66.0
103,285,77.0
103,286,66.0
103,287,56.0
103,290,-6.0
103,291,-6.0
103,292,-7.0
103,293,-7.0
103,294,-8.0
103,295,-7.0
103,296,-6.0
103,297,-6.0
103,298,-6.0
103,299,-5.0
103,300,-5.0
103,301,-5.0
103,302,-3.0
103,303,-1.0
103,304,0.0
103,305,2.0
103,306,5.0
103,307,8.0
103,308,10.0
103,309,14.0
103,310,16.0
103,311,17.0
103,312,19.0
103,313,22.0
103,314,24.0
103,315,26.0
103,316,27.0
103,317,28.0
103,318,29.0
103,319,31.0
103,320,34.0
103,321,37.0
103,322,41.0
103,323,154.0
103,324,139.0
103,325,139.0
103,326,139.0
103,327,139.0
103,328,139.0
103,329,139.0
103,330,139.0
103,331,139.0
103,332,139.0
103,333,139.0
104,22,129.0
104,23,129.0
104,24,129.0
104,25,129.0
104,30,121.0
104,32,121.0
104,33,120.0
104,34,119.0
104,37,118.0
104,38,117.0
104,39,117.0
104,40,116.0
104,41,116.0
104,42,117.0
104,43,117.0
104,44,118.0
104,45,119.0
104,46,120.0
104,47,120.0
104,48,125.0
104,49,129.0
104,50,129.0
104,51,129.0
104,52,129.0
104,53,127.0
104,54,127.0
104,55,128.0
104,56,128.0
104,57,128.0
104,58,129.0
104,59,129.0
104,60,129.0
104,61,217.0
104,67,244.0
104,72,183.0
104,73,186.0
104,76,130.0
104,77,129.0
104,80,136.0
104,83,128.0
104,84,194.0
104,86,221.0
104,90,172.0
104,94,191.0
104,202,-41.0
104,203,-44.0
104,204,-48.0
104,205,-52.0
104,206,-57.0
104,207,-62.0
104,208,-66.0
104,209,-73.0
104,210,-79.0
104,211,-83.0
104,212,-89.0
104,213,-96.0
104,214,-102.0
104,215,-107.0
104,216,-112.0
104,217,-112.0
104,218,-112.0
104,219,-112.0
104,220,-112.0
104,221,-112.0
104,222,-112.0
104,223,-112.0
104,224,-112.0
104,225,-112.0
104,226,-112.0
104,227,-112.0
104,228,-112.0
104,229,-64.0
104,230,-70.0
104,231,-76.0
104,232,-76.0
104,233,-76.0
104,234,-76.0
104,235,-76.0
104,236,-76.0
104,282,66.0
104,283,66.0
104,286,89.0
104,287,44.0
104,290,-9.0
104,291,-9.0
104,292,-10.0
104,293,-11.0
104,294,-11.0
104,295,-11.0
104,296,-10.0
104,297,-11.0
104,298,-10.0
104,299,-9.0
104,300,-8.0
104,301,-7.0
104,302,-7.0
104,303,-5.0
104,304,-3.0
104,305,-1.0
104,306,1.0
104,307,4.0
104,308,8.0
104,309,10.0
104,310,11.0
104,311,13.0
104,312,16.0
104,313,19.0
104,314,20.0
104,315,23.0
104,316,23.0
104,317,24.0
104,318,26.0
104,319,27.0
104,320,29.0
104,321,32.0
104,322,36.0
104,323,139.0
104,324,139.0
104,325,139.0
104,326,139.0
104,327,139.0
104,328,139.0
104,329,139.0
104,330,139.0
104,331,139.0
104,332,139.0
104,333,139.0
105,22,129.0
105,23,129.0
105,24,129.0
105,25,129.0
105,32,121.0
105,34,120.0
105,36,118.0
105,37,118.0
105,38,117.0
105,39,117.0
105,41,116.0
105,42,117.0
105,43,117.0
105,44,119.0
105,45,120.0
105,46,120.0
105,47,121.0
105,48,125.0
105,49,129.0
105,50,129.0
105,51,129.0
105,52,129.0
105,53,127.0
105,54,127.0
105,55,127.0
105,56,128.0
105,57,128.0
105,58,170.0
105,59,129.0
105,60,211.0
105,66,247.0
105,70,182.0
105,71,181.0
105,72,177.0
105,73,183.0
105,76,129.0
105,77,129.0
105,80,150.0
105,82,128.0
105,84,224.0
105,85,219.0
105,89,170.0
105,90,172.0
105,94,193.0
105,203,-48.0
105,204,-50.0
105,205,-54.0
105,206,-60.0
105,207,-64.0
105,208,-69.0
105,209,-74.0
105,210,-79.0
105,211,-84.0
105,212,-90.0
105,213,-96.0
105,214,-101.0
105,215,-107.0
105,216,-112.0
105,217,-112.0
105,218,-112.0
105,219,-112.0
105,220,-112.0
105,221,-112.0
105,222,-112.0
105,223,-112.0
105,224,-112.0
105,225,-112.0
105,226,-112.0
105,227,-112.0
105,228,-112.0
105,229,-76.0
105,232,-69.0
105,233,-76.0
105,235,-76.0
105,236,-76.0
105,283,66.0
105,284,66.0
105,285,66.0
105,286,66.0
105,287,44.0
105,288,44.0
105,289,44.0
105,290,-13.0
105,291,-13.0
105,292,-14.0
105,293,-15.0
105,294,-15.0
105,295,-16.0
105,296,-15.0
105,297,-14.0
105,298,-14.0
105,299,-14.0
105,300,-12.0
105,301,-11.0
105,302,-11.0
105,303,-8.0
105,304,-7.0
105,305,-5.0
105,306,-3.0
105,307,-0.0
105,308,3.0
105,309,4.0
105,310,7.0
105,311,8.0
105,312,11.0
105,313,15.0
105,314,17.0
105,315,18.0
105,316,19.0
105,317,20.0
105,318,22.0
105,319,23.0
105,320,25.0
105,321,28.0
105,322,31.0
105,323,139.0
105,324,139.0
105,325,139.0
105,326,139.0
105,327,139.0
105,328,139.0
105,329,139.0
105,330,139.0
105,331,139.0
105,332,139.0
105,333,139.0
106,22,129.0
106,23,129.0
106,24,129.0
106,31,122.0
106,33,120.0
106,34,119.0
106,35,119.0
106,36,118.0
106,37,118.0
106,38,117.0
106,39,117.0
106,40,117.0
106,41,116.0
106,42,117.0
106,43,117.0
106,44,119.0
106,45,119.0
106,46,120.0
106,47,120.0
106,48,125.0
106,49,129.0
106,50,129.0
106,51,129.0
106,52,129.0
106,53,127.0
106,54,127.0
106,55,127.0
106,56,128.0
106,57,171.0
106,58,177.0
106,59,202.0
106,66,248.0
106,70,186.0
106,72,175.0
106,76,129.0
106,77,129.0
106,78,129.0
106,82,128.0
106,83,226.0
106,85,184.0
106,89,164.0
106,90,167.0
106,92,183.0
106,93,189.0
106,205,-57.0
106,206,-61.0
106,207,-65.0
106,208,-69.0
106,209,-75.0
106,210,-80.0
106,211,-85.0
106,212,-89.0
106,213,-95.0
106,214,-101.0
106,215,-108.0
106,216,-111.0
106,217,-111.0
106,218,-111.0
106,219,-111.0
106,220,-111.0
106,221,-111.0
106,222,-112.0
106,223,-112.0
106,224,-112.0
106,225,-112.0
106,226,-112.0
106,227,-112.0
106,228,-112.0
106,229,-76.0
106,232,-59.0
106,233,-65.0
106,236,-62.0
106,287,-6.0
106,288,-12.0
106,289,-14.0
106,290,-17.0
106,291,-17.0
106,292,-18.0
106,293,-19.0
106,294,-20.0
106,295,-20.0
106,296,-20.0
106,297,-19.0
106,298,-18.0
106,299,-18.0
106,300,-16.0
106,301,-16.0
106,302,-13.0
106,303,-13.0
106,304,-11.0
106,305,-9.0
106,306,-7.0
106,307,-5.0
106,308,-2.0
106,309,1.0
106,310,2.0
106,311,4.0
106,312,8.0
106,313,11.0
106,314,12.0
106,315,14.0
106,316,15.0
106,317,17.0
106,318,17.0
106,319,20.0
106,320,20.0
106,321,23.0
106,322,27.0
107,22,129.0
107,23,129.0
107,31,124.0
107,33,120.0
107,35,119.0
107,36,119.0
107,37,118.0
107,38,117.0
107,39,117.0
107,40,116.0
107,41,116.0
107,42,116.0
107,43,117.0
107,44,118.0
107,45,119.0
107,46,120.0
107,47,120.0
107,48,125.0
107,49,129.0
107,50,129.0
107,51,129.0
107,52,129.0
107,53,127.0
107,54,127.0
107,55,127.0
107,56,169.0
107,57,169.0
107,58,184.0
107,69,190.0
107,71,188.0
107,72,180.0
107,76,129.0
107,77,129.0
107,78,129.0
107,79,212.0
107,80,220.0
107,81,128.0
107,85,181.0
107,89,156.0
107,90,160.0
107,91,174.0
107,207,-68.0
107,208,-71.0
107,209,-75.0
107,210,-80.0
107,211,-85.0
107,212,-89.0
107,213,-95.0
107,214,-102.0
107,215,-107.0
107,216,-110.0
107,217,-110.0
107,218,-111.0
107,219,-111.0
107,220,-111.0
107,221,-111.0
107,222,-111.0
107,223,-112.0
107,224,-112.0
107,225,-112.0
107,226,-112.0
107,227,-113.0
107,228,-112.0
107,229,-94.0
107,230,-112.0
107,231,-57.0
107,232,-57.0
107,233,-54.0
107,235,-68.0
107,236,-52.0
107,287,-10.0
107,288,-14.0
107,289,-17.0
107,290,-20.0
107,291,-22.0
107,292,-22.0
107,293,-23.0
107,294,-23.0
107,295,-24.0
107,296,-24.0
107,297,-24.0
107,298,-23.0
107,299,-22.0
107,300,-23.0
107,301,-21.0
107,302,-20.0
107,303,-18.0
107,304,-17.0
107,305,-15.0
107,306,-13.0
107,307,-11.0
107,308,-8.0
107,309,-6.0
107,310,-3.0
107,311,-1.0
107,312,3.0
107,313,5.0
107,314,8.0
107,315,9.0
107,316,10.0
107,317,12.0
107,318,12.0
107,319,16.0
107,320,17.0
107,321,19.0
107,322,21.0
108,22,128.0
108,23,129.0
108,31,125.0
108,32,121.0
108,35,119.0
108,36,119.0
108,37,118.0
108,38,117.0
108,39,116.0
108,40,116.0
108,41,116.0
108,42,116.0
108,43,117.0
108,44,118.0
108,45,119.0
108,46,120.0
108,47,120.0
108,48,125.0
108,49,129.0
108,50,129.0
108,51,129.0
108,52,129.0
108,53,128.0
108,54,127.0
108,56,161.0
108,57,172.0
108,58,177.0
108,65,245.0
108,68,196.0
108,69,194.0
108,70,200.0
108,71,190.0
108,76,129.0
108,77,129.0
108,78,129.0
108,79,129.0
108,80,128.0
108,81,128.0
108,86,174.0
108,88,144.0
108,89,136.0
108,90,150.0
108,220,-111.0
108,221,-111.0
108,222,-111.0
108,223,-112.0
108,224,-112.0
108,225,-113.0
108,226,-113.0
108,227,-113.0
108,228,-113.0
108,229,-113.0
108,230,-112.0
108,231,-112.0
108,232,-111.0
108,234,-83.0
108,235,-57.0
108,236,-53.0
108,284,-6.0
108,285,-6.0
108,286,-7.0
108,287,-11.0
108,288,-17.0
108,289,-23.0
108,290,-25.0
108,291,-27.0
108,292,-27.0
108,293,-28.0
108,294,-29.0
108,295,-29.0
108,296,-28.0
108,297,-29.0
108,298,-28.0
108,299,-27.0
108,300,-28.0
108,301,-26.0
108,302,-24.0
108,303,-24.0
108,304,-23.0
108,305,-21.0
108,306,-18.0
108,307,-15.0
108,308,-14.0
108,309,-11.0
108,310,-9.0
108,311,-6.0
108,312,-3.0
108,313,-1.0
108,314,2.0
108,315,4.0
108,316,5.0
108,317,7.0
108,318,8.0
108,319,11.0
108,320,13.0
108,321,15.0
108,322,16.0
109,22,128.0
109,23,128.0
109,31,126.0
109,32,123.0
109,34,120.0
109,36,118.0
109,37,118.0
109,38,117.0
109,39,116.0
109,40,116.0
109,41,116.0
109,42,116.0
109,43,117.0
109,44,118.0
109,45,120.0
109,46,120.0
109,47,120.0
109,48,125.0
109,49,129.0
109,50,129.0
109,51,129.0
109,52,129.0
109,53,182.0
109,54,183.0
109,55,170.0
109,56,165.0
109,57,169.0
109,59,187.0
109,60,189.0
109,61,200.0
109,62,192.0
109,63,202.0
109,64,211.0
109,65,216.0
109,66,196.0
109,67,208.0
109,68,211.0
109,69,213.0
109,70,202.0
109,74,170.0
109,75,170.0
109,76,129.0
109,77,129.0
109,78,129.0
109,79,129.0
109,80,128.0
109,81,128.0
109,82,128.0
109,83,128.0
109,84,128.0
109,85,128.0
109,86,165.0
109,87,128.0
109,88,129.0
109,90,128.0
109,220,-111.0
109,221,-111.0
109,222,-111.0
109,223,-112.0
109,224,-112.0
109,225,-113.0
109,226,-113.0
109,227,-113.0
109,228,-113.0
109,229,-113.0
109,230,-112.0
109,231,-112.0
109,232,-111.0
109,233,-110.0
109,234,-108.0
109,235,-86.0
109,284,-12.0
109,285,-13.0
109,286,-13.0
109,287,-18.0
109,288,-23.0
109,289,-27.0
109,290,-30.0
109,291,-33.0
109,292,-33.0
109,293,-35.0
109,294,-34.0
109,295,-35.0
109,296,-33.0
109,297,-34.0
109,298,-33.0
109,299,-33.0
109,300,-32.0
109,301,-31.0
109,302,-31.0
109,303,-30.0
109,304,-28.0
109,305,-25.0
109,306,-23.0
109,307,-21.0
109,308,-19.0
109,309,-17.0
109,310,-13.0
109,311,-12.0
109,312,-10.0
109,313,-5.0
109,314,-2.0
109,315,-1.0
109,316,1.0
109,317,2.0
109,318,4.0
109,319,6.0
109,320,9.0
109,321,11.0
109,322,13.0
110,22,128.0
110,23,128.0
110,31,125.0
110,33,120.0
110,35,119.0
110,36,119.0
110,37,117.0
110,38,117.0
110,39,116.0
110,40,116.0
110,41,116.0
110,42,116.0
110,43,117.0
110,44,118.0
110,45,120.0
110,46,120.0
110,47,121.0
110,48,125.0
110,49,129.0
110,50,129.0
110,51,129.0
110,52,177.0
110,53,176.0
110,54,176.0
110,55,179.0
110,56,170.0
110,57,172.0
110,58,190.0
110,59,184.0
110,60,202.0
110,61,192.0
110,62,203.0
110,63,217.0
110,64,218.0
110,65,207.0
110,66,220.0
110,67,217.0
110,68,217.0
110,69,194.0
110,70,185.0
110,71,176.0
110,73,170.0
110,76,129.0
110,77,129.0
110,78,129.0
110,79,129.0
110,82,129.0
110,83,129.0
110,84,129.0
110,85,129.0
110,86,129.0
110,87,129.0
110,88,129.0
110,89,129.0
110,220,-110.0
110,221,-111.0
110,222,-111.0
110,223,-112.0
110,224,-112.0
110,225,-113.0
110,226,-113.0
110,227,-113.0
110,228,-113.0
110,229,-113.0
110,230,-112.0
110,231,-112.0
110,232,-111.0
110,233,-110.0
110,234,-108.0
110,235,-88.0
110,236,-107.0
110,284,-17.0
110,285,-23.0
110,286,-26.0
110,287,-28.0
110,288,-31.0
110,289,-34.0
110,290,-36.0
110,291,-38.0
110,292,-41.0
110,293,-39.0
110,294,-39.0
110,295,-40.0
110,296,-38.0
110,297,-39.0
110,298,-38.0
110,299,-39.0
110,300,-37.0
110,301,-37.0
110,302,-35.0
110,303,-34.0
110,304,-32.0
110,305,-29.0
110,306,-27.0
110,307,-27.0
110,308,-24.0
110,309,-20.0
110,310,-19.0
110,311,-17.0
110,312,-14.0
110,313,-12.0
110,314,-9.0
110,315,-7.0
110,316,-5.0
110,317,-1.0
110,318,-1.0
110,319,1.0
110,320,5.0
110,321,7.0
110,322,9.0
111,23,128.0
111,31,126.0
111,32,122.0
111,33,120.0
111,35,119.0
111,37,117.0
111,38,116.0
111,39,116.0
111,40,116.0
111,41,116.0
111,42,116.0
111,43,117.0
111,44,118.0
111,45,119.0
111,46,120.0
111,47,120.0
111,48,125.0
111,49,129.0
111,50,129.0
111,51,178.0
111,52,233.0
111,53,215.0
111,54,199.0
111,55,193.0
111,56,178.0
111,57,170.0
111,59,177.0
111,60,195.0
111,63,192.0
111,64,192.0
111,65,196.0
111,66,196.0
111,68,196.0
111,76,129.0
111,77,129.0
111,86,152.0
111,220,-109.0
111,221,-110.0
111,222,-111.0
111,223,-112.0
111,224,-112.0
111,225,-113.0
111,226,-113.0
111,227,-113.0
111,228,-113.0
111,229,-113.0
111,230,-112.0
111,231,-112.0
111,232,-111.0
111,233,-110.0
111,234,-109.0
111,235,-106.0
111,236,-107.0
111,284,-27.0
111,285,-27.0
111,286,-31.0
111,287,-36.0
111,288,-38.0
111,289,-42.0
111,290,-44.0
111,291,-46.0
111,292,-47.0
111,293,-46.0
111,294,-45.0
111,295,-45.0
111,296,-44.0
111,297,-45.0
111,298,-43.0
111,299,-43.0
111,300,-42.0
111,301,-42.0
111,302,-40.0
111,303,-39.0
111,304,-36.0
111,305,-36.0
111,306,-33.0
111,307,-32.0
111,308,-29.0
111,309,-26.0
111,310,-25.0
111,311,-22.0
111,312,-19.0
111,313,-17.0
111,314,-16.0
111,315,-11.0
111,316,-9.0
111,317,-8.0
111,318,-6.0
111,319,-2.0
111,320,-0.0
111,321,3.0
111,322,5.0
112,22,128.0
112,23,128.0
112,31,127.0
112,32,121.0
112,34,119.0
112,36,118.0
112,38,116.0
112,39,116.0
112,40,116.0
112,41,116.0
112,42,116.0
112,43,117.0
112,44,118.0
112,45,119.0
112,46,120.0
112,47,121.0
112,48,126.0
112,49,129.0
112,50,223.0
112,51,173.0
112,52,237.0
112,53,206.0
112,54,167.0
112,55,130.0
112,56,145.0
112,57,169.0
112,58,172.0
112,59,181.0
112,60,191.0
112,61,192.0
112,76,129.0
112,87,152.0
112,220,-108.0
112,221,-109.0
112,222,-111.0
112,223,-111.0
112,224,-112.0
112,225,-112.0
112,226,-113.0
112,227,-113.0
112,228,-113.0
112,229,-113.0
112,230,-112.0
112,231,-112.0
112,232,-110.0
112,233,-110.0
112,234,-110.0
112,235,-107.0
112,284,-37.0
112,285,-36.0
112,286,-42.0
112,287,-42.0
112,288,-45.0
112,289,-49.0
112,290,-51.0
112,291,-52.0
112,292,-52.0
112,293,-51.0
112,294,-51.0
112,295,-49.0
112,296,-49.0
112,297,-48.0
112,298,-48.0
112,299,-47.0
112,300,-47.0
112,301,-45.0
112,302,-44.0
112,303,-43.0
112,304,-42.0
112,305,-40.0
112,306,-38.0
112,307,-36.0
112,308,-33.0
112,309,-33.0
112,310,-29.0
112,311,-28.0
112,312,-24.0
112,313,-23.0
112,314,-21.0
112,315,-17.0
112,316,-16.0
112,317,-15.0
112,318,-11.0
112,319,-8.0
112,320,-4.0
112,321,-1.0
112,322,2.0
113,22,128.0
113,23,128.0
113,30,129.0
113,31,126.0
113,32,121.0
113,34,120.0
113,35,119.0
113,36,118.0
113,37,117.0
113,38,116.0
113,39,116.0
113,40,116.0
113,41,116.0
113,42,116.0
113,43,117.0
113,44,118.0
113,45,119.0
113,46,120.0
113,47,121.0
113,48,125.0
113,49,128.0
113,220,-107.0
113,221,-109.0
113,222,-111.0
113,223,-111.0
113,224,-112.0
113,225,-112.0
113,226,-113.0
113,227,-113.0
113,228,-113.0
113,229,-113.0
113,230,-113.0
113,231,-112.0
113,232,-111.0
113,233,-111.0
113,234,-110.0
113,235,-109.0
113,284,-41.0
113,285,-47.0
113,286,-47.0
113,287,-50.0
113,288,-51.0
113,289,-53.0
113,290,-55.0
113,291,-56.0
113,292,-56.0
113,293,-57.0
113,294,-56.0
113,295,-54.0
113,296,-56.0
113,297,-54.0
113,298,-53.0
113,299,-52.0
113,300,-52.0
113,301,-50.0
113,302,-49.0
113,303,-48.0
113,304,-46.0
113,305,-44.0
113,306,-42.0
113,307,-42.0
113,308,-39.0
113,309,-37.0
113,310,-34.0
113,311,-32.0
113,312,-29.0
113,313,-25.0
113,314,-25.0
113,315,-23.0
113,316,-23.0
113,317,-21.0
113,318,-16.0
113,319,-12.0
113,320,-7.0
113,321,-4.0
113,322,-2.0
114,22,128.0
114,23,128.0
114,30,129.0
114,31,127.0
114,33,120.0
114,34,119.0
114,35,119.0
114,36,118.0
114,37,170.0
114,38,116.0
114,39,116.0
114,40,116.0
114,41,116.0
114,42,116.0
114,43,117.0
114,44,118.0
114,45,120.0
114,46,120.0
114,47,121.0
114,48,124.0
114,49,129.0
114,220,-107.0
114,221,-108.0
114,222,-111.0
114,223,-111.0
114,224,-112.0
114,225,-112.0
114,226,-112.0
114,227,-113.0
114,228,-113.0
114,229,-113.0
114,230,-112.0
114,231,-112.0
114,232,-111.0
114,233,-111.0
114,234,-111.0
114,235,-109.0
114,284,-48.0
114,285,-51.0
114,286,-53.0
114,287,-55.0
114,288,-57.0
114,289,-58.0
114,290,-59.0
114,291,-60.0
114,292,-62.0
114,293,-63.0
114,294,-62.0
114,295,-61.0
114,296,-60.0
114,297,-59.0
114,298,-58.0
114,299,-56.0
114,300,-55.0
114,301,-54.0
114,302,-52.0
114,303,-52.0
114,304,-49.0
114,305,-48.0
114,306,-46.0
114,307,-45.0
114,308,-43.0
114,309,-42.0
114,310,-39.0
114,311,-36.0
114,312,-30.0
114,313,-25.0
114,314,-25.0
114,315,-25.0
114,316,-25.0
114,317,-24.0
114,318,-21.0
114,319,-17.0
114,320,-14.0
114,321,-10.0
114,322,-8.0
115,22,128.0
115,23,128.0
115,24,128.0
115,25,128.0
115,26,128.0
115,30,129.0
115,31,127.0
115,34,120.0
115,35,119.0
115,36,145.0
115,37,117.0
115,38,116.0
115,39,116.0
115,40,116.0
115,41,116.0
115,42,116.0
115,43,117.0
115,44,118.0
115,45,120.0
115,46,120.0
115,47,121.0
115,48,124.0
115,49,128.0
115,220,-107.0
115,221,-108.0
115,222,-110.0
115,223,-111.0
115,224,-112.0
115,225,-112.0
115,226,-112.0
115,227,-113.0
115,228,-113.0
115,229,-113.0
115,230,-112.0
115,231,-112.0
115,232,-112.0
115,233,-112.0
115,234,-110.0
115,235,-109.0
115,284,-55.0
115,285,-56.0
115,286,-57.0
115,287,-59.0
115,288,-61.0
115,289,-62.0
115,290,-64.0
115,291,-66.0
115,292,-67.0
115,293,-66.0
115,294,-65.0
115,295,-65.0
115,296,-64.0
115,297,-62.0
115,298,-61.0
115,299,-60.0
115,300,-58.0
115,301,-57.0
115,302,-56.0
115,303,-54.0
115,304,-53.0
115,305,-51.0
115,306,-49.0
115,307,-47.0
115,308,-46.0
115,309,-44.0
115,310,-41.0
115,311,-38.0
115,312,-30.0
115,313,-25.0
115,314,-25.0
115,315,-25.0
115,316,-25.0
115,317,-25.0
115,318,-25.0
115,319,-23.0
115,320,-20.0
115,321,-17.0
115,322,-14.0
116,22,128.0
116,23,128.0
116,24,128.0
116,25,128.0
116,30,129.0
116,31,127.0
116,33,120.0
116,34,120.0
116,35,119.0
116,36,118.0
116,37,117.0
116,38,117.0
116,39,116.0
116,40,116.0
116,41,116.0
116,42,116.0
116,43,117.0
116,44,118.0
116,45,120.0
116,46,120.0
116,47,120.0
116,48,124.0
116,49,128.0
116,220,-108.0
116,221,-108.0
116,222,-110.0
116,223,-111.0
116,224,-112.0
116,225,-112.0
116,226,-112.0
116,227,-112.0
116,228,-113.0
116,229,-113.0
116,230,-112.0
116,231,-112.0
116,232,-112.0
116,233,-112.0
116,234,-110.0
116,284,-59.0
116,285,-60.0
116,286,-61.0
116,287,-63.0
116,288,-64.0
116,289,-66.0
116,290,-68.0
116,291,-70.0
116,292,-69.0
116,293,-69.0
116,294,-69.0
116,295,-68.0
116,296,-67.0
116,297,-66.0
116,298,-64.0
116,299,-63.0
116,300,-61.0
116,301,-60.0
116,302,-58.0
116,303,-57.0
116,304,-55.0
116,305,-53.0
116,306,-51.0
116,307,-50.0
116,308,-49.0
116,309,-46.0
116,310,-41.0
116,311,-37.0
116,312,-30.0
116,313,-25.0
116,314,-25.0
116,315,-25.0
116,316,-25.0
116,317,-25.0
116,318,-25.0
116,319,-25.0
116,320,-25.0
116,321,-20.0
116,322,-20.0
117,21,128.0
117,22,128.0
117,23,128.0
117,24,128.0
117,29,129.0
117,30,129.0
117,31,128.0
117,33,120.0
117,34,143.0
117,35,119.0
117,36,118.0
117,37,117.0
117,38,117.0
117,39,116.0
117,40,116.0
117,41,116.0
117,42,116.0
117,43,117.0
117,44,118.0
117,45,119.0
117,46,120.0
117,47,121.0
117,48,124.0
117,49,128.0
117,221,-108.0
117,222,-111.0
117,223,-111.0
117,224,-112.0
117,225,-112.0
117,226,-112.0
117,227,-112.0
117,228,-113.0
117,229,-113.0
117,230,-112.0
117,231,-112.0
117,232,-112.0
117,233,-111.0
117,234,-110.0
117,284,-62.0
117,285,-63.0
117,286,-64.0
117,287,-66.0
117,288,-68.0
117,289,-70.0
117,290,-72.0
117,291,-73.0
117,292,-73.0
117,293,-73.0
117,294,-72.0
117,295,-71.0
117,296,-70.0
117,297,-69.0
117,298,-68.0
117,299,-66.0
117,300,-64.0
117,301,-63.0
117,302,-61.0
117,303,-60.0
117,304,-58.0
117,305,-55.0
117,306,-54.0
117,307,-53.0
117,308,-51.0
117,309,-46.0
117,310,-41.0
117,311,-37.0
117,312,-32.0
117,313,-25.0
117,314,-25.0
117,315,-25.0
117,316,-25.0
117,317,-25.0
117,318,-25.0
117,319,-25.0
117,320,-25.0
117,321,-25.0
117,322,-25.0
118,21,128.0
118,22,128.0
118,23,128.0
118,24,128.0
118,29,129.0
118,30,129.0
118,31,128.0
118,32,122.0
118,33,121.0
118,34,120.0
118,35,119.0
118,36,118.0
118,37,118.0
118,38,117.0
118,39,116.0
118,40,116.0
118,41,116.0
118,42,117.0
118,43,117.0
118,44,118.0
118,45,119.0
118,46,120.0
118,47,120.0
118,48,124.0
118,49,127.0
118,221,-109.0
118,222,-111.0
118,223,-111.0
118,224,-112.0
118,225,-112.0
118,226,-112.0
118,227,-112.0
118,228,-112.0
118,229,-113.0
118,230,-112.0
118,231,-112.0
118,232,-111.0
118,233,-110.0
118,234,-109.0
118,284,-66.0
118,285,-67.0
118,286,-68.0
118,287,-70.0
118,288,-72.0
118,289,-73.0
118,290,-76.0
118,291,-77.0
118,292,-76.0
118,293,-76.0
118,294,-75.0
118,295,-75.0
118,296,-74.0
118,297,-72.0
118,298,-71.0
118,299,-69.0
118,300,-68.0
118,301,-66.0
118,302,-65.0
118,303,-62.0
118,304,-61.0
118,305,-58.0
118,306,-57.0
118,307,-56.0
118,308,-53.0
118,309,-46.0
118,310,-41.0
118,311,-37.0
118,312,-29.0
118,313,-25.0
118,314,-25.0
118,315,-25.0
118,316,-25.0
118,317,-25.0
118,318,-25.0
118,319,-25.0
118,320,-25.0
118,321,-25.0
118,322,-25.0
119,22,128.0
119,23,128.0
119,24,128.0
119,29,129.0
119,30,129.0
119,31,126.0
119,33,120.0
119,35,119.0
119,36,119.0
119,37,118.0
119,38,117.0
119,39,116.0
119,40,116.0
119,41,117.0
119,42,117.0
119,43,117.0
119,44,119.0
119,45,120.0
119,46,120.0
119,47,121.0
119,48,124.0
119,49,128.0
119,221,-109.0
119,222,-111.0
119,223,-111.0
119,224,-112.0
119,225,-112.0
119,226,-112.0
119,227,-112.0
119,228,-112.0
119,229,-113.0
119,230,-112.0
119,231,-112.0
119,232,-111.0
119,233,-110.0
119,234,-109.0
119,284,-71.0
119,285,-71.0
119,286,-73.0
119,287,-75.0
119,288,-75.0
119,289,-78.0
119,290,-80.0
119,291,-80.0
119,292,-80.0
119,293,-80.0
119,294,-78.0
119,295,-79.0
119,296,-77.0
119,297,-76.0
119,298,-74.0
119,299,-73.0
119,300,-71.0
119,301,-70.0
119,302,-68.0
119,303,-67.0
119,304,-64.0
119,305,-62.0
119,306,-61.0
119,307,-59.0
119,308,-54.0
119,309,-45.0
119,310,-41.0
119,311,-36.0
119,312,-32.0
119,313,-25.0
119,314,-25.0
119,315,-25.0
119,316,-25.0
119,317,-25.0
119,318,-25.0
119,319,-25.0
119,320,-25.0
119,321,-25.0
119,322,-25.0
120,21,128.0
120,22,128.0
120,23,128.0
120,24,128.0
120,28,129.0
120,29,129.0
120,30,129.0
120,31,127.0
120,32,121.0
120,33,120.0
120,34,120.0
120,35,119.0
120,36,119.0
120,37,142.0
120,38,117.0
120,39,117.0
120,40,117.0
120,41,117.0
120,42,117.0
120,43,117.0
120,44,118.0
120,45,120.0
120,46,120.0
120,47,120.0
120,48,124.0
120,49,128.0
120,221,-109.0
120,222,-111.0
120,223,-111.0
120,224,-112.0
120,225,-112.0
120,226,-112.0
120,227,-112.0
120,228,-112.0
120,229,-112.0
120,230,-112.0
120,231,-112.0
120,232,-111.0
120,233,-110.0
120,234,-109.0
120,284,-75.0
120,285,-76.0
120,286,-77.0
120,287,-78.0
120,288,-80.0
120,289,-83.0
120,290,-84.0
120,291,-84.0
120,292,-83.0
120,293,-83.0
120,294,-82.0
120,295,-82.0
120,296,-81.0
120,297,-79.0
120,298,-77.0
120,299,-76.0
120,300,-74.0
120,301,-74.0
120,302,-71.0
120,303,-70.0
120,304,-67.0
120,305,-67.0
120,306,-64.0
120,307,-62.0
120,308,-53.0
120,309,-45.0
120,310,-41.0
120,311,-36.0
120,312,-32.0
120,313,-31.0
120,314,-31.0
120,315,-30.0
120,316,-29.0
120,317,-30.0
120,318,-30.0
120,319,-30.0
120,320,-28.0
120,321,-29.0
120,322,-31.0
121,21,128.0
121,23,128.0
121,24,128.0
121,28,129.0
121,29,129.0
121,30,129.0
121,31,127.0
121,32,122.0
121,34,120.0
121,35,119.0
121,36,119.0
121,37,118.0
121,38,117.0
121,39,117.0
121,40,117.0
121,41,117.0
121,42,117.0
121,43,118.0
121,44,119.0
121,45,119.0
121,46,120.0
121,47,120.0
121,48,124.0
121,49,129.0
121,54,131.0
121,221,-109.0
121,222,-111.0
121,223,-111.0
121,224,-112.0
121,225,-112.0
121,226,-112.0
121,227,-112.0
121,228,-112.0
121,229,-113.0
121,230,-112.0
121,231,-112.0
121,232,-111.0
121,233,-110.0
121,234,-110.0
121,281,-78.0
121,282,-79.0
121,283,-80.0
121,284,-79.0
121,285,-80.0
121,286,-81.0
121,287,-83.0
121,288,-86.0
121,289,-86.0
121,290,-88.0
121,291,-88.0
121,292,-87.0
121,293,-87.0
121,294,-87.0
121,295,-86.0
121,296,-84.0
121,297,-82.0
121,298,-82.0
121,299,-79.0
121,300,-79.0
121,301,-77.0
121,302,-75.0
121,303,-73.0
121,304,-71.0
121,305,-70.0
121,306,-68.0
121,307,-64.0
121,308,-56.0
121,309,-46.0
121,310,-41.0
121,311,-37.0
121,312,-36.0
121,313,-36.0
121,314,-36.0
121,315,-35.0
121,316,-36.0
121,317,-36.0
121,318,-36.0
121,319,-37.0
121,320,-35.0
121,321,-36.0
121,322,-35.0
122,21,129.0
122,23,128.0
122,24,127.0
122,28,129.0
122,29,129.0
122,30,129.0
122,31,125.0
122,33,121.0
122,34,120.0
122,35,119.0
122,36,118.0
122,37,118.0
122,38,117.0
122,39,117.0
122,40,117.0
122,41,117.0
122,42,117.0
122,43,118.0
122,44,119.0
122,45,119.0
122,46,120.0
122,47,120.0
122,48,124.0
122,49,129.0
122,50,129.0
122,51,129.0
122,52,130.0
122,53,130.0
122,54,131.0
122,226,-112.0
122,227,-112.0
122,228,-112.0
122,229,-112.0
122,230,-112.0
122,231,-112.0
122,232,-111.0
122,233,-110.0
122,234,-110.0
122,281,-79.0
122,282,-81.0
122,283,-80.0
122,284,-83.0
122,285,-84.0
122,286,-86.0
122,287,-87.0
122,288,-89.0
122,289,-91.0
122,290,-92.0
122,291,-92.0
122,292,-92.0
122,293,-91.0
122,294,-90.0
122,295,-88.0
122,296,-87.0
122,297,-86.0
122,298,-85.0
122,299,-83.0
122,300,-82.0
122,301,-80.0
122,302,-79.0
122,303,-77.0
122,304,-74.0
122,305,-73.0
122,306,-71.0
122,307,-63.0
122,308,-56.0
122,309,-44.0
122,310,-41.0
122,311,-41.0
122,312,-41.0
122,313,-41.0
122,314,-41.0
122,315,-41.0
122,316,-41.0
122,317,-41.0
122,318,-41.0
122,319,-41.0
122,320,-41.0
122,321,-41.0
122,322,-41.0
123,21,128.0
123,23,127.0
123,24,127.0
123,28,129.0
123,30,129.0
123,31,127.0
123,32,121.0
123,33,121.0
123,34,120.0
123,35,119.0
123,36,118.0
123,37,118.0
123,38,117.0
123,39,117.0
123,40,117.0
123,41,117.0
123,42,117.0
123,43,118.0
123,44,119.0
123,45,119.0
123,46,120.0
123,47,122.0
123,48,124.0
123,49,129.0
123,54,131.0
123,226,-112.0
123,227,-112.0
123,228,-112.0
123,229,-113.0
123,230,-112.0
123,231,-112.0
123,232,-111.0
123,233,-110.0
123,234,-109.0
123,281,-85.0
123,282,-85.0
123,283,-87.0
123,284,-87.0
123,285,-89.0
123,286,-90.0
123,287,-92.0
123,288,-92.0
123,289,-94.0
123,290,-95.0
123,291,-96.0
123,292,-95.0
123,293,-95.0
123,294,-94.0
123,295,-92.0
123,296,-92.0
123,297,-91.0
123,298,-89.0
123,299,-88.0
123,300,-86.0
123,301,-84.0
123,302,-83.0
123,303,-78.0
123,304,-79.0
123,305,-76.0
123,306,-69.0
123,307,-61.0
123,308,-54.0
123,309,-42.0
123,310,-41.0
123,311,-41.0
123,312,-41.0
123,313,-41.0
123,314,-41.0
123,315,-41.0
123,316,-41.0
123,317,-41.0
123,318,-41.0
123,319,-41.0
123,320,-41.0
123,321,-41.0
123,322,-41.0
124,21,128.0
124,22,128.0
124,23,127.0
124,24,127.0
124,27,129.0
124,28,129.0
124,30,129.0
124,31,141.0
124,32,121.0
124,33,121.0
124,34,120.0
124,35,119.0
124,36,118.0
124,37,118.0
124,38,117.0
124,39,117.0
124,40,117.0
124,41,117.0
124,42,117.0
124,43,118.0
124,44,118.0
124,45,119.0
124,46,120.0
124,47,120.0
124,48,124.0
124,49,129.0
124,54,131.0
124,226,-112.0
124,227,-112.0
124,228,-112.0
124,229,-113.0
124,230,-112.0
124,231,-112.0
124,232,-111.0
124,233,-110.0
124,234,-109.0
124,281,-90.0
124,282,-91.0
124,283,-91.0
124,284,-91.0
124,285,-93.0
124,286,-94.0
124,287,-95.0
124,288,-96.0
124,289,-98.0
124,290,-99.0
124,291,-99.0
124,292,-99.0
124,293,-99.0
124,294,-97.0
124,295,-96.0
124,296,-95.0
124,297,-94.0
124,298,-93.0
124,299,-92.0
124,300,-90.0
124,301,-88.0
124,302,-85.0
124,303,-84.0
124,304,-81.0
124,305,-79.0
124,306,-68.0
124,307,-62.0
124,308,-55.0
124,309,-44.0
124,310,-41.0
124,311,-41.0
124,312,-41.0
124,313,-41.0
124,314,-41.0
124,315,-41.0
124,316,-41.0
124,317,-41.0
124,318,-41.0
124,319,-41.0
124,320,-41.0
124,321,-41.0
124,322,-41.0
125,22,128.0
125,23,127.0
125,24,127.0
125,27,129.0
125,28,129.0
125,29,146.0
125,30,129.0
125,31,124.0
125,32,122.0
125,33,121.0
125,34,120.0
125,35,119.0
125,36,118.0
125,37,118.0
125,38,117.0
125,39,117.0
125,40,117.0
125,41,117.0
125,42,117.0
125,43,118.0
125,44,118.0
125,45,119.0
125,46,120.0
125,47,121.0
125,48,124.0
125,49,129.0
125,50,129.0
125,54,131.0
125,226,-112.0
125,227,-112.0
125,228,-112.0
125,229,-112.0
125,230,-112.0
125,231,-112.0
125,232,-111.0
125,233,-110.0
125,234,-109.0
125,281,-96.0
125,282,-94.0
125,283,-96.0
125,284,-96.0
125,285,-97.0
125,286,-97.0
125,287,-99.0
125,288,-100.0
125,289,-100.0
125,290,-101.0
125,291,-102.0
125,292,-102.0
125,293,-101.0
125,294,-101.0
125,295,-99.0
125,296,-97.0
125,297,-97.0
125,298,-96.0
125,299,-94.0
125,300,-93.0
125,301,-91.0
125,302,-89.0
125,303,-87.0
125,304,-84.0
125,305,-77.0
125,306,-70.0
125,307,-64.0
125,308,-56.0
125,309,-49.0
125,310,-44.0
125,311,-41.0
125,312,-44.0
125,313,-44.0
125,314,-44.0
125,315,-42.0
125,316,-44.0
125,317,-41.0
125,318,-42.0
125,319,-43.0
125,320,-43.0
125,321,-42.0
125,322,-41.0
126,22,128.0
126,23,127.0
126,24,127.0
126,27,129.0
126,28,160.0
126,29,129.0
126,30,129.0
126,31,127.0
126,32,122.0
126,33,121.0
126,34,120.0
126,35,119.0
126,36,118.0
126,37,118.0
126,38,117.0
126,39,117.0
126,40,117.0
126,41,117.0
126,42,117.0
126,43,117.0
126,44,118.0
126,45,119.0
126,46,120.0
126,47,120.0
126,48,124.0
126,49,129.0
126,50,129.0
126,54,131.0
126,226,-112.0
126,227,-112.0
126,228,-112.0
126,229,-112.0
126,230,-112.0
126,231,-112.0
126,232,-111.0
126,233,-110.0
126,234,-109.0
126,235,-108.0
126,281,-99.0
126,282,-100.0
126,283,-100.0
126,284,-100.0
126,285,-100.0
126,286,-101.0
126,287,-102.0
126,288,-103.0
126,289,-104.0
126,290,-105.0
126,291,-105.0
126,292,-104.0
126,293,-104.0
126,294,-103.0
126,295,-102.0
126,296,-101.0
126,297,-100.0
126,298,-98.0
126,299,-98.0
126,300,-95.0
126,301,-94.0
126,302,-93.0
126,303,-90.0
126,304,-87.0
126,305,-85.0
126,306,-76.0
126,307,-70.0
126,308,-62.0
126,309,-54.0
126,310,-52.0
126,311,-50.0
126,312,-51.0
126,313,-51.0
126,314,-52.0
126,315,-51.0
126,316,-49.0
126,317,-50.0
126,318,-50.0
126,319,-50.0
126,320,-52.0
126,321,-50.0
126,322,-53.0
127,22,128.0
127,24,127.0
127,27,129.0
127,29,129.0
127,30,129.0
127,31,125.0
127,32,121.0
127,34,120.0
127,35,119.0
127,36,118.0
127,37,118.0
127,38,117.0
127,39,117.0
127,40,117.0
127,41,117.0
127,42,117.0
127,43,117.0
127,44,118.0
127,45,119.0
127,46,120.0
127,47,121.0
127,48,124.0
127,49,129.0
127,50,129.0
127,51,129.0
127,54,131.0
127,226,-112.0
127,227,-112.0
127,228,-112.0
127,229,-112.0
127,230,-112.0
127,231,-112.0
127,232,-111.0
127,233,-110.0
127,234,-109.0
127,235,-108.0
127,281,-102.0
127,282,-102.0
127,283,-102.0
127,284,-103.0
127,285,-103.0
127,286,-104.0
127,287,-105.0
127,288,-106.0
127,289,-107.0
127,290,-107.0
127,291,-107.0
127,292,-106.0
127,293,-106.0
127,294,-106.0
127,295,-104.0
127,296,-103.0
127,297,-102.0
127,298,-101.0
127,299,-100.0
127,300,-99.0
127,301,-98.0
127,302,-96.0
127,303,-94.0
127,304,-91.0
127,305,-89.0
127,306,-86.0
127,307,-77.0
127,308,-71.0
127,309,-65.0
127,310,-58.0
127,311,-59.0
127,312,-57.0
127,313,-58.0
127,314,-58.0
127,315,-58.0
127,316,-59.0
127,317,-61.0
127,318,-58.0
127,319,-58.0
127,320,-58.0
127,321,-58.0
127,322,-61.0
128,22,128.0
128,23,127.0
128,24,127.0
128,25,127.0
128,27,129.0
128,29,129.0
128,30,129.0
128,31,127.0
128,34,120.0
128,35,119.0
128,36,118.0
128,37,118.0
128,38,117.0
128,39,117.0
128,40,117.0
128,41,117.0
128,42,117.0
128,43,117.0
128,44,118.0
128,45,119.0
128,46,120.0
128,47,120.0
128,48,125.0
128,49,129.0
128,50,129.0
128,51,129.0
128,54,131.0
128,226,-112.0
128,227,-112.0
128,228,-112.0
128,229,-112.0
128,230,-112.0
128,231,-112.0
128,232,-111.0
128,233,-110.0
128,234,-109.0
128,235,-107.0
128,281,-105.0
128,282,-105.0
128,283,-105.0
128,284,-105.0
128,285,-106.0
128,286,-107.0
128,287,-108.0
128,288,-109.0
128,289,-109.0
128,290,-109.0
128,291,-109.0
128,292,-109.0
128,293,-108.0
128,294,-107.0
128,295,-107.0
128,296,-106.0
128,297,-105.0
128,298,-104.0
128,299,-103.0
128,300,-102.0
128,301,-100.0
128,302,-99.0
128,303,-96.0
128,304,-94.0
128,305,-92.0
128,306,-90.0
128,307,-86.0
128,308,-79.0
128,309,-72.0
128,310,-67.0
128,311,-68.0
128,312,-66.0
128,313,-66.0
128,314,-66.0
128,315,-67.0
128,316,-67.0
128,317,-69.0
128,318,-67.0
128,319,-68.0
128,320,-68.0
128,321,-66.0
128,322,-67.0
129,22,128.0
129,24,127.0
129,25,127.0
129,27,129.0
129,28,129.0
129,29,129.0
129,30,129.0
129,32,123.0
129,34,120.0
129,35,119.0
129,36,118.0
129,37,118.0
129,38,117.0
129,39,117.0
129,40,117.0
129,41,117.0
129,42,117.0
129,43,117.0
129,44,118.0
129,45,119.0
129,46,120.0
129,47,121.0
129,48,124.0
129,49,128.0
129,50,129.0
129,51,129.0
129,54,130.0
129,226,-112.0
129,227,-112.0
129,228,-112.0
129,229,-112.0
129,230,-112.0
129,231,-112.0
129,232,-111.0
129,233,-111.0
129,234,-109.0
129,235,-108.0
129,281,-107.0
129,282,-107.0
129,283,-107.0
129,284,-108.0
129,285,-109.0
129,286,-109.0
129,287,-110.0
129,288,-112.0
129,289,-112.0
129,290,-112.0
129,291,-111.0
129,292,-110.0
129,293,-110.0
129,294,-109.0
129,295,-110.0
129,296,-108.0
129,297,-107.0
129,298,-107.0
129,299,-106.0
129,300,-105.0
129,301,-103.0
129,302,-101.0
129,303,-99.0
129,304,-98.0
129,305,-95.0
129,306,-94.0
129,307,-92.0
129,308,-84.0
129,309,-78.0
129,310,-75.0
129,311,-75.0
129,312,-76.0
129,313,-73.0
129,314,-74.0
129,315,-76.0
129,316,-72.0
129,317,-77.0
129,318,-75.0
129,319,-77.0
129,320,-75.0
129,321,-73.0
129,322,-73.0
130,22,128.0
130,24,127.0
130,25,127.0
130,27,129.0
130,29,129.0
130,30,129.0
130,32,121.0
130,33,120.0
130,34,120.0
130,35,119.0
130,36,118.0
130,37,118.0
130,38,117.0
130,39,117.0
130,40,117.0
130,41,117.0
130,42,117.0
130,43,117.0
130,44,118.0
130,45,119.0
130,46,120.0
130,47,121.0
130,48,125.0
130,49,129.0
130,50,129.0
130,51,129.0
130,52,129.0
130,53,130.0
130,220,-112.0
130,224,-112.0
130,225,-112.0
130,226,-112.0
130,227,-112.0
130,228,-112.0
130,229,-112.0
130,230,-112.0
130,231,-112.0
130,232,-111.0
130,233,-111.0
130,234,-109.0
130,235,-108.0
130,281,-109.0
130,282,-109.0
130,283,-109.0
130,284,-109.0
130,285,-110.0
130,286,-111.0
130,287,-112.0
130,288,-113.0
130,289,-114.0
130,290,-113.0
130,291,-113.0
130,292,-112.0
130,293,-112.0
130,294,-112.0
130,295,-111.0
130,296,-111.0
130,297,-109.0
130,298,-109.0
130,299,-108.0
130,300,-107.0
130,301,-105.0
130,302,-104.0
130,303,-102.0
130,304,-100.0
130,305,-98.0
130,306,-95.0
130,307,-94.0
130,308,-92.0
130,309,-86.0
130,310,-81.0
130,311,-84.0
130,312,-83.0
130,313,-83.0
130,314,-82.0
130,315,-82.0
130,316,-82.0
130,317,-82.0
130,318,-82.0
130,319,-82.0
130,320,-82.0
130,321,-82.0
130,322,-82.0
131,22,128.0
131,24,127.0
131,25,127.0
131,26,127.0
131,27,129.0
131,29,129.0
131,30,129.0
131,31,127.0
131,33,120.0
131,34,120.0
131,35,119.0
131,36,118.0
131,37,118.0
131,38,118.0
131,39,117.0
131,40,117.0
131,41,117.0
131,42,117.0
131,43,117.0
131,44,118.0
131,45,119.0
131,46,120.0
131,47,120.0
131,48,125.0
131,49,128.0
131,50,129.0
131,51,129.0
131,52,130.0
131,53,130.0
131,220,-112.0
131,221,-112.0
131,223,-112.0
131,224,-112.0
131,225,-112.0
131,226,-112.0
131,227,-112.0
131,228,-112.0
131,229,-112.0
131,230,-112.0
131,231,-112.0
131,232,-111.0
131,233,-111.0
131,234,-110.0
131,235,-108.0
131,281,-109.0
131,282,-110.0
131,283,-110.0
131,284,-111.0
131,285,-111.0
131,286,-112.0
131,287,-113.0
131,288,-114.0
131,289,-115.0
131,290,-114.0
131,291,-114.0
131,292,-114.0
131,293,-113.0
131,294,-113.0
131,295,-112.0
131,296,-112.0
131,297,-111.0
131,298,-110.0
131,299,-109.0
131,300,-108.0
131,301,-107.0
131,302,-106.0
131,303,-104.0
131,304,-103.0
131,305,-100.0
131,306,-98.0
131,307,-96.0
131,308,-94.0
131,309,-92.0
131,310,-90.0
131,311,-89.0
131,312,-86.0
131,313,-85.0
131,314,-84.0
131,315,-83.0
131,316,-83.0
131,317,-82.0
131,318,-82.0
131,319,-81.0
131,320,-81.0
131,321,-81.0
131,322,-81.0
132,22,128.0
132,24,127.0
132,25,127.0
132,26,127.0
132,27,129.0
132,28,129.0
132,29,129.0
132,30,129.0
132,32,121.0
132,33,120.0
132,34,120.0
132,35,119.0
132,36,118.0
132,37,118.0
132,38,118.0
132,39,117.0
132,40,117.0
132,41,117.0
132,42,117.0
132,43,117.0
132,44,118.0
132,45,119.0
132,46,120.0
132,47,121.0
132,48,124.0
132,49,129.0
132,50,129.0
132,51,129.0
132,52,130.0
132,220,-111.0
132,221,-111.0
132,222,-111.0
132,223,-112.0
132,224,-112.0
132,225,-112.0
132,226,-112.0
132,227,-112.0
132,228,-112.0
132,229,-112.0
132,230,-112.0
132,231,-112.0
132,232,-112.0
132,233,-111.0
132,234,-110.0
132,235,-108.0
132,284,-112.0
132,285,-112.0
132,286,-113.0
132,287,-115.0
132,288,-115.0
132,289,-116.0
132,290,-116.0
132,291,-116.0
132,292,-115.0
132,293,-115.0
132,294,-114.0
132,295,-114.0
132,296,-113.0
132,297,-112.0
132,298,-111.0
132,299,-110.0
132,300,-110.0
132,301,-109.0
132,302,-108.0
132,303,-106.0
132,304,-104.0
132,305,-103.0
132,306,-100.0
132,307,-98.0
132,308,-96.0
132,309,-94.0
132,310,-92.0
132,311,-90.0
132,312,-88.0
132,313,-87.0
132,314,-86.0
132,315,-85.0
132,316,-83.0
132,317,-82.0
132,318,-81.0
132,319,-81.0
132,320,-81.0
132,321,-81.0
132,322,-81.0
133,21,128.0
133,22,128.0
133,24,127.0
133,25,127.0
133,26,128.0
133,27,129.0
133,29,129.0
133,30,129.0
133,32,120.0
133,33,120.0
133,34,119.0
133,35,119.0
133,36,118.0
133,37,118.0
133,38,118.0
133,39,117.0
133,40,117.0
133,41,117.0
133,42,117.0
133,43,117.0
133,44,118.0
133,45,119.0
133,46,120.0
133,47,120.0
133,48,125.0
133,49,129.0
133,50,129.0
133,51,129.0
133,52,129.0
133,220,-111.0
133,221,-111.0
133,222,-111.0
133,223,-111.0
133,224,-112.0
133,225,-112.0
133,226,-112.0
133,227,-112.0
133,228,-113.0
133,229,-112.0
133,230,-112.0
133,231,-112.0
133,232,-111.0
133,233,-111.0
133,234,-110.0
133,235,-108.0
133,284,-113.0
133,285,-114.0
133,286,-114.0
133,287,-115.0
133,288,-116.0
133,289,-117.0
133,290,-117.0
133,291,-117.0
133,292,-116.0
133,293,-116.0
133,294,-115.0
133,295,-115.0
133,296,-114.0
133,297,-113.0
133,298,-112.0
133,299,-111.0
133,300,-111.0
133,301,-110.0
133,302,-109.0
133,303,-108.0
133,304,-106.0
133,305,-104.0
133,306,-102.0
133,307,-99.0
133,308,-97.0
133,309,-96.0
133,310,-94.0
133,311,-92.0
133,312,-90.0
133,313,-88.0
133,314,-86.0
133,315,-84.0
133,316,-82.0
133,317,-81.0
133,318,-81.0
133,319,-80.0
133,320,-80.0
133,321,-80.0
133,322,-80.0
134,21,128.0
134,24,127.0
134,25,127.0
134,27,129.0
134,29,129.0
134,30,129.0
134,32,170.0
134,33,120.0
134,34,119.0
134,35,119.0
134,36,118.0
134,37,118.0
134,38,118.0
134,39,117.0
134,40,117.0
134,41,117.0
134,42,117.0
134,43,117.0
134,44,118.0
134,45,119.0
134,46,120.0
134,47,120.0
134,48,125.0
134,49,129.0
134,50,129.0
134,51,129.0
134,52,130.0
134,146,25.0
134,147,25.0
134,148,25.0
134,149,25.0
134,150,25.0
134,220,-111.0
134,221,-111.0
134,222,-111.0
134,223,-111.0
134,224,-112.0
134,225,-112.0
134,226,-112.0
134,227,-112.0
134,228,-113.0
134,229,-112.0
134,230,-112.0
134,231,-112.0
134,232,-112.0
134,233,-111.0
134,234,-110.0
134,235,-108.0
134,284,-114.0
134,285,-114.0
134,286,-115.0
134,287,-116.0
134,288,-117.0
134,289,-118.0
134,290,-118.0
134,291,-118.0
134,292,-117.0
134,293,-117.0
134,294,-116.0
134,295,-116.0
134,296,-115.0
134,297,-114.0
134,298,-113.0
134,299,-112.0
134,300,-112.0
134,301,-111.0
134,302,-110.0
134,303,-109.0
134,304,-108.0
134,305,-106.0
134,306,-104.0
134,307,-102.0
134,308,-100.0
134,309,-99.0
134,310,-96.0
134,311,-94.0
134,312,-91.0
134,313,-89.0
134,314,-87.0
134,315,-84.0
134,316,-83.0
134,317,-81.0
134,318,-80.0
134,319,-80.0
134,320,-80.0
134,321,-80.0
134,322,-80.0
135,21,128.0
135,25,127.0
135,26,128.0
135,27,129.0
135,29,129.0
135,30,129.0
135,31,165.0
135,32,122.0
135,33,120.0
135,34,119.0
135,35,119.0
135,36,118.0
135,37,118.0
135,38,118.0
135,39,117.0
135,40,117.0
135,41,117.0
135,42,117.0
135,43,117.0
135,44,118.0
135,45,119.0
135,46,120.0
135,47,120.0
135,48,125.0
135,49,129.0
135,50,129.0
135,51,129.0
135,52,129.0
135,53,129.0
135,135,9.0
135,136,9.0
135,137,9.0
135,138,9.0
135,139,9.0
135,140,10.0
135,141,16.0
135,142,22.0
135,143,25.0
135,144,25.0
135,145,25.0
135,146,25.0
135,147,25.0
135,148,24.0
135,149,25.0
135,150,24.0
135,220,-111.0
135,221,-111.0
135,222,-111.0
135,223,-111.0
135,224,-112.0
135,225,-112.0
135,226,-112.0
135,227,-112.0
135,228,-113.0
135,229,-113.0
135,230,-112.0
135,231,-112.0
135,232,-112.0
135,233,-111.0
135,234,-110.0
135,235,-108.0
135,284,-115.0
135,285,-115.0
135,286,-116.0
135,287,-116.0
135,288,-118.0
135,289,-118.0
135,290,-119.0
135,291,-118.0
135,292,-118.0
135,293,-118.0
135,294,-118.0
135,295,-117.0
135,296,-116.0
135,297,-115.0
135,298,-114.0
135,299,-113.0
135,300,-113.0
135,301,-113.0
135,302,-111.0
135,303,-110.0
135,304,-109.0
135,305,-107.0
135,306,-106.0
135,307,-104.0
135,308,-102.0
135,309,-100.0
135,310,-98.0
135,311,-95.0
135,312,-93.0
135,313,-88.0
135,314,-86.0
135,315,-83.0
135,316,-82.0
135,317,-81.0
135,318,-80.0
135,319,-80.0
135,320,-80.0
135,321,-80.0
135,322,-80.0
136,21,128.0
136,25,127.0
136,26,127.0
136,27,129.0
136,29,129.0
136,30,129.0
136,31,125.0
136,32,120.0
136,33,120.0
136,34,119.0
136,35,119.0
136,36,118.0
136,37,118.0
136,38,118.0
136,39,117.0
136,40,117.0
136,41,117.0
136,42,117.0
136,43,117.0
136,44,118.0
136,45,119.0
136,46,120.0
136,47,121.0
136,48,125.0
136,49,129.0
136,50,129.0
136,51,129.0
136,52,129.0
136,53,129.0
136,134,9.0
136,135,9.0
136,136,9.0
136,137,8.0
136,138,9.0
136,139,9.0
136,140,10.0
136,141,15.0
136,142,24.0
136,143,23.0
136,144,25.0
136,145,23.0
136,146,24.0
136,147,21.0
136,148,18.0
136,149,17.0
136,150,14.0
136,220,-110.0
136,221,-110.0
136,222,-111.0
136,223,-111.0
136,224,-112.0
136,225,-112.0
136,226,-112.0
136,227,-113.0
136,228,-113.0
136,229,-113.0
136,230,-113.0
136,231,-112.0
136,232,-112.0
136,233,-111.0
136,234,-110.0
136,235,-108.0
136,284,-115.0
136,285,-115.0
136,286,-116.0
136,287,-118.0
136,288,-118.0
136,289,-119.0
136,290,-119.0
136,291,-119.0
136,292,-119.0
136,293,-119.0
136,294,-119.0
136,295,-118.0
136,296,-117.0
136,297,-116.0
136,298,-115.0
136,299,-115.0
136,300,-114.0
136,301,-114.0
136,302,-113.0
136,303,-112.0
136,304,-110.0
136,305,-108.0
136,306,-107.0
136,307,-106.0
136,308,-102.0
136,309,-100.0
136,310,-98.0
136,311,-95.0
136,312,-92.0
136,313,-88.0
136,314,-86.0
136,315,-84.0
136,316,-82.0
136,317,-81.0
136,318,-80.0
136,319,-80.0
136,320,-80.0
136,321,-80.0
137,21,128.0
137,25,127.0
137,26,127.0
137,27,129.0
137,28,130.0
137,29,137.0
137,30,129.0
137,31,127.0
137,32,121.0
137,33,120.0
137,34,120.0
137,35,119.0
137,36,118.0
137,37,118.0
137,38,117.0
137,39,117.0
137,40,117.0
137,41,117.0
137,42,117.0
137,43,117.0
137,44,118.0
137,45,119.0
137,46,120.0
137,47,120.0
137,48,124.0
137,49,129.0
137,50,129.0
137,51,129.0
137,52,129.0
137,53,129.0
137,131,9.0
137,132,9.0
137,133,9.0
137,134,9.0
137,135,9.0
137,136,9.0
137,137,9.0
137,138,9.0
137,139,9.0
137,140,9.0
137,141,9.0
137,142,12.0
137,143,17.0
137,144,16.0
137,145,16.0
137,146,15.0
137,147,14.0
137,148,13.0
137,149,10.0
137,150,10.0
137,220,-109.0
137,221,-110.0
137,222,-111.0
137,223,-111.0
137,224,-112.0
137,225,-112.0
137,226,-112.0
137,227,-113.0
137,228,-113.0
137,229,-113.0
137,230,-113.0
137,231,-112.0
137,232,-112.0
137,233,-111.0
137,234,-110.0
137,235,-108.0
137,284,-116.0
137,285,-116.0
137,286,-117.0
137,287,-118.0
137,288,-119.0
137,289,-119.0
137,290,-120.0
137,291,-120.0
137,292,-120.0
137,293,-120.0
137,294,-120.0
137,295,-119.0
137,296,-118.0
137,297,-117.0
137,298,-116.0
137,299,-116.0
137,300,-115.0
137,301,-115.0
137,302,-114.0
137,303,-113.0
137,304,-111.0
137,305,-109.0
137,306,-107.0
137,307,-105.0
137,308,-102.0
137,309,-100.0
137,310,-97.0
137,311,-95.0
137,312,-93.0
137,313,-88.0
137,314,-86.0
137,315,-83.0
137,316,-82.0
137,317,-80.0
137,318,-80.0
137,319,-80.0
137,320,-80.0
137,321,-80.0
138,21,128.0
138,25,127.0
138,26,127.0
138,27,129.0
138,28,129.0
138,29,129.0
138,30,129.0
138,31,126.0
138,32,120.0
138,33,120.0
138,34,120.0
138,35,119.0
138,36,119.0
138,37,118.0
138,38,117.0
138,39,117.0
138,40,117.0
138,41,117.0
138,42,117.0
138,43,117.0
138,44,118.0
138,45,119.0
138,46,120.0
138,47,120.0
138,48,125.0
138,49,129.0
138,50,129.0
138,51,129.0
138,52,129.0
138,53,129.0
138,130,9.0
138,131,9.0
138,132,9.0
138,133,9.0
138,134,9.0
138,135,9.0
138,136,9.0
138,137,9.0
138,138,9.0
138,139,9.0
138,140,9.0
138,141,9.0
138,142,9.0
138,143,9.0
138,144,9.0
138,145,10.0
138,146,9.0
138,147,9.0
138,148,9.0
138,149,10.0
138,150,10.0
138,220,-109.0
138,221,-110.0
138,222,-111.0
138,223,-111.0
138,224,-112.0
138,225,-112.0
138,226,-112.0
138,227,-113.0
138,228,-113.0
138,229,-114.0
138,230,-113.0
138,231,-113.0
138,232,-112.0
138,233,-111.0
138,234,-109.0
138,235,-107.0
138,284,-116.0
138,285,-117.0
138,286,-117.0
138,287,-118.0
138,288,-119.0
138,289,-119.0
138,290,-120.0
138,291,-120.0
138,292,-120.0
138,293,-120.0
138,294,-121.0
138,295,-120.0
138,296,-119.0
138,297,-118.0
138,298,-117.0
138,299,-117.0
138,300,-117.0
138,301,-116.0
138,302,-115.0
138,303,-113.0
138,304,-111.0
138,305,-109.0
138,306,-107.0
138,307,-105.0
138,308,-101.0
138,309,-100.0
138,310,-97.0
138,311,-95.0
138,312,-92.0
138,313,-89.0
138,314,-85.0
138,315,-83.0
138,316,-81.0
138,317,-79.0
138,318,-79.0
138,319,-79.0
138,320,-80.0
138,321,-81.0
139,21,128.0
139,26,127.0
139,27,129.0
139,28,129.0
139,29,129.0
139,30,129.0
139,31,124.0
139,32,121.0
139,33,120.0
139,34,120.0
139,35,119.0
139,36,119.0
139,37,118.0
139,38,117.0
139,39,117.0
139,40,116.0
139,41,116.0
139,42,116.0
139,43,117.0
139,44,118.0
139,45,119.0
139,46,120.0
139,47,120.0
139,48,124.0
139,49,129.0
139,50,129.0
139,51,129.0
139,52,129.0
139,53,129.0
139,127,57.0
139,128,59.0
139,129,58.0
139,130,9.0
139,131,9.0
139,132,9.0
139,133,9.0
139,134,9.0
139,135,9.0
139,136,9.0
139,137,9.0
139,138,9.0
139,139,9.0
139,140,9.0
139,141,9.0
139,142,9.0
139,143,9.0
139,144,9.0
139,145,9.0
139,146,9.0
139,147,9.0
139,148,9.0
139,149,9.0
139,150,10.0
139,220,-109.0
139,221,-110.0
139,222,-111.0
139,223,-111.0
139,224,-112.0
139,225,-112.0
139,226,-113.0
139,227,-113.0
139,228,-114.0
139,229,-114.0
139,230,-114.0
139,231,-113.0
139,232,-112.0
139,233,-111.0
139,234,-110.0
139,235,-107.0
139,284,-116.0
139,285,-117.0
139,286,-118.0
139,287,-118.0
139,288,-119.0
139,289,-119.0
139,290,-120.0
139,291,-120.0
139,292,-120.0
139,293,-121.0
139,294,-121.0
139,295,-121.0
139,296,-120.0
139,297,-119.0
139,298,-118.0
139,299,-118.0
139,300,-117.0
139,301,-116.0
139,302,-115.0
139,303,-113.0
139,304,-111.0
139,305,-109.0
139,306,-107.0
139,307,-105.0
139,308,-102.0
139,309,-100.0
139,310,-98.0
139,311,-95.0
139,312,-92.0
139,313,-89.0
139,314,-85.0
139,315,-83.0
139,316,-81.0
139,317,-79.0
139,318,-79.0
139,319,-79.0
139,320,-80.0
139,321,-81.0
140,20,128.0
140,26,127.0
140,27,128.0
140,28,129.0
140,30,129.0
140,31,125.0
140,32,122.0
140,33,120.0
140,34,120.0
140,35,120.0
140,36,119.0
140,37,117.0
140,38,117.0
140,39,117.0
140,40,116.0
140,41,116.0
140,42,116.0
140,43,116.0
140,44,118.0
140,45,119.0
140,46,120.0
140,47,121.0
140,48,125.0
140,49,129.0
140,50,129.0
140,51,129.0
140,52,129.0
140,53,129.0
140,130,9.0
140,131,9.0
140,132,9.0
140,133,9.0
140,134,9.0
140,135,9.0
140,136,9.0
140,137,9.0
140,138,9.0
140,139,9.0
140,140,9.0
140,141,9.0
140,142,9.0
140,143,9.0
140,144,9.0
140,145,9.0
140,146,9.0
140,147,9.0
140,148,9.0
140,149,9.0
140,150,9.0
140,220,-109.0
140,221,-110.0
140,222,-111.0
140,223,-111.0
140,224,-112.0
140,225,-112.0
140,226,-113.0
140,227,-114.0
140,228,-114.0
140,229,-114.0
140,230,-114.0
140,231,-113.0
140,232,-112.0
140,233,-111.0
140,234,-110.0
140,235,-107.0
140,284,-117.0
140,285,-117.0
140,286,-118.0
140,287,-118.0
140,288,-119.0
140,289,-119.0
140,290,-120.0
140,291,-120.0
140,292,-121.0
140,293,-121.0
140,294,-121.0
140,295,-121.0
140,296,-120.0
140,297,-120.0
140,298,-119.0
140,299,-118.0
140,300,-118.0
140,301,-116.0
140,302,-114.0
140,303,-113.0
140,304,-111.0
140,305,-109.0
140,306,-107.0
140,307,-104.0
140,308,-102.0
140,309,-100.0
140,310,-97.0
140,311,-94.0
140,312,-91.0
140,313,-88.0
140,314,-85.0
140,315,-83.0
140,316,-80.0
140,317,-79.0
140,318,-79.0
140,319,-79.0
140,320,-80.0
140,321,-82.0
141,20,128.0
141,26,127.0
141,28,129.0
141,30,129.0
141,31,126.0
141,32,122.0
141,33,120.0
141,34,120.0
141,35,120.0
141,36,119.0
141,37,117.0
141,38,117.0
141,39,116.0
141,40,116.0
141,41,115.0
141,42,116.0
141,43,116.0
141,44,117.0
141,45,119.0
141,46,120.0
141,47,120.0
141,48,125.0
141,49,129.0
141,50,129.0
141,51,129.0
141,52,129.0
141,53,129.0
141,127,8.0
141,128,8.0
141,129,8.0
141,130,9.0
141,131,9.0
141,132,9.0
141,133,9.0
141,134,9.0
141,135,9.0
141,136,9.0
141,137,9.0
141,138,9.0
141,139,9.0
141,140,9.0
141,141,8.0
141,142,8.0
141,143,8.0
141,144,8.0
141,145,8.0
141,146,9.0
141,147,9.0
141,148,9.0
141,149,9.0
141,150,9.0
141,220,-109.0
141,221,-110.0
141,222,-111.0
141,223,-111.0
141,224,-112.0
141,225,-113.0
141,226,-113.0
141,227,-114.0
141,228,-114.0
141,229,-115.0
141,230,-114.0
141,231,-113.0
141,232,-112.0
141,233,-111.0
141,234,-110.0
141,235,-107.0
141,284,-117.0
141,285,-117.0
141,286,-118.0
141,287,-119.0
141,288,-119.0
141,289,-119.0
141,290,-120.0
141,291,-120.0
141,292,-121.0
141,293,-121.0
141,294,-121.0
141,295,-121.0
141,296,-120.0
141,297,-120.0
141,298,-120.0
141,299,-119.0
141,300,-118.0
141,301,-117.0
141,302,-115.0
141,303,-113.0
141,304,-111.0
141,305,-109.0
141,306,-107.0
141,307,-105.0
141,308,-102.0
141,309,-99.0
141,310,-96.0
141,311,-93.0
141,312,-89.0
141,313,-87.0
141,314,-85.0
141,315,-83.0
141,316,-81.0
141,317,-81.0
141,318,-80.0
141,319,-81.0
141,320,-82.0
141,321,-82.0
142,20,128.0
142,21,128.0
142,25,158.0
142,26,127.0
142,27,129.0
142,30,129.0
142,31,128.0
142,32,121.0
142,33,120.0
142,34,121.0
142,35,119.0
142,36,118.0
142,37,117.0
142,38,117.0
142,39,116.0
142,40,115.0
142,41,115.0
142,42,115.0
142,43,116.0
142,44,117.0
142,45,119.0
142,46,120.0
142,47,120.0
142,48,125.0
142,49,129.0
142,50,129.0
142,51,129.0
142,52,129.0
142,53,129.0
142,127,8.0
142,128,8.0
142,129,8.0
142,130,9.0
142,131,9.0
142,132,9.0
142,133,9.0
142,134,9.0
142,135,9.0
142,136,9.0
142,137,9.0
142,138,9.0
142,139,9.0
142,140,9.0
142,141,8.0
142,142,8.0
142,143,8.0
142,144,8.0
142,145,8.0
142,146,8.0
142,147,8.0
142,148,9.0
142,149,9.0
142,150,9.0
142,151,9.0
142,152,9.0
142,153,9.0
142,154,9.0
142,155,9.0
142,156,8.0
142,157,8.0
142,158,8.0
142,159,9.0
142,160,8.0
142,161,8.0
142,220,-108.0
142,221,-109.0
142,222,-111.0
142,223,-111.0
142,224,-112.0
142,225,-113.0
142,226,-113.0
142,227,-114.0
142,228,-115.0
142,229,-114.0
142,230,-114.0
142,231,-113.0
142,232,-113.0
142,233,-111.0
142,234,-110.0
142,235,-107.0
142,284,-117.0
142,285,-118.0
142,286,-118.0
142,287,-118.0
142,288,-119.0
142,289,-119.0
142,290,-120.0
142,291,-120.0
142,292,-121.0
142,293,-121.0
142,294,-122.0
142,295,-122.0
142,296,-121.0
142,297,-120.0
142,298,-120.0
142,299,-119.0
142,300,-118.0
142,301,-116.0
142,302,-115.0
142,303,-113.0
142,304,-111.0
142,305,-109.0
142,306,-107.0
142,307,-104.0
142,308,-101.0
142,309,-100.0
142,310,-96.0
142,311,-93.0
142,312,-90.0
142,313,-87.0
142,314,-85.0
142,315,-84.0
142,316,-82.0
142,317,-83.0
142,318,-83.0
142,319,-82.0
142,320,-82.0
142,321,-82.0
143,21,128.0
143,22,128.0
143,24,168.0
143,26,127.0
143,27,129.0
143,28,129.0
143,30,129.0
143,31,128.0
143,32,120.0
143,33,120.0
143,34,120.0
143,35,120.0
143,36,118.0
143,37,117.0
143,38,116.0
143,39,116.0
143,40,115.0
143,41,115.0
143,42,115.0
143,43,115.0
143,44,116.0
143,45,118.0
143,46,120.0
143,47,120.0
143,48,125.0
143,49,128.0
143,50,128.0
143,51,129.0
143,52,129.0
143,53,128.0
143,127,8.0
143,128,8.0
143,129,8.0
143,130,8.0
143,131,8.0
143,132,9.0
143,133,9.0
143,134,9.0
143,135,9.0
143,136,9.0
143,137,9.0
143,138,9.0
143,139,9.0
143,140,8.0
143,141,8.0
143,142,8.0
143,143,8.0
143,144,8.0
143,145,8.0
143,146,8.0
143,147,8.0
143,148,8.0
143,149,8.0
143,150,9.0
143,151,9.0
143,152,9.0
143,153,9.0
143,154,9.0
143,155,8.0
143,156,8.0
143,157,8.0
143,158,8.0
143,159,8.0
143,160,8.0
143,161,8.0
143,220,-108.0
143,221,-110.0
143,222,-111.0
143,223,-111.0
143,224,-112.0
143,225,-113.0
143,226,-114.0
143,227,-114.0
143,228,-114.0
143,229,-114.0
143,230,-114.0
143,231,-113.0
143,232,-112.0
143,233,-111.0
143,234,-110.0
143,235,-108.0
143,284,-118.0
143,285,-118.0
143,286,-118.0
143,287,-119.0
143,288,-119.0
143,289,-120.0
143,290,-120.0
143,291,-121.0
143,292,-121.0
143,293,-121.0
143,294,-122.0
143,295,-122.0
143,296,-121.0
143,297,-121.0
143,298,-120.0
143,299,-119.0
143,300,-117.0
143,301,-116.0
143,302,-115.0
143,303,-113.0
143,304,-111.0
143,305,-109.0
143,306,-106.0
143,307,-105.0
143,308,-102.0
143,309,-99.0
143,310,-96.0
143,311,-93.0
143,312,-90.0
143,313,-88.0
143,314,-85.0
143,315,-83.0
143,316,-83.0
143,317,-83.0
143,318,-83.0
143,319,-82.0
143,321,-82.0
144,22,128.0
144,24,168.0
144,26,127.0
144,27,129.0
144,28,129.0
144,29,129.0
144,31,127.0
144,32,122.0
144,33,120.0
144,34,141.0
144,35,119.0
144,36,118.0
144,37,116.0
144,38,116.0
144,39,115.0
144,40,115.0
144,41,114.0
144,42,115.0
144,43,115.0
144,44,116.0
144,45,117.0
144,46,119.0
144,47,120.0
144,48,124.0
144,49,128.0
144,50,128.0
144,51,128.0
144,52,128.0
144,53,128.0
144,127,8.0
144,128,8.0
144,129,8.0
144,130,8.0
144,131,8.0
144,132,8.0
144,133,9.0
144,134,9.0
144,135,9.0
144,136,9.0
144,137,9.0
144,138,9.0
144,139,8.0
144,140,8.0
144,141,8.0
144,142,8.0
144,143,8.0
144,144,8.0
144,145,8.0
144,146,8.0
144,147,8.0
144,148,8.0
144,149,8.0
144,150,8.0
144,151,8.0
144,152,8.0
144,153,8.0
144,154,8.0
144,155,8.0
144,156,8.0
144,157,8.0
144,158,8.0
144,159,8.0
144,160,8.0
144,161,8.0
144,220,-108.0
144,221,-109.0
144,222,-111.0
144,223,-111.0
144,224,-112.0
144,225,-113.0
144,226,-114.0
144,227,-115.0
144,228,-114.0
144,229,-114.0
144,230,-113.0
144,231,-113.0
144,232,-112.0
144,233,-111.0
144,234,-111.0
144,235,-109.0
144,259,-118.0
144,260,-118.0
144,261,-118.0
144,262,-118.0
144,263,-119.0
144,264,-119.0
144,265,-119.0
144,266,-118.0
144,267,-118.0
144,268,-117.0
144,284,-118.0
144,285,-118.0
144,286,-118.0
144,287,-119.0
144,288,-119.0
144,289,-120.0
144,290,-120.0
144,291,-121.0
144,292,-121.0
144,293,-122.0
144,294,-122.0
144,295,-122.0
144,296,-121.0
144,297,-120.0
144,298,-120.0
144,299,-119.0
144,300,-117.0
144,301,-115.0
144,302,-114.0
144,303,-113.0
144,304,-111.0
144,305,-109.0
144,306,-107.0
144,307,-105.0
144,308,-102.0
144,309,-100.0
144,310,-96.0
144,311,-92.0
144,312,-89.0
144,313,-88.0
145,21,128.0
145,22,128.0
145,23,183.0
145,24,176.0
145,26,127.0
145,27,129.0
145,28,129.0
145,29,129.0
145,31,126.0
145,32,120.0
145,33,120.0
145,34,120.0
145,35,119.0
145,36,117.0
145,37,116.0
145,38,115.0
145,39,114.0
145,40,114.0
145,41,114.0
145,42,114.0
145,43,114.0
145,44,115.0
145,45,117.0
145,46,118.0
145,47,119.0
145,48,125.0
145,49,128.0
145,50,128.0
145,51,128.0
145,52,128.0
145,53,127.0
145,127,8.0
145,128,8.0
145,129,8.0
145,130,8.0
145,131,8.0
145,132,8.0
145,133,8.0
145,134,8.0
145,135,9.0
145,136,9.0
145,137,8.0
145,138,8.0
145,139,8.0
145,140,8.0
145,141,8.0
145,142,8.0
145,143,8.0
145,144,8.0
145,145,8.0
145,146,8.0
145,147,8.0
145,148,8.0
145,149,8.0
145,150,8.0
145,151,8.0
145,152,8.0
145,153,8.0
145,154,8.0
145,155,8.0
145,156,8.0
145,157,8.0
145,158,8.0
145,159,8.0
145,160,8.0
145,161,8.0
145,220,-108.0
145,221,-109.0
145,222,-111.0
145,223,-111.0
145,224,-113.0
145,225,-114.0
145,226,-114.0
145,227,-114.0
145,228,-114.0
145,229,-113.0
145,230,-113.0
145,231,-112.0
145,232,-112.0
145,233,-111.0
145,234,-111.0
145,235,-109.0
145,259,-118.0
145,260,-118.0
145,261,-118.0
145,262,-119.0
145,263,-119.0
145,264,-119.0
145,265,-119.0
145,266,-118.0
145,267,-118.0
145,268,-117.0
145,284,-118.0
145,285,-118.0
145,286,-119.0
145,287,-119.0
145,288,-119.0
145,289,-120.0
145,290,-120.0
145,291,-121.0
145,292,-122.0
145,293,-122.0
145,294,-122.0
145,295,-121.0
145,296,-121.0
145,297,-120.0
145,298,-119.0
145,299,-118.0
145,300,-117.0
145,301,-115.0
145,302,-114.0
145,303,-113.0
145,304,-111.0
145,305,-109.0
145,306,-106.0
145,307,-104.0
145,308,-102.0
145,309,-99.0
145,310,-96.0
145,311,-93.0
145,312,-89.0
146,21,128.0
146,23,182.0
146,24,181.0
146,26,127.0
146,27,129.0
146,28,129.0
146,29,129.0
146,30,129.0
146,31,125.0
146,32,121.0
146,33,119.0
146,34,119.0
146,35,119.0
146,36,117.0
146,37,115.0
146,38,114.0
146,39,113.0
146,40,113.0
146,41,113.0
146,42,114.0
146,43,114.0
146,44,115.0
146,45,116.0
146,46,117.0
146,47,118.0
146,48,124.0
146,49,127.0
146,50,128.0
146,51,127.0
146,52,127.0
146,53,127.0
146,127,8.0
146,128,8.0
146,129,8.0
146,130,8.0
146,131,8.0
146,132,8.0
146,133,8.0
146,134,8.0
146,135,8.0
146,136,8.0
146,137,8.0
146,138,8.0
146,139,8.0
146,140,7.0
146,141,7.0
146,142,7.0
146,143,7.0
146,144,7.0
146,145,7.0
146,146,8.0
146,147,8.0
146,148,8.0
146,149,8.0
146,150,8.0
146,151,8.0
146,152,8.0
146,153,8.0
146,154,8.0
146,155,8.0
146,156,8.0
146,157,8.0
146,158,8.0
146,159,8.0
146,160,8.0
146,161,8.0
146,220,-108.0
146,221,-109.0
146,222,-111.0
146,223,-112.0
146,224,-113.0
146,225,-114.0
146,226,-114.0
146,227,-114.0
146,228,-114.0
146,229,-113.0
146,230,-113.0
146,231,-112.0
146,232,-112.0
146,233,-111.0
146,234,-111.0
146,235,-110.0
146,259,-118.0
146,260,-118.0
146,261,-119.0
146,262,-119.0
146,263,-119.0
146,264,-119.0
146,265,-119.0
146,266,-118.0
146,267,-118.0
146,268,-118.0
146,284,-118.0
146,285,-119.0
146,286,-119.0
146,287,-120.0
146,288,-120.0
146,289,-120.0
146,290,-121.0
146,291,-121.0
146,292,-122.0
146,293,-122.0
146,294,-122.0
146,295,-121.0
146,296,-121.0
146,297,-119.0
146,298,-118.0
146,299,-118.0
146,300,-116.0
146,301,-114.0
146,302,-114.0
146,303,-112.0
146,304,-110.0
146,305,-108.0
146,306,-106.0
146,307,-104.0
146,308,-102.0
146,309,-98.0
146,310,-96.0
146,311,-92.0
146,312,-89.0
147,21,128.0
147,23,178.0
147,26,127.0
147,27,129.0
147,28,129.0
147,29,129.0
147,31,126.0
147,32,122.0
147,33,119.0
147,34,118.0
147,35,118.0
147,36,116.0
147,37,115.0
147,38,113.0
147,39,112.0
147,40,113.0
147,41,113.0
147,42,113.0
147,43,114.0
147,44,114.0
147,45,115.0
147,46,117.0
147,47,118.0
147,48,123.0
147,49,127.0
147,50,127.0
147,51,127.0
147,52,127.0
147,53,163.0
147,127,8.0
147,128,8.0
147,129,8.0
147,130,7.0
147,131,8.0
147,132,7.0
147,133,7.0
147,134,8.0
147,135,8.0
147,136,7.0
147,137,7.0
147,138,7.0
147,139,7.0
147,140,7.0
147,141,7.0
147,142,7.0
147,143,7.0
147,144,7.0
147,145,7.0
147,146,7.0
147,147,7.0
147,148,8.0
147,149,8.0
147,150,8.0
147,151,8.0
147,152,8.0
147,153,8.0
147,154,8.0
147,155,8.0
147,156,8.0
147,157,8.0
147,158,8.0
147,159,8.0
147,160,8.0
147,161,8.0
147,220,-108.0
147,221,-109.0
147,222,-111.0
147,223,-112.0
147,224,-113.0
147,225,-114.0
147,226,-114.0
147,227,-114.0
147,228,-113.0
147,229,-113.0
147,230,-113.0
147,231,-112.0
147,232,-112.0
147,233,-111.0
147,234,-111.0
147,235,-111.0
147,248,-116.0
147,249,-116.0
147,250,-115.0
147,251,-115.0
147,252,-115.0
147,253,-115.0
147,254,-115.0
147,255,-116.0
147,256,-116.0
147,257,-117.0
147,258,-118.0
147,259,-118.0
147,260,-118.0
147,261,-119.0
147,262,-119.0
147,263,-120.0
147,264,-119.0
147,265,-119.0
147,266,-119.0
147,267,-119.0
147,268,-118.0
147,269,-118.0
147,270,-118.0
147,271,-118.0
147,272,-117.0
147,273,-117.0
147,274,-117.0
147,275,-117.0
147,276,-117.0
147,277,-117.0
147,278,-117.0
147,279,-117.0
147,280,-118.0
147,281,-118.0
147,282,-118.0
147,283,-118.0
147,284,-119.0
147,285,-119.0
147,286,-119.0
147,287,-120.0
147,288,-120.0
147,289,-120.0
147,290,-121.0
147,291,-122.0
147,292,-122.0
147,293,-122.0
147,294,-122.0
147,295,-121.0
147,296,-120.0
147,297,-119.0
147,298,-118.0
147,299,-117.0
147,300,-116.0
147,301,-113.0
147,302,-113.0
147,303,-112.0
147,304,-110.0
147,305,-108.0
147,306,-106.0
147,307,-104.0
147,308,-101.0
147,309,-98.0
147,310,-95.0
147,311,-92.0
147,312,-89.0
148,21,128.0
148,24,183.0
148,27,128.0
148,28,129.0
148,29,129.0
148,31,124.0
148,32,152.0
148,33,118.0
148,34,118.0
148,35,117.0
148,36,115.0
148,37,114.0
148,38,112.0
148,39,112.0
148,40,112.0
148,41,112.0
148,42,113.0
148,43,113.0
148,44,114.0
148,45,114.0
148,46,116.0
148,47,117.0
148,48,122.0
148,49,126.0
148,50,126.0
148,51,126.0
148,52,126.0
148,53,144.0
148,127,8.0
148,128,8.0
148,129,7.0
148,130,7.0
148,131,7.0
148,132,7.0
148,133,7.0
148,134,7.0
148,135,7.0
148,136,7.0
148,137,6.0
148,138,7.0
148,139,6.0
148,140,6.0
148,141,6.0
148,142,6.0
148,143,6.0
148,144,7.0
148,145,8.0
148,146,8.0
148,147,8.0
148,148,8.0
148,149,8.0
148,150,8.0
148,151,8.0
148,152,8.0
148,153,32.0
148,154,8.0
148,155,8.0
148,156,8.0
148,157,8.0
148,158,8.0
148,159,8.0
148,160,8.0
148,161,8.0
148,220,-108.0
148,221,-109.0
148,222,-111.0
148,223,-112.0
148,224,-113.0
148,225,-113.0
148,226,-113.0
148,227,-113.0
148,228,-113.0
148,229,-113.0
148,230,-113.0
148,231,-112.0
148,232,-112.0
148,233,-111.0
148,234,-111.0
148,235,-111.0
148,248,-116.0
148,249,-116.0
148,250,-116.0
148,251,-116.0
148,252,-116.0
148,253,-116.0
148,254,-116.0
148,255,-116.0
148,256,-117.0
148,257,-117.0
148,258,-118.0
148,259,-119.0
148,260,-119.0
148,261,-119.0
148,262,-120.0
148,263,-120.0
148,264,-120.0
148,265,-120.0
148,266,-119.0
148,267,-119.0
148,268,-119.0
148,269,-119.0
148,270,-119.0
148,271,-118.0
148,272,-118.0
148,273,-118.0
148,274,-118.0
148,275,-118.0
148,276,-118.0
148,277,-118.0
148,278,-118.0
148,279,-118.0
148,280,-118.0
148,281,-118.0
148,282,-118.0
148,283,-119.0
148,284,-119.0
148,285,-120.0
148,286,-120.0
148,287,-120.0
148,288,-121.0
148,289,-121.0
148,290,-122.0
148,291,-123.0
148,292,-123.0
148,293,-122.0
148,294,-121.0
148,295,-120.0
148,296,-119.0
148,297,-118.0
148,298,-117.0
148,299,-116.0
148,300,-115.0
148,301,-113.0
148,302,-112.0
148,303,-111.0
148,304,-110.0
148,305,-108.0
148,306,-106.0
148,307,-104.0
148,308,-101.0
148,309,-99.0
148,310,-96.0
148,311,-91.0
148,312,-89.0
149,21,128.0
149,23,171.0
149,24,182.0
149,27,126.0
149,28,128.0
149,31,123.0
149,32,121.0
149,33,117.0
149,34,117.0
149,35,116.0
149,36,114.0
149,37,112.0
149,38,111.0
149,39,111.0
149,40,111.0
149,41,111.0
149,42,112.0
149,43,112.0
149,44,113.0
149,45,114.0
149,46,115.0
149,47,117.0
149,48,121.0
149,49,125.0
149,50,125.0
149,51,125.0
149,52,125.0
149,53,126.0
149,127,8.0
149,128,7.0
149,129,7.0
149,130,7.0
149,131,7.0
149,132,7.0
149,133,7.0
149,134,7.0
149,136,6.0
149,137,6.0
149,138,6.0
149,139,5.0
149,140,5.0
149,141,5.0
149,142,6.0
149,143,6.0
149,144,8.0
149,145,36.0
149,146,9.0
149,147,9.0
149,148,9.0
149,149,9.0
149,150,9.0
149,151,9.0
149,152,9.0
149,153,9.0
149,154,9.0
149,155,9.0
149,156,9.0
149,157,9.0
149,158,9.0
149,159,9.0
149,160,9.0
149,161,9.0
149,224,-113.0
149,225,-113.0
149,226,-113.0
149,227,-113.0
149,228,-113.0
149,229,-112.0
149,230,-112.0
149,231,-112.0
149,248,-117.0
149,249,-117.0
149,250,-117.0
149,251,-117.0
149,252,-117.0
149,253,-117.0
149,254,-117.0
149,255,-117.0
149,256,-117.0
149,257,-118.0
149,258,-118.0
149,259,-119.0
149,260,-119.0
149,261,-120.0
149,262,-120.0
149,263,-120.0
149,264,-120.0
149,265,-120.0
149,266,-120.0
149,267,-120.0
149,268,-119.0
149,269,-119.0
149,270,-119.0
149,271,-119.0
149,272,-119.0
149,273,-119.0
149,274,-119.0
149,275,-119.0
149,276,-119.0
149,277,-119.0
149,278,-119.0
149,279,-119.0
149,280,-119.0
149,281,-119.0
149,282,-119.0
149,283,-120.0
149,284,-120.0
149,285,-121.0
149,286,-121.0
149,287,-121.0
149,288,-122.0
149,289,-122.0
149,290,-123.0
149,291,-123.0
149,292,-123.0
149,293,-122.0
149,294,-121.0
149,295,-120.0
149,296,-119.0
149,297,-118.0
149,298,-117.0
149,299,-116.0
149,300,-115.0
149,301,-112.0
149,302,-112.0
149,303,-111.0
149,304,-109.0
149,305,-108.0
149,306,-106.0
149,307,-103.0
149,308,-101.0
149,309,-99.0
149,310,-95.0
149,311,-91.0
149,312,-89.0
150,21,139.0
150,22,155.0
150,24,174.0
150,26,125.0
150,27,127.0
150,28,126.0
150,29,127.0
150,31,124.0
150,32,119.0
150,33,116.0
150,34,115.0
150,35,114.0
150,36,113.0
150,37,111.0
150,38,111.0
150,39,111.0
150,40,111.0
150,41,111.0
150,42,111.0
150,43,111.0
150,44,112.0
150,45,113.0
150,46,114.0
150,47,116.0
150,48,121.0
150,49,124.0
150,50,125.0
150,51,128.0
150,52,128.0
150,53,125.0
150,54,126.0
150,127,8.0
150,128,7.0
150,129,7.0
150,130,7.0
150,131,7.0
150,132,5.0
150,133,6.0
150,134,4.0
150,135,5.0
150,136,5.0
150,137,4.0
150,138,4.0
150,139,4.0
150,140,4.0
150,141,4.0
150,142,4.0
150,143,6.0
150,144,7.0
150,145,9.0
150,146,9.0
150,147,9.0
150,148,9.0
150,149,9.0
150,150,9.0
150,151,9.0
150,152,9.0
150,153,9.0
150,154,9.0
150,155,9.0
150,156,9.0
150,157,9.0
150,158,9.0
150,159,9.0
150,160,9.0
150,161,9.0
150,224,-111.0
150,225,-111.0
150,226,-112.0
150,227,-111.0
150,228,-111.0
150,229,-111.0
150,230,-111.0
150,231,-111.0
150,248,-117.0
150,249,-118.0
150,250,-117.0
150,251,-117.0
150,252,-117.0
150,253,-117.0
150,254,-117.0
150,255,-118.0
150,256,-118.0
150,257,-118.0
150,258,-119.0
150,259,-119.0
150,260,-120.0
150,261,-120.0
150,262,-121.0
150,263,-121.0
150,264,-121.0
150,265,-121.0
150,266,-120.0
150,267,-120.0
150,268,-120.0
150,269,-120.0
150,270,-120.0
150,271,-120.0
150,272,-120.0
150,273,-120.0
150,274,-120.0
150,275,-120.0
150,276,-120.0
150,277,-120.0
150,278,-120.0
150,279,-120.0
150,280,-120.0
150,281,-120.0
150,282,-120.0
150,283,-120.0
150,284,-121.0
150,285,-121.0
150,286,-122.0
150,287,-122.0
150,288,-123.0
150,289,-123.0
150,290,-124.0
150,291,-124.0
150,292,-123.0
150,293,-122.0
150,294,-121.0
150,295,-120.0
150,296,-118.0
150,297,-118.0
150,298,-117.0
150,299,-116.0
150,300,-114.0
150,301,-112.0
150,302,-111.0
150,303,-111.0
150,304,-110.0
150,305,-108.0
150,306,-105.0
150,307,-103.0
150,308,-100.0
150,309,-98.0
150,310,-94.0
150,311,-91.0
150,312,-89.0
151,22,167.0
151,24,170.0
151,26,124.0
151,27,125.0
151,28,124.0
151,30,152.0
151,31,122.0
151,32,118.0
151,33,115.0
151,34,113.0
151,35,112.0
151,36,111.0
151,37,110.0
151,38,110.0
151,39,110.0
151,40,110.0
151,41,110.0
151,42,110.0
151,43,111.0
151,44,111.0
151,45,112.0
151,46,112.0
151,47,115.0
151,48,119.0
151,49,123.0
151,50,124.0
151,51,128.0
151,52,145.0
151,53,125.0
151,54,126.0
151,127,8.0
151,128,7.0
151,129,5.0
151,130,5.0
151,131,3.0
151,132,3.0
151,133,3.0
151,134,3.0
151,135,3.0
151,136,3.0
151,137,3.0
151,138,3.0
151,139,3.0
151,140,3.0
151,141,3.0
151,142,3.0
151,143,6.0
151,144,8.0
151,145,9.0
151,146,9.0
151,147,9.0
151,148,9.0
151,149,9.0
151,150,9.0
151,151,9.0
151,152,9.0
151,153,9.0
151,154,9.0
151,155,9.0
151,156,9.0
151,157,9.0
151,158,9.0
151,159,9.0
151,160,9.0
151,161,9.0
151,162,9.0
151,163,9.0
151,164,9.0
151,187,-32.0
151,188,-34.0
151,189,-37.0
151,190,-41.0
151,191,-43.0
151,192,-49.0
151,193,-51.0
151,194,-53.0
151,195,-57.0
151,196,-59.0
151,197,-60.0
151,198,-61.0
151,199,-66.0
151,201,-68.0
151,224,-111.0
151,225,-111.0
151,226,-111.0
151,227,-111.0
151,228,-111.0
151,229,-111.0
151,230,-111.0
151,231,-111.0
151,248,-118.0
151,249,-118.0
151,250,-118.0
151,251,-118.0
151,252,-118.0
151,253,-118.0
151,254,-118.0
151,255,-118.0
151,256,-119.0
151,257,-119.0
151,258,-119.0
151,259,-120.0
151,260,-120.0
151,261,-121.0
151,262,-121.0
151,263,-121.0
151,264,-121.0
151,265,-121.0
151,266,-121.0
151,267,-121.0
151,268,-121.0
151,269,-120.0
151,270,-120.0
151,271,-120.0
151,272,-121.0
151,273,-120.0
151,274,-120.0
151,275,-120.0
151,276,-121.0
151,277,-121.0
151,278,-121.0
151,279,-121.0
151,280,-121.0
151,281,-121.0
151,282,-121.0
151,283,-122.0
151,284,-122.0
151,285,-122.0
151,286,-123.0
151,287,-123.0
151,288,-123.0
151,289,-124.0
151,290,-124.0
151,291,-124.0
151,292,-123.0
151,293,-122.0
151,294,-121.0
151,295,-120.0
151,296,-118.0
151,297,-118.0
151,298,-117.0
151,299,-116.0
151,300,-114.0
151,301,-112.0
151,302,-111.0
151,303,-110.0
151,304,-109.0
151,305,-107.0
151,306,-105.0
151,307,-102.0
151,308,-100.0
151,309,-97.0
151,310,-93.0
151,311,-90.0
151,312,-88.0
152,22,178.0
152,24,171.0
152,26,123.0
152,27,123.0
152,28,122.0
152,29,161.0
152,30,123.0
152,31,160.0
152,32,116.0
152,33,157.0
152,34,111.0
152,35,111.0
152,36,109.0
152,37,110.0
152,38,109.0
152,39,109.0
152,40,110.0
152,41,110.0
152,42,110.0
152,43,110.0
152,44,110.0
152,45,111.0
152,46,111.0
152,47,113.0
152,48,118.0
152,49,122.0
152,50,122.0
152,51,124.0
152,52,157.0
152,53,124.0
152,54,126.0
152,127,30.0
152,128,6.0
152,129,4.0
152,130,3.0
152,131,3.0
152,132,3.0
152,133,3.0
152,134,3.0
152,135,3.0
152,136,3.0
152,137,3.0
152,138,3.0
152,139,3.0
152,140,3.0
152,141,3.0
152,142,3.0
152,143,5.0
152,144,7.0
152,145,9.0
152,146,9.0
152,147,9.0
152,148,7.0
152,149,9.0
152,150,9.0
152,151,9.0
152,152,9.0
152,153,7.0
152,154,9.0
152,156,9.0
152,157,9.0
152,158,8.0
152,159,9.0
152,160,9.0
152,161,9.0
152,162,9.0
152,163,9.0
152,164,9.0
152,165,9.0
152,186,-30.0
152,187,-32.0
152,188,-36.0
152,189,-39.0
152,190,-42.0
152,191,-45.0
152,192,-48.0
152,193,-51.0
152,194,-55.0
152,195,-58.0
152,196,-59.0
152,197,-61.0
152,198,-62.0
152,199,-65.0
152,200,-67.0
152,201,-69.0
152,224,-111.0
152,225,-111.0
152,226,-111.0
152,227,-111.0
152,228,-111.0
152,229,-111.0
152,230,-111.0
152,231,-111.0
152,248,-120.0
152,249,-120.0
152,250,-120.0
152,251,-120.0
152,252,-119.0
152,253,-119.0
152,254,-119.0
152,255,-119.0
152,256,-120.0
152,257,-120.0
152,258,-120.0
152,259,-120.0
152,260,-121.0
152,261,-122.0
152,262,-122.0
152,263,-122.0
152,264,-122.0
152,265,-122.0
152,266,-122.0
152,267,-122.0
152,268,-122.0
152,269,-122.0
152,270,-122.0
152,271,-121.0
152,272,-121.0
152,273,-121.0
152,274,-121.0
152,275,-121.0
152,276,-121.0
152,277,-121.0
152,278,-122.0
152,279,-122.0
152,280,-122.0
152,281,-122.0
152,282,-122.0
152,283,-123.0
152,284,-123.0
152,285,-123.0
152,286,-124.0
152,287,-124.0
152,288,-124.0
152,289,-125.0
152,290,-124.0
152,291,-123.0
152,292,-123.0
152,293,-122.0
152,294,-121.0
152,295,-120.0
152,296,-118.0
152,297,-118.0
152,298,-116.0
152,299,-116.0
152,300,-114.0
152,301,-111.0
152,302,-111.0
152,303,-110.0
152,304,-109.0
152,305,-107.0
152,306,-104.0
152,307,-102.0
152,308,-99.0
152,309,-97.0
152,310,-93.0
152,311,-89.0
152,312,-88.0
153,22,183.0
153,24,179.0
153,26,121.0
153,27,121.0
153,28,121.0
153,29,150.0
153,30,122.0
153,31,169.0
153,32,115.0
153,33,138.0
153,34,111.0
153,35,110.0
153,36,108.0
153,37,109.0
153,38,108.0
153,39,109.0
153,40,108.0
153,41,109.0
153,42,109.0
153,43,109.0
153,44,109.0
153,45,110.0
153,46,111.0
153,47,111.0
153,48,116.0
153,49,120.0
153,50,121.0
153,51,124.0
153,52,140.0
153,53,172.0
153,54,151.0
153,55,160.0
153,56,160.0
153,57,160.0
153,58,160.0
153,59,2.0
153,60,2.0
153,61,154.0
153,62,108.0
153,63,71.0
153,64,2.0
153,65,2.0
153,66,2.0
153,67,2.0
153,68,2.0
153,69,2.0
153,70,1.0
153,71,1.0
153,72,1.0
153,73,1.0
153,74,1.0
153,75,1.0
153,76,1.0
153,77,1.0
153,78,1.0
153,79,1.0
153,80,1.0
153,81,1.0
153,82,1.0
153,83,1.0
153,84,1.0
153,85,0.0
153,86,0.0
153,87,16.0
153,88,37.0
153,89,0.0
153,90,0.0
153,108,2.0
153,110,2.0
153,111,2.0
153,112,2.0
153,113,2.0
153,114,1.0
153,115,1.0
153,116,1.0
153,117,1.0
153,118,1.0
153,119,1.0
153,120,1.0
153,121,0.0
153,122,1.0
153,123,3.0
153,124,5.0
153,125,5.0
153,126,5.0
153,127,4.0
153,128,4.0
153,129,3.0
153,130,3.0
153,131,2.0
153,132,3.0
153,133,0.0
153,134,12.0
153,135,18.0
153,136,1.0
153,137,1.0
153,138,1.0
153,139,1.0
153,140,1.0
153,141,1.0
153,142,1.0
153,143,1.0
153,144,3.0
153,145,2.0
153,146,1.0
153,147,1.0
153,148,2.0
153,149,1.0
153,150,5.0
153,151,1.0
153,152,2.0
153,153,2.0
153,154,5.0
153,155,3.0
153,156,1.0
153,157,1.0
153,158,4.0
153,159,5.0
153,160,5.0
153,161,3.0
153,162,4.0
153,163,4.0
153,164,5.0
153,165,4.0
153,166,4.0
153,167,4.0
153,168,3.0
153,169,3.0
153,170,3.0
153,171,2.0
153,172,1.0
153,173,1.0
153,174,1.0
153,175,-1.0
153,176,-4.0
153,177,-6.0
153,178,-9.0
153,179,-11.0
153,180,-13.0
153,181,-16.0
153,182,-19.0
153,183,-24.0
153,184,-26.0
153,185,-29.0
153,186,-31.0
153,187,-33.0
153,188,-37.0
153,189,-40.0
153,190,-42.0
153,191,-45.0
153,192,-48.0
153,193,-51.0
153,194,-55.0
153,195,-58.0
153,196,-59.0
153,197,-61.0
153,198,-62.0
153,199,-65.0
153,200,-68.0
153,201,-71.0
153,202,-75.0
153,203,-78.0
153,204,-81.0
153,205,-86.0
153,206,-89.0
153,207,-93.0
153,208,-96.0
153,209,-100.0
153,210,-102.0
153,211,-105.0
153,212,-107.0
153,213,-109.0
153,214,-111.0
153,215,-113.0
153,216,-114.0
153,217,-116.0
153,218,-119.0
153,219,-120.0
153,220,-120.0
153,221,-111.0
153,222,-111.0
153,223,-111.0
153,224,-111.0
153,225,-111.0
153,226,-111.0
153,227,-111.0
153,228,-111.0
153,229,-111.0
153,230,-111.0
153,231,-111.0
153,232,-111.0
153,233,-111.0
153,234,-111.0
153,235,-119.0
153,236,-124.0
153,237,-124.0
153,238,-124.0
153,239,-124.0
153,240,-124.0
153,241,-124.0
153,247,-122.0
153,248,-122.0
153,249,-121.0
153,250,-121.0
153,251,-121.0
153,252,-121.0
153,253,-121.0
153,254,-121.0
153,255,-121.0
153,256,-121.0
153,257,-121.0
153,258,-121.0
153,259,-122.0
153,260,-122.0
153,261,-123.0
153,262,-123.0
153,263,-123.0
153,264,-123.0
153,265,-123.0
153,266,-123.0
153,267,-123.0
153,268,-122.0
153,269,-122.0
153,270,-122.0
153,271,-122.0
153,272,-122.0
153,273,-122.0
153,274,-122.0
153,275,-122.0
153,276,-122.0
153,277,-122.0
153,278,-123.0
153,279,-123.0
153,280,-123.0
153,281,-123.0
153,282,-124.0
153,283,-124.0
153,284,-124.0
153,285,-125.0
153,286,-125.0
153,287,-125.0
153,288,-125.0
153,289,-125.0
153,290,-125.0
153,291,-124.0
153,292,-123.0
153,293,-122.0
153,294,-121.0
153,295,-120.0
153,296,-118.0
153,297,-118.0
153,298,-117.0
153,299,-115.0
153,300,-114.0
153,301,-111.0
153,302,-111.0
153,303,-110.0
153,304,-108.0
153,305,-107.0
153,306,-105.0
153,307,-103.0
153,308,-100.0
153,309,-95.0
153,310,-93.0
153,311,-90.0
153,312,-88.0
154,23,176.0
154,24,170.0
154,26,119.0
154,28,120.0
154,30,119.0
154,31,176.0
154,32,114.0
154,33,108.0
154,34,108.0
154,35,107.0
154,36,106.0
154,37,107.0
154,38,106.0
154,39,106.0
154,40,106.0
154,41,107.0
154,42,107.0
154,43,107.0
154,44,107.0
154,45,107.0
154,46,108.0
154,47,110.0
154,48,115.0
154,49,119.0
154,50,119.0
154,51,120.0
154,52,154.0
154,53,158.0
154,54,175.0
154,55,176.0
154,56,171.0
154,57,165.0
154,58,161.0
154,59,80.0
154,60,158.0
154,61,153.0
154,62,147.0
154,63,121.0
154,64,118.0
154,65,102.0
154,66,78.0
154,67,2.0
154,68,2.0
154,69,17.0
154,70,1.0
154,71,1.0
154,72,1.0
154,73,1.0
154,74,1.0
154,75,1.0
154,76,1.0
154,77,1.0
154,78,1.0
154,79,1.0
154,80,1.0
154,81,1.0
154,82,1.0
154,83,1.0
154,84,1.0
154,85,1.0
154,86,0.0
154,87,0.0
154,88,0.0
154,89,0.0
154,90,0.0
154,108,1.0
154,109,1.0
154,110,1.0
154,111,1.0
154,112,1.0
154,113,1.0
154,114,1.0
154,115,1.0
154,116,1.0
154,117,1.0
154,118,1.0
154,119,0.0
154,120,0.0
154,121,-0.0
154,122,-0.0
154,123,-0.0
154,124,-1.0
154,125,1.0
154,126,-1.0
154,127,-1.0
154,128,-0.0
154,129,-0.0
154,130,-0.0
154,131,0.0
154,132,0.0
154,133,8.0
154,134,0.0
154,135,1.0
154,136,0.0
154,137,0.0
154,138,0.0
154,139,0.0
154,140,0.0
154,141,0.0
154,142,0.0
154,143,0.0
154,144,0.0
154,145,0.0
154,146,0.0
154,147,1.0
154,148,0.0
154,149,0.0
154,150,1.0
154,151,0.0
154,152,0.0
154,153,0.0
154,156,0.0
154,157,1.0
154,158,1.0
154,159,1.0
154,160,1.0
154,161,1.0
154,162,1.0
154,163,2.0
154,164,2.0
154,165,2.0
154,166,1.0
154,167,1.0
154,168,1.0
154,169,1.0
154,170,1.0
154,171,1.0
154,172,1.0
154,173,1.0
154,174,0.0
154,175,-3.0
154,176,-5.0
154,177,-7.0
154,178,-10.0
154,179,-13.0
154,180,-15.0
154,181,-18.0
154,182,-21.0
154,183,-25.0
154,184,-27.0
154,185,-29.0
154,186,-32.0
154,187,-34.0
154,188,-37.0
154,189,-40.0
154,190,-43.0
154,191,-46.0
154,192,-49.0
154,193,-52.0
154,194,-55.0
154,195,-57.0
154,196,-59.0
154,197,-62.0
154,198,-63.0
154,199,-66.0
154,200,-69.0
154,201,-73.0
154,202,-76.0
154,203,-80.0
154,204,-83.0
154,205,-86.0
154,206,-90.0
154,207,-93.0
154,208,-97.0
154,209,-100.0
154,210,-103.0
154,211,-105.0
154,212,-108.0
154,213,-110.0
154,214,-113.0
154,215,-114.0
154,216,-116.0
154,217,-117.0
154,218,-118.0
154,219,-121.0
154,220,-120.0
154,221,-115.0
154,222,-112.0
154,223,-113.0
154,224,-111.0
154,225,-111.0
154,226,-111.0
154,227,-112.0
154,228,-112.0
154,229,-112.0
154,230,-111.0
154,231,-111.0
154,232,-112.0
154,233,-113.0
154,234,-111.0
154,235,-116.0
154,236,-124.0
154,237,-124.0
154,238,-124.0
154,239,-124.0
154,240,-124.0
154,241,-124.0
154,246,-125.0
154,247,-123.0
154,248,-123.0
154,249,-123.0
154,250,-123.0
154,251,-123.0
154,252,-122.0
154,253,-122.0
154,254,-122.0
154,255,-122.0
154,256,-122.0
154,257,-122.0
154,258,-123.0
154,259,-123.0
154,260,-123.0
154,261,-124.0
154,262,-124.0
154,263,-124.0
154,264,-124.0
154,265,-124.0
154,266,-124.0
154,267,-124.0
154,268,-123.0
154,269,-123.0
154,270,-123.0
154,271,-123.0
154,272,-123.0
154,273,-123.0
154,274,-123.0
154,275,-123.0
154,276,-123.0
154,277,-123.0
154,278,-123.0
154,279,-124.0
154,280,-124.0
154,281,-124.0
154,282,-125.0
154,283,-125.0
154,284,-125.0
154,285,-125.0
154,286,-126.0
154,287,-126.0
154,288,-126.0
154,289,-126.0
154,290,-125.0
154,291,-124.0
154,292,-123.0
154,293,-123.0
154,294,-121.0
154,295,-120.0
154,296,-119.0
154,297,-117.0
154,298,-116.0
154,299,-115.0
154,300,-114.0
154,301,-111.0
154,302,-111.0
154,303,-110.0
154,304,-109.0
154,305,-107.0
154,306,-104.0
154,307,-102.0
154,308,-98.0
154,309,-96.0
154,310,-93.0
154,311,-90.0
154,312,-89.0
155,23,170.0
155,24,202.0
155,25,170.0
155,26,118.0
155,27,118.0
155,28,127.0
155,29,118.0
155,30,117.0
155,31,112.0
155,32,109.0
155,33,139.0
155,34,105.0
155,35,105.0
155,36,104.0
155,37,104.0
155,38,104.0
155,39,104.0
155,40,103.0
155,41,104.0
155,42,104.0
155,43,104.0
155,44,105.0
155,45,105.0
155,46,106.0
155,47,109.0
155,48,113.0
155,49,117.0
155,50,118.0
155,51,139.0
155,52,148.0
155,53,157.0
155,54,167.0
155,55,180.0
155,56,176.0
155,57,177.0
155,58,175.0
155,59,170.0
155,60,159.0
155,61,151.0
155,62,138.0
155,63,127.0
155,64,118.0
155,65,1.0
155,66,1.0
155,67,45.0
155,68,1.0
155,69,1.0
155,70,1.0
155,71,1.0
155,72,1.0
155,73,1.0
155,74,1.0
155,75,1.0
155,76,1.0
155,77,1.0
155,78,1.0
155,79,1.0
155,80,1.0
155,81,1.0
155,82,1.0
155,83,1.0
155,84,1.0
155,85,4.0
155,86,1.0
155,87,7.0
155,88,9.0
155,89,6.0
155,90,0.0
155,108,1.0
155,109,1.0
155,110,1.0
155,111,1.0
155,112,1.0
155,113,1.0
155,114,1.0
155,115,0.0
155,116,0.0
155,117,0.0
155,118,-0.0
155,119,-0.0
155,120,-1.0
155,121,-1.0
155,122,-1.0
155,123,-1.0
155,124,-1.0
155,125,-1.0
155,126,-1.0
155,127,-2.0
155,128,-2.0
155,129,-1.0
155,130,-1.0
155,134,-1.0
155,135,-1.0
155,136,-1.0
155,137,-1.0
155,138,-1.0
155,139,-1.0
155,140,-1.0
155,141,-1.0
155,142,-0.0
155,143,-1.0
155,144,-1.0
155,145,-1.0
155,147,-1.0
155,148,-1.0
155,149,-0.0
155,150,-0.0
155,151,-0.0
155,152,-1.0
155,153,-1.0
155,154,-1.0
155,155,-1.0
155,156,-1.0
155,157,0.0
155,159,-0.0
155,160,-0.0
155,161,-0.0
155,162,0.0
155,163,0.0
155,164,0.0
155,165,0.0
155,166,0.0
155,167,-0.0
155,168,-0.0
155,169,-0.0
155,170,-0.0
155,171,-0.0
155,172,-0.0
155,173,-1.0
155,174,-1.0
155,175,-3.0
155,176,-6.0
155,177,-8.0
155,178,-12.0
155,179,-15.0
155,180,-17.0
155,181,-20.0
155,182,-22.0
155,183,-26.0
155,184,-29.0
155,185,-31.0
155,186,-33.0
155,187,-34.0
155,188,-37.0
155,189,-40.0
155,190,-43.0
155,191,-47.0
155,192,-50.0
155,193,-52.0
155,194,-55.0
155,195,-57.0
155,196,-60.0
155,197,-62.0
155,198,-65.0
155,199,-67.0
155,200,-71.0
155,201,-74.0
155,202,-78.0
155,203,-82.0
155,204,-85.0
155,205,-88.0
155,206,-92.0
155,207,-95.0
155,208,-99.0
155,209,-103.0
155,210,-106.0
155,211,-108.0
155,212,-111.0
155,213,-113.0
155,214,-115.0
155,215,-116.0
155,216,-118.0
155,217,-119.0
155,218,-120.0
155,219,-121.0
155,220,-122.0
155,221,-122.0
155,222,-122.0
155,223,-122.0
155,224,-119.0
155,225,-119.0
155,226,-119.0
155,227,-122.0
155,228,-118.0
155,229,-118.0
155,230,-120.0
155,231,-120.0
155,232,-120.0
155,233,-124.0
155,234,-118.0
155,235,-120.0
155,236,-125.0
155,237,-125.0
155,238,-125.0
155,239,-125.0
155,240,-125.0
155,245,-126.0
155,246,-125.0
155,247,-125.0
155,248,-125.0
155,249,-125.0
155,250,-124.0
155,251,-124.0
155,252,-124.0
155,253,-124.0
155,254,-124.0
155,255,-124.0
155,256,-124.0
155,257,-124.0
155,258,-124.0
155,259,-124.0
155,260,-124.0
155,261,-124.0
155,262,-124.0
155,263,-124.0
155,264,-124.0
155,265,-124.0
155,266,-124.0
155,267,-124.0
155,268,-124.0
155,269,-124.0
155,270,-124.0
155,271,-124.0
155,272,-124.0
155,273,-124.0
155,274,-124.0
155,275,-124.0
155,276,-124.0
155,277,-124.0
155,278,-124.0
155,279,-124.0
155,280,-125.0
155,281,-125.0
155,282,-126.0
155,283,-126.0
155,284,-126.0
155,285,-127.0
155,286,-127.0
155,287,-127.0
155,288,-126.0
155,289,-126.0
155,290,-125.0
155,291,-118.0
155,292,-123.0
155,293,-122.0
155,294,-121.0
155,295,-120.0
155,296,-118.0
155,297,-117.0
155,298,-116.0
155,299,-115.0
155,300,-113.0
155,301,-112.0
155,302,-111.0
155,303,-110.0
155,304,-108.0
155,305,-107.0
155,306,-104.0
155,307,-102.0
155,308,-98.0
155,309,-95.0
155,310,-92.0
155,311,-89.0
156,23,170.0
156,25,192.0
156,26,116.0
156,27,118.0
156,28,115.0
156,29,115.0
156,30,114.0
156,31,145.0
156,32,109.0
156,34,103.0
156,35,102.0
156,36,102.0
156,37,102.0
156,38,102.0
156,39,101.0
156,40,101.0
156,41,101.0
156,42,102.0
156,43,102.0
156,44,103.0
156,45,103.0
156,46,104.0
156,47,107.0
156,48,112.0
156,49,116.0
156,50,116.0
156,51,132.0
156,52,146.0
156,53,118.0
156,54,118.0
156,55,174.0
156,56,176.0
156,57,176.0
156,58,173.0
156,59,156.0
156,60,156.0
156,61,151.0
156,62,98.0
156,63,115.0
156,64,99.0
156,65,55.0
156,66,1.0
156,67,55.0
156,68,55.0
156,69,15.0
156,70,1.0
156,71,1.0
156,72,0.0
156,73,0.0
156,74,0.0
156,75,0.0
156,76,0.0
156,77,0.0
156,78,0.0
156,79,0.0
156,80,35.0
156,81,30.0
156,82,1.0
156,83,1.0
156,84,26.0
156,85,24.0
156,86,18.0
156,87,22.0
156,88,24.0
156,89,17.0
156,90,19.0
156,91,0.0
156,107,0.0
156,108,0.0
156,109,0.0
156,110,0.0
156,111,0.0
156,112,0.0
156,113,0.0
156,114,-0.0
156,115,-0.0
156,116,-0.0
156,117,-1.0
156,118,-1.0
156,119,-1.0
156,120,-1.0
156,121,-2.0
156,122,-1.0
156,123,-2.0
156,124,-2.0
156,125,-2.0
156,126,-2.0
156,127,-2.0
156,128,-2.0
156,129,-2.0
156,130,-2.0
156,132,-2.0
156,134,-2.0
156,135,-2.0
156,136,-2.0
156,137,-2.0
156,138,-2.0
156,139,-1.0
156,140,-2.0
156,141,-1.0
156,142,-2.0
156,143,-2.0
156,144,-2.0
156,145,-1.0
156,146,-1.0
156,147,-1.0
156,148,-1.0
156,149,-1.0
156,150,-1.0
156,151,-1.0
156,152,-1.0
156,153,-1.0
156,154,-1.0
156,155,-1.0
156,156,-1.0
156,159,-1.0
156,160,-1.0
156,161,-1.0
156,162,-1.0
156,163,-1.0
156,164,-0.0
156,165,-0.0
156,166,-1.0
156,167,-0.0
156,168,-0.0
156,169,-0.0
156,170,-0.0
156,171,-0.0
156,172,-0.0
156,173,-1.0
156,174,-2.0
156,175,-4.0
156,176,-7.0
156,177,-10.0
156,178,-13.0
156,179,-17.0
156,180,-20.0
156,181,-22.0
156,182,-25.0
156,183,-27.0
156,184,-30.0
156,185,-32.0
156,186,-33.0
156,187,-35.0
156,188,-38.0
156,189,-41.0
156,190,-45.0
156,191,-47.0
156,192,-50.0
156,193,-52.0
156,194,-55.0
156,195,-58.0
156,196,-59.0
156,197,-63.0
156,198,-66.0
156,199,-69.0
156,200,-73.0
156,201,-77.0
156,202,-79.0
156,203,-82.0
156,204,-87.0
156,205,-89.0
156,206,-94.0
156,207,-98.0
156,208,-101.0
156,209,-104.0
156,210,-106.0
156,211,-111.0
156,212,-113.0
156,213,-115.0
156,214,-117.0
156,215,-119.0
156,216,-119.0
156,217,-121.0
156,218,-121.0
156,219,-122.0
156,220,-123.0
156,221,-124.0
156,222,-125.0
156,223,-125.0
156,224,-126.0
156,225,-126.0
156,226,-126.0
156,227,-127.0
156,228,-127.0
156,229,-126.0
156,230,-126.0
156,231,-126.0
156,232,-126.0
156,233,-126.0
156,234,-126.0
156,235,-125.0
156,236,-125.0
156,237,-125.0
156,238,-125.0
156,239,-125.0
156,245,-126.0
156,246,-126.0
156,247,-125.0
156,248,-125.0
156,249,-125.0
156,250,-125.0
156,251,-125.0
156,252,-125.0
156,253,-125.0
156,254,-125.0
156,255,-125.0
156,256,-124.0
156,257,-124.0
156,258,-125.0
156,259,-125.0
156,260,-125.0
156,261,-125.0
156,262,-125.0
156,263,-125.0
156,264,-125.0
156,265,-125.0
156,266,-125.0
156,267,-125.0
156,268,-125.0
156,269,-125.0
156,270,-125.0
156,271,-125.0
156,272,-125.0
156,273,-125.0
156,274,-124.0
156,275,-124.0
156,276,-125.0
156,277,-125.0
156,278,-125.0
156,279,-125.0
156,280,-126.0
156,281,-127.0
156,282,-127.0
156,283,-127.0
156,284,-127.0
156,285,-127.0
156,286,-127.0
156,287,-127.0
156,288,-102.0
156,289,-126.0
156,290,-120.0
156,291,-92.0
156,292,-89.0
156,293,-122.0
156,294,-121.0
156,295,-120.0
156,296,-118.0
156,297,-117.0
156,298,-116.0
156,299,-115.0
156,300,-113.0
156,301,-111.0
156,302,-111.0
156,303,-110.0
156,304,-109.0
156,305,-107.0
156,306,-104.0
156,307,-101.0
156,308,-98.0
156,309,-94.0
156,310,-92.0
156,311,-89.0
157,22,170.0
157,25,220.0
157,26,114.0
157,27,114.0
157,28,113.0
157,29,112.0
157,30,113.0
157,31,150.0
157,32,104.0
157,33,104.0
157,34,103.0
157,35,100.0
157,36,99.0
157,37,100.0
157,38,99.0
157,39,99.0
157,40,99.0
157,41,99.0
157,42,99.0
157,43,100.0
157,44,100.0
157,45,101.0
157,46,103.0
157,47,105.0
157,48,110.0
157,49,114.0
157,50,114.0
157,51,143.0
157,52,125.0
157,53,150.0
157,54,160.0
157,55,172.0
157,56,175.0
157,57,169.0
157,58,171.0
157,59,2.0
157,60,154.0
157,61,149.0
157,62,1.0
157,63,127.0
157,64,30.0
157,65,55.0
157,66,55.0
157,67,55.0
157,68,1.0
157,69,55.0
157,70,8.0
157,71,0.0
157,72,0.0
157,73,0.0
157,74,0.0
157,75,0.0
157,76,0.0
157,77,0.0
157,78,0.0
157,79,34.0
157,80,8.0
157,81,8.0
157,82,26.0
157,83,1.0
157,84,7.0
157,85,27.0
157,86,27.0
157,87,23.0
157,88,30.0
157,89,17.0
157,90,0.0
157,91,0.0
157,106,-0.0
157,107,-0.0
157,108,-0.0
157,109,-0.0
157,110,-0.0
157,111,-1.0
157,112,-1.0
157,113,-1.0
157,114,-1.0
157,115,-1.0
157,116,-1.0
157,117,-1.0
157,118,-1.0
157,119,-1.0
157,120,-1.0
157,121,-1.0
157,122,-1.0
157,123,-1.0
157,124,-1.0
157,125,-1.0
157,126,-1.0
157,127,-1.0
157,128,-1.0
157,129,-1.0
157,130,-2.0
157,131,-2.0
157,132,-3.0
157,133,-3.0
157,134,-2.0
157,135,-3.0
157,136,-2.0
157,137,-2.0
157,138,-2.0
157,139,-2.0
157,140,-2.0
157,141,-2.0
157,142,-2.0
157,143,-2.0
157,144,-2.0
157,145,-2.0
157,146,-2.0
157,147,-2.0
157,148,-2.0
157,149,-2.0
157,150,-2.0
157,152,-2.0
157,153,-2.0
157,154,-2.0
157,155,-2.0
157,156,-2.0
157,157,-2.0
157,158,-2.0
157,159,-1.0
157,160,-1.0
157,161,-0.0
157,162,-0.0
157,163,-0.0
157,164,0.0
157,165,0.0
157,166,0.0
157,167,0.0
157,168,0.0
157,169,0.0
157,170,0.0
157,171,0.0
157,172,-0.0
157,173,-1.0
157,174,-2.0
157,175,-5.0
157,176,-7.0
157,178,-15.0
157,179,-18.0
157,180,-20.0
157,181,-21.0
157,182,-25.0
157,183,-28.0
157,184,-31.0
157,185,-32.0
157,186,-34.0
157,187,-36.0
157,188,-38.0
157,189,-41.0
157,190,-45.0
157,191,-49.0
157,192,-50.0
157,193,-53.0
157,194,-55.0
157,195,-59.0
157,196,-61.0
157,197,-64.0
157,198,-67.0
157,199,-71.0
157,200,-75.0
157,201,-78.0
157,202,-81.0
157,203,-85.0
157,204,-88.0
157,205,-91.0
157,206,-96.0
157,207,-98.0
157,208,-102.0
157,209,-104.0
157,210,-108.0
157,211,-112.0
157,212,-115.0
157,213,-115.0
157,214,-118.0
157,215,-119.0
157,216,-120.0
157,217,-121.0
157,218,-122.0
157,219,-122.0
157,220,-123.0
157,221,-124.0
157,222,-125.0
157,223,-125.0
157,224,-126.0
157,225,-126.0
157,226,-127.0
157,227,-127.0
157,228,-127.0
157,229,-126.0
157,230,-126.0
157,231,-126.0
157,232,-126.0
157,233,-126.0
157,234,-126.0
157,235,-126.0
157,236,-126.0
157,237,-125.0
157,238,-125.0
157,239,-126.0
157,244,-126.0
157,245,-126.0
157,246,-126.0
157,247,-125.0
157,248,-125.0
157,249,-125.0
157,250,-125.0
157,251,-126.0
157,252,-126.0
157,253,-125.0
157,254,-125.0
157,255,-125.0
157,256,-125.0
157,257,-125.0
157,258,-125.0
157,259,-125.0
157,260,-125.0
157,261,-126.0
157,262,-126.0
157,263,-126.0
157,264,-126.0
157,265,-126.0
157,266,-126.0
157,267,-126.0
157,268,-126.0
157,269,-125.0
157,270,-126.0
157,271,-126.0
157,272,-125.0
157,273,-125.0
157,274,-125.0
157,275,-125.0
157,276,-125.0
157,277,-126.0
157,278,-126.0
157,279,-126.0
157,280,-127.0
157,281,-127.0
157,282,-127.0
157,283,-128.0
157,284,-128.0
157,285,-127.0
157,286,-127.0
157,287,-127.0
157,288,-126.0
157,289,-126.0
157,290,-125.0
157,291,-93.0
157,292,-123.0
157,293,-122.0
157,294,-122.0
157,295,-120.0
157,296,-118.0
157,297,-118.0
157,298,-116.0
157,299,-115.0
157,300,-113.0
157,301,-111.0
157,302,-111.0
157,303,-110.0
157,304,-109.0
157,305,-106.0
157,306,-104.0
157,307,-101.0
157,308,-98.0
157,309,-94.0
157,310,-92.0
157,311,-89.0
158,21,158.0
158,25,170.0
158,26,111.0
158,27,112.0
158,28,110.0
158,29,111.0
158,30,177.0
158,31,110.0
158,32,103.0
158,33,102.0
158,34,100.0
158,35,98.0
158,36,97.0
158,37,96.0
158,38,97.0
158,39,95.0
158,40,97.0
158,41,97.0
158,42,97.0
158,43,97.0
158,44,98.0
158,45,99.0
158,46,101.0
158,47,103.0
158,48,107.0
158,49,111.0
158,50,111.0
158,51,111.0
158,52,122.0
158,53,111.0
158,54,158.0
158,55,167.0
158,56,167.0
158,57,172.0
158,58,169.0
158,59,2.0
158,60,2.0
158,61,2.0
158,62,2.0
158,63,1.0
158,64,1.0
158,65,46.0
158,66,54.0
158,67,1.0
158,68,1.0
158,69,1.0
158,70,0.0
158,71,0.0
158,72,0.0
158,73,0.0
158,74,0.0
158,75,0.0
158,76,0.0
158,77,0.0
158,78,6.0
158,79,0.0
158,80,0.0
158,81,0.0
158,82,1.0
158,83,1.0
158,84,1.0
158,85,1.0
158,86,1.0
158,87,1.0
158,88,1.0
158,89,1.0
158,90,0.0
158,91,0.0
158,92,0.0
158,93,0.0
158,106,-1.0
158,107,-1.0
158,108,-1.0
158,109,-1.0
158,110,-1.0
158,111,-1.0
158,112,-1.0
158,113,-1.0
158,114,-1.0
158,115,-1.0
158,116,-1.0
158,117,-1.0
158,118,-1.0
158,119,-1.0
158,120,-1.0
158,121,-1.0
158,122,-1.0
158,123,-1.0
158,124,-1.0
158,125,-1.0
158,126,-1.0
158,127,-1.0
158,128,-1.0
158,132,-2.0
158,134,-3.0
158,135,-3.0
158,136,-3.0
158,137,-3.0
158,138,-3.0
158,139,-3.0
158,140,-3.0
158,141,-3.0
158,142,-3.0
158,143,-3.0
158,144,-3.0
158,145,-3.0
158,146,-3.0
158,147,-3.0
158,148,-3.0
158,149,-3.0
158,150,-3.0
158,151,-3.0
158,152,-3.0
158,153,-2.0
158,154,-2.0
158,155,-2.0
158,156,-2.0
158,157,-2.0
158,158,-2.0
158,159,-1.0
158,160,-1.0
158,161,-1.0
158,162,-0.0
158,163,-0.0
158,164,0.0
158,165,0.0
158,166,0.0
158,167,0.0
158,168,0.0
158,169,0.0
158,170,0.0
158,171,0.0
158,172,-1.0
158,173,-1.0
158,174,-2.0
158,175,-4.0
158,176,-8.0
158,177,-12.0
158,178,-14.0
158,179,-17.0
158,180,-21.0
158,181,-24.0
158,182,-26.0
158,183,-29.0
158,184,-31.0
158,185,-33.0
158,186,-35.0
158,187,-37.0
158,188,-39.0
158,189,-41.0
158,190,-45.0
158,191,-48.0
158,192,-51.0
158,193,-54.0
158,194,-57.0
158,195,-59.0
158,196,-62.0
158,197,-64.0
158,198,-69.0
158,199,-71.0
158,200,-75.0
158,201,-80.0
158,202,-83.0
158,203,-88.0
158,204,-90.0
158,205,-93.0
158,206,-96.0
158,207,-100.0
158,208,-102.0
158,209,-107.0
158,210,-110.0
158,211,-113.0
158,212,-115.0
158,213,-116.0
158,214,-118.0
158,215,-119.0
158,216,-120.0
158,217,-121.0
158,218,-122.0
158,219,-123.0
158,220,-123.0
158,221,-124.0
158,222,-125.0
158,223,-126.0
158,224,-126.0
158,225,-127.0
158,226,-127.0
158,227,-127.0
158,228,-127.0
158,229,-127.0
158,230,-126.0
158,231,-126.0
158,232,-126.0
158,233,-126.0
158,234,-126.0
158,235,-126.0
158,236,-126.0
158,237,-126.0
158,238,-126.0
158,239,-126.0
158,243,-126.0
158,244,-126.0
158,245,-126.0
158,246,-126.0
158,247,-125.0
158,248,-125.0
158,249,-125.0
158,250,-125.0
158,251,-126.0
158,252,-126.0
158,253,-126.0
158,254,-126.0
158,255,-126.0
158,256,-126.0
158,257,-126.0
158,258,-126.0
158,259,-126.0
158,260,-126.0
158,261,-126.0
158,262,-127.0
158,263,-127.0
158,264,-127.0
158,265,-127.0
158,266,-127.0
158,267,-127.0
158,268,-127.0
158,269,-126.0
158,270,-127.0
158,271,-126.0
158,272,-126.0
158,273,-126.0
158,274,-126.0
158,275,-126.0
158,276,-126.0
158,277,-126.0
158,278,-126.0
158,279,-127.0
158,280,-127.0
158,281,-128.0
158,282,-129.0
158,283,-129.0
158,284,-129.0
158,285,-128.0
158,286,-128.0
158,287,-127.0
158,288,-126.0
158,289,-126.0
158,290,-95.0
158,291,-124.0
158,292,-97.0
158,293,-122.0
158,294,-122.0
158,295,-120.0
158,296,-118.0
158,297,-118.0
158,298,-116.0
158,299,-115.0
158,300,-113.0
158,301,-111.0
158,302,-111.0
158,303,-110.0
158,304,-108.0
158,305,-107.0
158,306,-104.0
158,307,-101.0
158,308,-99.0
158,309,-95.0
158,310,-92.0
158,311,-90.0
159,21,170.0
159,25,170.0
159,26,108.0
159,28,107.0
159,29,109.0
159,30,167.0
159,31,105.0
159,32,100.0
159,33,100.0
159,34,98.0
159,35,95.0
159,36,95.0
159,37,94.0
159,38,94.0
159,39,95.0
159,40,95.0
159,41,95.0
159,42,95.0
159,43,95.0
159,44,96.0
159,45,97.0
159,46,99.0
159,47,101.0
159,48,104.0
159,49,108.0
159,50,109.0
159,51,109.0
159,52,146.0
159,53,154.0
159,54,152.0
159,55,152.0
159,56,152.0
159,57,152.0
159,58,172.0
159,59,2.0
159,60,157.0
159,61,2.0
159,62,2.0
159,63,45.0
159,64,17.0
159,65,1.0
159,66,20.0
159,67,1.0
159,68,1.0
159,69,1.0
159,70,0.0
159,71,0.0
159,72,0.0
159,73,0.0
159,74,28.0
159,75,0.0
159,76,0.0
159,77,16.0
159,78,0.0
159,79,0.0
159,80,1.0
159,81,1.0
159,82,21.0
159,83,1.0
159,84,1.0
159,85,1.0
159,86,1.0
159,87,1.0
159,88,1.0
159,89,1.0
159,90,1.0
159,91,0.0
159,92,0.0
159,93,0.0
159,94,0.0
159,95,-0.0
159,96,-0.0
159,97,-0.0
159,99,-1.0
159,100,-1.0
159,101,-1.0
159,103,-1.0
159,104,-1.0
159,105,-1.0
159,106,-1.0
159,107,-1.0
159,108,-1.0
159,109,-1.0
159,110,-1.0
159,111,-1.0
159,112,-1.0
159,113,-1.0
159,114,-1.0
159,115,-1.0
159,116,-1.0
159,117,-1.0
159,118,-1.0
159,119,-1.0
159,120,-1.0
159,121,-1.0
159,122,-1.0
159,123,-1.0
159,124,-1.0
159,125,-1.0
159,126,-1.0
159,127,-1.0
159,128,-1.0
159,129,-1.0
159,130,-1.0
159,131,-1.0
159,132,-2.0
159,133,-2.0
159,134,-2.0
159,135,-3.0
159,136,-3.0
159,137,-3.0
159,138,-3.0
159,139,-3.0
159,140,-4.0
159,141,-4.0
159,142,-4.0
159,143,-4.0
159,144,-4.0
159,145,-4.0
159,146,-4.0
159,147,-4.0
159,148,-4.0
159,149,-4.0
159,150,-3.0
159,151,-3.0
159,152,-3.0
159,153,-3.0
159,154,-3.0
159,155,-2.0
159,156,-2.0
159,157,-2.0
159,158,-2.0
159,159,-1.0
159,160,-1.0
159,161,-1.0
159,162,-0.0
159,163,-0.0
159,164,0.0
159,165,0.0
159,166,0.0
159,167,0.0
159,168,0.0
159,169,0.0
159,170,0.0
159,171,0.0
159,172,-1.0
159,173,-2.0
159,174,-3.0
159,175,-5.0
159,176,-8.0
159,177,-11.0
159,178,-14.0
159,179,-18.0
159,180,-21.0
159,181,-24.0
159,182,-26.0
159,183,-29.0
159,184,-31.0
159,185,-33.0
159,186,-35.0
159,187,-37.0
159,188,-40.0
159,189,-42.0
159,190,-46.0
159,191,-48.0
159,192,-51.0
159,195,-60.0
159,196,-64.0
159,197,-67.0
159,198,-69.0
159,199,-73.0
159,200,-77.0
159,201,-83.0
159,202,-84.0
159,203,-89.0
159,204,-92.0
159,205,-95.0
159,206,-97.0
159,207,-100.0
159,208,-104.0
159,209,-108.0
159,210,-110.0
159,211,-113.0
159,212,-115.0
159,213,-117.0
159,214,-118.0
159,215,-119.0
159,216,-120.0
159,217,-121.0
159,218,-122.0
159,219,-123.0
159,220,-124.0
159,221,-124.0
159,222,-125.0
159,223,-126.0
159,224,-126.0
159,225,-127.0
159,226,-127.0
159,227,-127.0
159,228,-127.0
159,229,-127.0
159,230,-127.0
159,231,-127.0
159,232,-126.0
159,233,-126.0
159,234,-126.0
159,235,-126.0
159,236,-126.0
159,237,-126.0
159,238,-126.0
159,239,-126.0
159,243,-126.0
159,244,-126.0
159,245,-126.0
159,246,-126.0
159,247,-125.0
159,248,-81.0
159,249,-125.0
159,250,-126.0
159,251,-126.0
159,252,-127.0
159,253,-127.0
159,254,-127.0
159,255,-127.0
159,256,-126.0
159,257,-127.0
159,258,-127.0
159,259,-127.0
159,260,-127.0
159,261,-127.0
159,262,-127.0
159,263,-127.0
159,264,-127.0
159,265,-127.0
159,266,-127.0
159,267,-127.0
159,268,-127.0
159,269,-127.0
159,270,-127.0
159,271,-127.0
159,272,-127.0
159,273,-127.0
159,274,-126.0
159,275,-127.0
159,276,-126.0
159,277,-127.0
159,278,-127.0
159,279,-127.0
159,280,-128.0
159,281,-129.0
159,282,-129.0
159,283,-129.0
159,284,-129.0
159,285,-128.0
159,286,-128.0
159,287,-127.0
159,288,-127.0
159,289,-126.0
159,290,-125.0
159,291,-125.0
159,292,-124.0
159,293,-123.0
159,294,-122.0
159,295,-120.0
159,296,-118.0
159,297,-117.0
159,298,-117.0
159,299,-115.0
159,300,-113.0
159,301,-111.0
159,302,-111.0
159,303,-110.0
159,304,-109.0
159,305,-107.0
159,306,-105.0
159,307,-100.0
159,308,-99.0
159,309,-95.0
159,310,-92.0
159,311,-90.0
160,21,170.0
160,22,170.0
160,23,170.0
160,25,106.0
160,26,106.0
160,27,224.0
160,28,106.0
160,29,135.0
160,30,106.0
160,31,103.0
160,32,101.0
160,33,96.0
160,34,114.0
160,35,94.0
160,36,93.0
160,37,92.0
160,38,92.0
160,39,92.0
160,40,92.0
160,41,92.0
160,42,93.0
160,43,93.0
160,44,93.0
160,45,95.0
160,46,96.0
160,47,97.0
160,48,101.0
160,49,105.0
160,50,106.0
160,51,107.0
160,52,150.0
160,53,105.0
160,54,151.0
160,55,168.0
160,56,170.0
160,57,151.0
160,58,152.0
160,59,2.0
160,60,151.0
160,61,2.0
160,62,2.0
160,63,54.0
160,64,16.0
160,65,1.0
160,66,1.0
160,67,41.0
160,68,1.0
160,69,1.0
160,70,1.0
160,71,1.0
160,72,1.0
160,73,1.0
160,74,1.0
160,75,1.0
160,76,1.0
160,77,1.0
160,78,1.0
160,79,1.0
160,80,1.0
160,81,1.0
160,82,1.0
160,83,1.0
160,84,1.0
160,85,1.0
160,86,1.0
160,87,1.0
160,88,1.0
160,89,1.0
160,90,1.0
160,91,1.0
160,92,0.0
160,93,0.0
160,94,0.0
160,95,0.0
160,96,-0.0
160,97,-0.0
160,98,-0.0
160,99,-0.0
160,100,-1.0
160,101,-1.0
160,102,-1.0
160,103,-1.0
160,104,-0.0
160,105,-0.0
160,106,-0.0
160,107,-0.0
160,108,0.0
160,109,0.0
160,110,0.0
160,111,0.0
160,112,0.0
160,113,0.0
160,114,0.0
160,115,0.0
160,116,0.0
160,117,0.0
160,118,-0.0
160,119,-0.0
160,120,0.0
160,121,-0.0
160,122,-0.0
160,123,-0.0
160,124,-0.0
160,125,-0.0
160,126,-0.0
160,127,-0.0
160,128,-0.0
160,129,-0.0
160,130,-0.0
160,131,-0.0
160,132,-1.0
160,133,-1.0
160,134,-2.0
160,135,-2.0
160,136,-2.0
160,137,-2.0
160,138,-3.0
160,139,-3.0
160,140,-4.0
160,141,-4.0
160,142,-4.0
160,143,-4.0
160,144,-4.0
160,145,-4.0
160,146,-5.0
160,147,-5.0
160,148,-5.0
160,149,-4.0
160,150,-4.0
160,151,-4.0
160,152,-4.0
160,153,-3.0
160,154,-3.0
160,155,-3.0
160,156,-2.0
160,157,-2.0
160,158,-2.0
160,159,-1.0
160,160,-1.0
160,161,-1.0
160,162,-0.0
160,163,-0.0
160,164,0.0
160,165,0.0
160,166,0.0
160,167,0.0
160,168,0.0
160,169,0.0
160,170,0.0
160,171,0.0
160,172,-0.0
160,173,-2.0
160,174,-3.0
160,175,-5.0
160,176,-7.0
160,177,-12.0
160,178,-14.0
160,179,-18.0
160,180,-21.0
160,181,-24.0
160,182,-27.0
160,183,-28.0
160,184,-31.0
160,185,-34.0
160,186,-35.0
160,187,-38.0
160,188,-40.0
160,189,-42.0
160,190,-47.0
160,191,-49.0
160,192,-54.0
160,193,-56.0
160,194,-58.0
160,195,-61.0
160,196,-65.0
160,197,-67.0
160,198,-70.0
160,199,-73.0
160,200,-79.0
160,201,-83.0
160,202,-85.0
160,203,-89.0
160,204,-93.0
160,205,-95.0
160,206,-98.0
160,207,-101.0
160,208,-104.0
160,209,-107.0
160,210,-110.0
160,211,-113.0
160,212,-115.0
160,213,-117.0
160,214,-119.0
160,215,-119.0
160,216,-120.0
160,217,-121.0
160,218,-122.0
160,219,-123.0
160,220,-124.0
160,221,-125.0
160,222,-126.0
160,223,-126.0
160,224,-126.0
160,225,-127.0
160,226,-127.0
160,227,-127.0
160,228,-127.0
160,229,-127.0
160,230,-127.0
160,231,-127.0
160,232,-126.0
160,233,-126.0
160,234,-126.0
160,235,-126.0
160,236,-126.0
160,237,-126.0
160,238,-126.0
160,239,-126.0
160,240,-126.0
160,241,-126.0
160,242,-126.0
160,243,-126.0
160,244,-126.0
160,245,-126.0
160,249,-126.0
160,250,-126.0
160,251,-127.0
160,252,-127.0
160,253,-128.0
160,254,-127.0
160,255,-127.0
160,256,-127.0
160,257,-127.0
160,258,-127.0
160,259,-127.0
160,260,-127.0
160,261,-127.0
160,262,-127.0
160,263,-127.0
160,264,-127.0
160,265,-127.0
160,266,-127.0
160,267,-127.0
160,268,-127.0
160,269,-127.0
160,270,-127.0
160,271,-127.0
160,272,-127.0
160,273,-127.0
160,274,-127.0
160,275,-127.0
160,276,-127.0
160,277,-127.0
160,278,-127.0
160,279,-128.0
160,280,-128.0
160,281,-129.0
160,282,-129.0
160,283,-129.0
160,284,-129.0
160,285,-128.0
160,286,-128.0
160,287,-128.0
160,288,-127.0
160,289,-126.0
160,290,-114.0
160,291,-124.0
160,292,-124.0
160,293,-123.0
160,294,-121.0
160,295,-121.0
160,296,-119.0
160,297,-118.0
160,298,-116.0
160,299,-115.0
160,300,-113.0
160,301,-111.0
160,302,-111.0
160,303,-110.0
160,304,-109.0
160,305,-107.0
160,306,-105.0
160,307,-100.0
160,308,-98.0
160,309,-95.0
160,310,-92.0
160,311,-90.0
161,25,103.0
161,26,104.0
161,28,134.0
161,29,101.0
161,30,103.0
161,31,116.0
161,32,110.0
161,33,93.0
161,34,94.0
161,35,91.0
161,36,89.0
161,37,90.0
161,38,90.0
161,39,89.0
161,40,90.0
161,41,89.0
161,42,90.0
161,43,90.0
161,44,92.0
161,45,93.0
161,46,94.0
161,47,95.0
161,48,100.0
161,49,103.0
161,50,104.0
161,51,104.0
161,52,104.0
161,53,127.0
161,54,149.0
161,55,157.0
161,56,150.0
161,57,159.0
161,58,150.0
161,59,2.0
161,60,2.0
161,61,2.0
161,62,1.0
161,63,55.0
161,64,1.0
161,65,42.0
161,66,1.0
161,67,1.0
161,68,1.0
161,69,1.0
161,70,1.0
161,71,1.0
161,72,1.0
161,73,1.0
161,74,1.0
161,75,2.0
161,76,1.0
161,77,2.0
161,78,1.0
161,79,1.0
161,80,1.0
161,81,1.0
161,82,1.0
161,83,1.0
161,84,1.0
161,85,1.0
161,86,1.0
161,87,12.0
161,88,1.0
161,89,1.0
161,90,1.0
161,91,21.0
161,130,-0.0
161,131,-0.0
161,132,-0.0
161,133,-1.0
161,134,-1.0
161,135,-1.0
161,136,-1.0
161,137,-1.0
161,138,-1.0
161,139,-2.0
161,140,-4.0
161,141,-4.0
161,142,-4.0
161,143,-4.0
161,144,-4.0
161,145,-5.0
161,146,-5.0
161,147,-5.0
161,148,-5.0
161,149,-5.0
161,150,-4.0
161,151,-4.0
161,152,-4.0
161,153,-3.0
161,154,-3.0
161,155,-3.0
161,156,-2.0
161,157,-2.0
161,158,-2.0
161,159,-2.0
161,160,-1.0
161,161,-1.0
161,162,-1.0
161,163,-0.0
161,164,0.0
161,165,0.0
161,166,0.0
161,167,0.0
161,168,0.0
161,169,0.0
161,170,0.0
161,171,0.0
161,172,-0.0
161,173,-1.0
161,174,-2.0
161,175,-5.0
161,176,-6.0
161,177,-11.0
161,178,-12.0
161,179,-18.0
161,180,-20.0
161,181,-23.0
161,182,-27.0
161,183,-29.0
161,184,-31.0
161,185,-33.0
161,186,-35.0
161,187,-38.0
161,188,-41.0
161,189,-43.0
161,190,-46.0
161,191,-49.0
161,192,-53.0
161,193,-55.0
161,194,-59.0
161,195,-62.0
161,196,-65.0
161,197,-67.0
161,198,-70.0
161,199,-75.0
161,200,-78.0
161,201,-82.0
161,202,-86.0
161,203,-89.0
161,204,-93.0
161,205,-97.0
161,206,-98.0
161,207,-101.0
161,208,-105.0
161,209,-108.0
161,210,-110.0
161,211,-112.0
161,212,-115.0
161,213,-117.0
161,214,-119.0
161,215,-120.0
161,216,-121.0
161,217,-122.0
161,218,-123.0
161,219,-124.0
161,220,-124.0
161,221,-125.0
161,222,-126.0
161,223,-126.0
161,224,-127.0
161,225,-127.0
161,226,-127.0
161,227,-127.0
161,228,-127.0
161,229,-127.0
161,230,-126.0
161,231,-126.0
161,232,-126.0
161,233,-126.0
161,234,-126.0
161,235,-126.0
161,236,-126.0
161,237,-126.0
161,238,-126.0
161,239,-126.0
161,240,-126.0
161,241,-126.0
161,242,-126.0
161,243,-126.0
161,244,-126.0
161,245,-126.0
161,249,-127.0
161,250,-127.0
161,251,-128.0
161,252,-128.0
161,253,-127.0
161,254,-127.0
161,255,-127.0
161,256,-126.0
161,257,-126.0
161,258,-126.0
161,259,-126.0
161,260,-126.0
161,261,-126.0
161,262,-127.0
161,263,-127.0
161,264,-127.0
161,265,-127.0
161,266,-127.0
161,267,-127.0
161,268,-127.0
161,269,-127.0
161,270,-127.0
161,271,-127.0
161,272,-127.0
161,273,-127.0
161,274,-127.0
161,275,-127.0
161,276,-127.0
161,277,-127.0
161,278,-128.0
161,279,-128.0
161,280,-128.0
161,281,-128.0
161,282,-129.0
161,283,-129.0
161,284,-129.0
161,285,-129.0
161,286,-128.0
161,287,-128.0
161,288,-127.0
161,289,-127.0
161,290,-126.0
161,291,-125.0
161,292,-124.0
161,293,-123.0
161,294,-122.0
161,295,-121.0
161,296,-119.0
161,297,-118.0
161,298,-117.0
161,299,-116.0
161,300,-114.0
161,301,-111.0
161,302,-111.0
161,303,-110.0
161,304,-109.0
161,305,-107.0
161,306,-105.0
161,307,-101.0
161,308,-97.0
161,309,-95.0
161,310,-93.0
161,311,-90.0
162,25,101.0
162,26,153.0
162,27,100.0
162,28,101.0
162,29,211.0
162,30,100.0
162,31,134.0
162,32,94.0
162,33,91.0
162,34,90.0
162,35,89.0
162,36,87.0
162,37,88.0
162,38,87.0
162,39,87.0
162,40,87.0
162,41,87.0
162,42,88.0
162,43,88.0
162,44,89.0
162,45,90.0
162,46,92.0
162,47,93.0
162,48,96.0
162,49,100.0
162,50,101.0
162,51,101.0
162,52,101.0
162,53,102.0
162,54,123.0
162,55,155.0
162,56,151.0
162,57,149.0
162,58,149.0
162,59,2.0
162,60,2.0
162,61,2.0
162,62,1.0
162,63,55.0
162,64,1.0
162,65,73.0
162,66,1.0
162,67,1.0
162,68,7.0
162,69,9.0
162,70,8.0
162,71,9.0
162,72,9.0
162,73,9.0
162,74,9.0
162,75,9.0
162,76,6.0
162,77,6.0
162,78,4.0
162,79,3.0
162,80,2.0
162,81,1.0
162,82,1.0
162,131,0.0
162,132,0.0
162,133,-0.0
162,134,-1.0
162,135,-1.0
162,136,-1.0
162,137,-1.0
162,138,-1.0
162,139,-2.0
162,140,-3.0
162,141,-4.0
162,142,-4.0
162,143,-4.0
162,144,-4.0
162,145,-4.0
162,146,-5.0
162,147,-5.0
162,148,-5.0
162,149,-5.0
162,150,-5.0
162,151,-4.0
162,152,-4.0
162,153,-4.0
162,154,-3.0
162,155,-3.0
162,156,-3.0
162,157,-2.0
162,158,-2.0
162,159,-2.0
162,160,-1.0
162,161,-1.0
162,162,-1.0
162,163,-0.0
162,164,0.0
162,165,0.0
162,166,0.0
162,167,0.0
162,168,0.0
162,169,0.0
162,170,0.0
162,171,0.0
162,172,-0.0
162,173,-1.0
162,174,-2.0
162,175,-5.0
162,176,-6.0
162,177,-10.0
162,178,-13.0
162,179,-16.0
162,180,-20.0
162,181,-24.0
162,182,-26.0
162,183,-30.0
162,184,-31.0
162,185,-34.0
162,186,-36.0
162,187,-38.0
162,188,-41.0
162,189,-44.0
162,190,-47.0
162,191,-51.0
162,192,-53.0
162,193,-56.0
162,194,-58.0
162,195,-62.0
162,196,-64.0
162,197,-68.0
162,198,-70.0
162,199,-74.0
162,200,-79.0
162,201,-83.0
162,202,-85.0
162,203,-89.0
162,204,-92.0
162,205,-94.0
162,206,-98.0
162,207,-101.0
162,208,-105.0
162,209,-108.0
162,210,-111.0
162,211,-113.0
162,212,-115.0
162,213,-117.0
162,214,-119.0
162,215,-120.0
162,216,-121.0
162,217,-123.0
162,218,-123.0
162,219,-124.0
162,220,-125.0
162,221,-125.0
162,222,-126.0
162,223,-126.0
162,224,-126.0
162,225,-126.0
162,226,-126.0
162,227,-126.0
162,228,-126.0
162,229,-126.0
162,230,-126.0
162,231,-126.0
162,232,-126.0
162,233,-126.0
162,234,-126.0
162,235,-126.0
162,236,-126.0
162,237,-126.0
162,238,-126.0
162,239,-126.0
162,240,-127.0
162,241,-127.0
162,242,-127.0
162,243,-127.0
162,244,-127.0
162,249,-128.0
162,250,-128.0
162,251,-128.0
162,252,-127.0
162,253,-127.0
162,254,-126.0
162,255,-126.0
162,256,-126.0
162,257,-126.0
162,258,-125.0
162,259,-126.0
162,260,-125.0
162,261,-125.0
162,262,-126.0
162,263,-126.0
162,264,-126.0
162,265,-126.0
162,266,-126.0
162,267,-126.0
162,268,-126.0
162,269,-127.0
162,270,-127.0
162,271,-127.0
162,272,-127.0
162,273,-127.0
162,274,-127.0
162,275,-127.0
162,276,-127.0
162,277,-127.0
162,278,-128.0
162,279,-128.0
162,280,-128.0
162,281,-128.0
162,282,-129.0
162,283,-129.0
162,284,-129.0
162,285,-129.0
162,286,-128.0
162,287,-128.0
162,288,-127.0
162,289,-127.0
162,290,-101.0
162,291,-125.0
162,292,-124.0
162,293,-123.0
162,294,-122.0
162,295,-121.0
162,296,-119.0
162,297,-118.0
162,298,-117.0
162,299,-116.0
162,300,-114.0
162,301,-111.0
162,302,-111.0
162,303,-110.0
162,304,-108.0
162,305,-108.0
162,306,-104.0
162,307,-102.0
162,308,-97.0
162,309,-95.0
162,310,-92.0
162,311,-90.0
163,25,98.0
163,27,97.0
163,28,98.0
163,29,112.0
163,30,122.0
163,31,96.0
163,32,89.0
163,33,89.0
163,34,88.0
163,35,87.0
163,36,85.0
163,37,85.0
163,38,85.0
163,39,85.0
163,40,85.0
163,41,85.0
163,42,85.0
163,43,86.0
163,44,87.0
163,45,88.0
163,46,89.0
163,47,90.0
163,48,94.0
163,49,98.0
163,50,98.0
163,51,98.0
163,52,97.0
163,53,98.0
163,54,98.0
163,55,147.0
163,56,156.0
163,57,147.0
163,58,147.0
163,59,1.0
163,60,1.0
163,61,54.0
163,62,55.0
163,63,55.0
163,64,1.0
163,65,55.0
163,66,1.0
163,67,6.0
163,68,9.0
163,69,9.0
163,70,9.0
163,71,9.0
163,72,9.0
163,73,9.0
163,74,9.0
163,75,9.0
163,132,1.0
163,133,0.0
163,134,-1.0
163,135,-1.0
163,136,-1.0
163,137,-1.0
163,138,-1.0
163,139,-2.0
163,140,-3.0
163,141,-4.0
163,142,-4.0
163,143,-4.0
163,144,-4.0
163,145,-4.0
163,146,-4.0
163,147,-5.0
163,148,-5.0
163,149,-5.0
163,150,-5.0
163,151,-5.0
163,152,-4.0
163,153,-4.0
163,154,-3.0
163,155,-3.0
163,156,-3.0
163,157,-2.0
163,158,-2.0
163,159,-2.0
163,160,-1.0
163,161,-1.0
163,162,-1.0
163,163,-0.0
163,164,0.0
163,165,0.0
163,166,0.0
163,167,0.0
163,168,0.0
163,169,0.0
163,170,0.0
163,171,0.0
163,172,-0.0
163,173,-1.0
163,174,-1.0
163,175,-4.0
163,176,-7.0
163,177,-9.0
163,178,-13.0
163,179,-16.0
163,180,-19.0
163,181,-23.0
163,182,-25.0
163,183,-29.0
163,184,-31.0
163,185,-33.0
163,186,-35.0
163,187,-38.0
163,188,-42.0
163,189,-44.0
163,190,-47.0
163,191,-51.0
163,192,-54.0
163,193,-57.0
163,194,-58.0
163,195,-61.0
163,196,-64.0
163,197,-67.0
163,198,-70.0
163,199,-73.0
163,200,-77.0
163,201,-81.0
163,202,-84.0
163,203,-88.0
163,204,-92.0
163,205,-95.0
163,206,-98.0
163,207,-101.0
163,208,-104.0
163,209,-107.0
163,210,-110.0
163,211,-113.0
163,212,-115.0
163,213,-117.0
163,214,-119.0
163,215,-121.0
163,216,-122.0
163,217,-123.0
163,218,-123.0
163,219,-124.0
163,220,-125.0
163,221,-125.0
163,222,-126.0
163,223,-126.0
163,224,-126.0
163,225,-126.0
163,226,-126.0
163,227,-126.0
163,228,-126.0
163,229,-126.0
163,230,-126.0
163,231,-126.0
163,232,-126.0
163,233,-126.0
163,234,-126.0
163,235,-126.0
163,236,-126.0
163,237,-126.0
163,238,-126.0
163,239,-126.0
163,240,-127.0
163,241,-127.0
163,242,-127.0
163,243,-127.0
163,244,-127.0
163,249,-128.0
163,250,-127.0
163,251,-127.0
163,252,-126.0
163,253,-126.0
163,254,-126.0
163,255,-125.0
163,256,-125.0
163,257,-125.0
163,258,-125.0
163,259,-124.0
163,260,-124.0
163,261,-124.0
163,262,-124.0
163,263,-124.0
163,264,-125.0
163,265,-125.0
163,266,-125.0
163,267,-125.0
163,268,-126.0
163,269,-126.0
163,270,-126.0
163,271,-126.0
163,272,-127.0
163,273,-127.0
163,274,-127.0
163,275,-127.0
163,276,-127.0
163,277,-127.0
163,278,-127.0
163,279,-128.0
163,280,-128.0
163,281,-128.0
163,282,-128.0
163,283,-128.0
163,284,-129.0
163,285,-129.0
163,286,-128.0
163,287,-128.0
163,288,-128.0
163,289,-127.0
163,290,-126.0
163,291,-125.0
163,292,-124.0
163,293,-124.0
163,294,-122.0
163,295,-121.0
163,296,-120.0
163,297,-119.0
163,298,-117.0
163,299,-116.0
163,300,-114.0
163,301,-112.0
163,302,-111.0
163,303,-110.0
163,304,-108.0
163,305,-107.0
163,306,-104.0
163,307,-101.0
163,308,-97.0
163,309,-94.0
163,310,-92.0
163,311,-90.0
164,24,97.0
164,25,95.0
164,26,94.0
164,27,95.0
164,28,95.0
164,29,94.0
164,30,123.0
164,31,90.0
164,32,87.0
164,33,106.0
164,34,85.0
164,35,83.0
164,36,83.0
164,37,82.0
164,38,83.0
164,39,82.0
164,40,82.0
164,41,83.0
164,42,84.0
164,43,84.0
164,44,84.0
164,45,85.0
164,46,87.0
164,47,87.0
164,48,91.0
164,49,96.0
164,50,95.0
164,51,95.0
164,52,96.0
164,53,95.0
164,54,94.0
164,55,146.0
164,56,146.0
164,57,147.0
164,58,145.0
164,59,29.0
164,60,27.0
164,61,1.0
164,62,1.0
164,63,1.0
164,64,1.0
164,65,55.0
164,66,1.0
164,67,3.0
164,68,9.0
164,69,9.0
164,70,9.0
164,71,9.0
164,72,9.0
164,73,9.0
164,74,9.0
164,133,1.0
164,134,-1.0
164,135,-1.0
164,136,-1.0
164,137,-1.0
164,138,-1.0
164,139,-1.0
164,140,-2.0
164,141,-3.0
164,142,-4.0
164,143,-4.0
164,144,-4.0
164,145,-4.0
164,146,-4.0
164,147,-5.0
164,148,-5.0
164,149,-5.0
164,150,-5.0
164,151,-5.0
164,152,-4.0
164,153,-4.0
164,154,-3.0
164,155,-3.0
164,156,-3.0
164,157,-2.0
164,158,-2.0
164,159,-2.0
164,160,-2.0
164,161,-1.0
164,162,-1.0
164,163,-0.0
164,164,0.0
164,165,0.0
164,166,0.0
164,167,0.0
164,168,0.0
164,169,0.0
164,170,0.0
164,171,0.0
164,172,-0.0
164,173,-1.0
164,174,-1.0
164,175,-2.0
164,176,-5.0
164,177,-9.0
164,178,-12.0
164,179,-16.0
164,180,-18.0
164,181,-21.0
164,182,-26.0
164,183,-28.0
164,184,-32.0
164,185,-33.0
164,186,-36.0
164,187,-38.0
164,188,-42.0
164,189,-45.0
164,190,-48.0
164,191,-51.0
164,192,-54.0
164,193,-56.0
164,194,-59.0
164,195,-61.0
164,196,-64.0
164,197,-67.0
164,198,-70.0
164,199,-75.0
164,200,-78.0
164,201,-81.0
164,202,-85.0
164,203,-88.0
164,204,-91.0
164,205,-94.0
164,206,-97.0
164,207,-100.0
164,208,-103.0
164,209,-105.0
164,210,-109.0
164,211,-112.0
164,212,-115.0
164,213,-116.0
164,214,-119.0
164,215,-121.0
164,216,-122.0
164,217,-123.0
164,218,-124.0
164,219,-124.0
164,220,-125.0
164,221,-125.0
164,222,-125.0
164,227,-28.0
164,229,-21.0
164,230,-22.0
164,231,-18.0
164,232,-17.0
164,233,-28.0
164,234,-126.0
164,235,-126.0
164,236,-126.0
164,237,-126.0
164,238,-126.0
164,239,-126.0
164,240,-127.0
164,241,-127.0
164,242,-127.0
164,243,-127.0
164,248,-127.0
164,249,-127.0
164,250,-127.0
164,251,-126.0
164,252,-126.0
164,253,-125.0
164,254,-124.0
164,255,-124.0
164,256,-124.0
164,257,-124.0
164,258,-124.0
164,259,-123.0
164,260,-122.0
164,261,-123.0
164,262,-123.0
164,263,-123.0
164,264,-124.0
164,265,-124.0
164,266,-124.0
164,267,-125.0
164,268,-125.0
164,269,-125.0
164,270,-126.0
164,271,-126.0
164,272,-126.0
164,273,-126.0
164,274,-127.0
164,275,-127.0
164,276,-127.0
164,277,-127.0
164,278,-127.0
164,279,-127.0
164,280,-128.0
164,281,-128.0
164,282,-128.0
164,283,-128.0
164,284,-129.0
164,285,-129.0
164,286,-128.0
164,287,-128.0
164,288,-128.0
164,289,-127.0
164,290,-127.0
164,291,-126.0
164,292,-125.0
164,293,-124.0
164,294,-123.0
164,295,-122.0
164,296,-120.0
164,297,-119.0
164,298,-117.0
164,299,-116.0
164,300,-114.0
164,301,-112.0
164,302,-112.0
164,303,-110.0
164,304,-108.0
164,305,-107.0
164,306,-104.0
164,307,-101.0
164,308,-97.0
164,309,-94.0
164,310,-92.0
164,311,-90.0
165,24,94.0
165,25,129.0
165,26,92.0
165,28,91.0
165,29,92.0
165,30,104.0
165,32,85.0
165,33,84.0
165,34,123.0
165,35,80.0
165,36,79.0
165,37,80.0
165,38,80.0
165,39,79.0
165,40,80.0
165,41,80.0
165,42,81.0
165,43,80.0
165,44,81.0
165,45,82.0
165,46,84.0
165,47,84.0
165,48,88.0
165,49,92.0
165,50,91.0
165,51,92.0
165,52,92.0
165,53,92.0
165,54,90.0
165,55,149.0
165,56,145.0
165,57,145.0
165,58,155.0
165,59,23.0
165,60,17.0
165,61,1.0
165,62,1.0
165,63,49.0
165,64,1.0
165,65,1.0
165,66,1.0
165,67,8.0
165,68,9.0
165,69,9.0
165,70,9.0
165,71,9.0
165,72,9.0
165,73,9.0
165,134,-0.0
165,135,-1.0
165,136,-1.0
165,137,-1.0
165,138,-1.0
165,139,-1.0
165,140,-2.0
165,141,-3.0
165,142,-4.0
165,143,-4.0
165,144,-4.0
165,145,-4.0
165,146,-4.0
165,147,-4.0
165,148,-4.0
165,149,-4.0
165,150,-5.0
165,151,-5.0
165,152,-4.0
165,153,-4.0
165,154,-3.0
165,155,-3.0
165,156,-3.0
165,157,-2.0
165,158,-2.0
165,159,-2.0
165,160,-2.0
165,161,-1.0
165,162,-1.0
165,163,-0.0
165,164,0.0
165,165,0.0
165,166,0.0
165,167,0.0
165,168,0.0
165,169,0.0
165,170,0.0
165,171,0.0
165,172,-0.0
165,173,-0.0
165,174,-0.0
165,175,-3.0
165,176,-4.0
165,177,-5.0
165,178,-8.0
165,179,-10.0
165,180,-14.0
165,181,-16.0
165,182,-20.0
165,183,-23.0
165,184,-26.0
165,185,-29.0
165,186,-32.0
165,187,-36.0
165,188,-38.0
165,189,-40.0
165,190,-44.0
165,191,-47.0
165,192,-50.0
165,193,-54.0
165,194,-56.0
165,195,-59.0
165,196,-63.0
165,197,-66.0
165,198,-69.0
165,199,-72.0
165,200,-74.0
165,201,-78.0
165,202,-81.0
165,203,-83.0
165,204,-86.0
165,205,-90.0
165,206,-91.0
165,207,-95.0
165,208,-97.0
165,209,-101.0
165,210,-104.0
165,211,-106.0
165,212,-110.0
165,213,-113.0
165,214,-117.0
165,215,-119.0
165,216,-121.0
165,217,-123.0
165,218,-124.0
165,219,-124.0
165,220,-125.0
165,221,-125.0
165,222,-75.0
165,224,-28.0
165,225,-28.0
165,226,-28.0
165,227,-23.0
165,229,-23.0
165,230,-28.0
165,231,-28.0
165,232,-16.0
165,233,-28.0
165,234,-126.0
165,235,-126.0
165,236,-126.0
165,237,-126.0
165,238,-126.0
165,239,-126.0
165,240,-126.0
165,241,-127.0
165,242,-127.0
165,243,-127.0
165,248,-127.0
165,249,-127.0
165,250,-125.0
165,251,-123.0
165,252,-123.0
165,253,-123.0
165,254,-123.0
165,255,-122.0
165,256,-122.0
165,257,-121.0
165,258,-121.0
165,259,-121.0
165,260,-121.0
165,261,-121.0
165,262,-121.0
165,263,-121.0
165,264,-122.0
165,265,-122.0
165,266,-122.0
165,267,-122.0
165,268,-124.0
165,269,-125.0
165,270,-125.0
165,271,-125.0
165,272,-126.0
165,273,-126.0
165,274,-127.0
165,275,-127.0
165,276,-127.0
165,277,-127.0
165,278,-127.0
165,279,-127.0
165,280,-128.0
165,281,-128.0
165,282,-128.0
165,283,-128.0
165,284,-128.0
165,285,-128.0
165,286,-128.0
165,287,-128.0
165,288,-128.0
165,289,-127.0
165,290,-127.0
165,291,-126.0
165,292,-126.0
165,293,-125.0
165,294,-123.0
165,295,-122.0
165,296,-121.0
165,297,-119.0
165,298,-118.0
165,299,-116.0
165,300,-115.0
165,301,-112.0
165,302,-112.0
165,303,-110.0
165,304,-108.0
165,305,-106.0
165,306,-103.0
165,307,-100.0
165,308,-97.0
165,309,-94.0
165,310,-90.0
165,311,-89.0
166,23,90.0
166,24,112.0
166,26,90.0
166,27,90.0
166,28,88.0
166,29,89.0
166,30,92.0
166,31,87.0
166,32,80.0
166,33,81.0
166,34,80.0
166,35,78.0
166,36,88.0
166,37,77.0
166,38,77.0
166,39,76.0
166,40,77.0
166,41,77.0
166,42,77.0
166,43,78.0
166,44,78.0
166,45,79.0
166,46,79.0
166,47,82.0
166,48,86.0
166,49,89.0
166,50,90.0
166,51,89.0
166,52,90.0
166,53,89.0
166,54,144.0
166,55,144.0
166,56,143.0
166,57,144.0
166,58,157.0
166,59,30.0
166,60,1.0
166,61,85.0
166,62,1.0
166,63,1.0
166,64,1.0
166,65,9.0
166,66,1.0
166,67,7.0
166,68,9.0
166,69,9.0
166,70,9.0
166,71,9.0
166,135,-0.0
166,136,-1.0
166,137,-1.0
166,138,-1.0
166,139,-1.0
166,140,-2.0
166,141,-2.0
166,142,-4.0
166,143,-4.0
166,144,-4.0
166,145,-4.0
166,146,-4.0
166,147,-4.0
166,148,-4.0
166,149,-4.0
166,150,-4.0
166,151,-4.0
166,152,-4.0
166,153,-4.0
166,154,-3.0
166,155,-3.0
166,156,-2.0
166,157,-2.0
166,158,-2.0
166,159,-2.0
166,160,-2.0
166,161,-1.0
166,162,-1.0
166,163,-0.0
166,164,0.0
166,165,0.0
166,166,0.0
166,167,0.0
166,168,0.0
166,169,0.0
166,170,-0.0
166,171,-0.0
166,172,-0.0
166,173,-0.0
166,174,-0.0
166,175,0.0
166,176,-0.0
166,177,-1.0
166,178,-4.0
166,179,-6.0
166,180,-10.0
166,181,-12.0
166,182,-16.0
166,183,-19.0
166,184,-21.0
166,185,-25.0
166,186,-28.0
166,187,-32.0
166,188,-34.0
166,189,-37.0
166,190,-40.0
166,191,-43.0
166,192,-44.0
166,193,-48.0
166,194,-52.0
166,195,-54.0
166,196,-58.0
166,197,-59.0
166,198,-64.0
166,199,-67.0
166,200,-70.0
166,201,-73.0
166,202,-76.0
166,203,-79.0
166,204,-82.0
166,205,-84.0
166,206,-88.0
166,207,-91.0
166,208,-94.0
166,209,-97.0
166,210,-100.0
166,211,-103.0
166,212,-106.0
166,213,-108.0
166,214,-112.0
166,215,-115.0
166,216,-118.0
166,217,-120.0
166,218,-123.0
166,219,-124.0
166,220,-125.0
166,221,-124.0
166,222,-62.0
166,223,-28.0
166,224,-28.0
166,225,-28.0
166,226,-28.0
166,227,-26.0
166,228,2.0
166,229,-28.0
166,230,-28.0
166,231,-28.0
166,232,11.0
166,233,-28.0
166,234,-125.0
166,235,-126.0
166,236,-126.0
166,237,-126.0
166,238,-126.0
166,239,-126.0
166,240,-126.0
166,241,-126.0
166,242,-127.0
166,248,-127.0
166,249,-127.0
166,250,-125.0
166,251,-122.0
166,252,-122.0
166,253,-121.0
166,254,-121.0
166,255,-120.0
166,256,-119.0
166,257,-119.0
166,258,-120.0
166,259,-120.0
166,260,-119.0
166,261,-119.0
166,262,-119.0
166,263,-120.0
166,264,-120.0
166,265,-120.0
166,266,-121.0
166,267,-121.0
166,268,-123.0
166,269,-124.0
166,270,-125.0
166,271,-125.0
166,272,-126.0
166,273,-126.0
166,274,-127.0
166,275,-127.0
166,276,-127.0
166,277,-127.0
166,278,-127.0
166,279,-127.0
166,280,-128.0
166,281,-128.0
166,282,-128.0
166,283,-128.0
166,284,-128.0
166,285,-128.0
166,286,-128.0
166,287,-128.0
166,288,-128.0
166,289,-127.0
166,290,-127.0
166,291,-126.0
166,292,-126.0
166,293,-125.0
166,294,-124.0
166,295,-123.0
166,296,-121.0
166,297,-120.0
166,298,-119.0
166,299,-117.0
166,300,-115.0
166,301,-112.0
166,302,-111.0
166,303,-109.0
166,304,-108.0
166,305,-106.0
166,306,-103.0
166,307,-101.0
166,308,-98.0
166,309,-94.0
166,310,-88.0
166,311,-87.0
167,23,87.0
167,24,92.0
167,25,85.0
167,26,87.0
167,28,86.0
167,29,86.0
167,30,87.0
167,32,80.0
167,33,78.0
167,34,77.0
167,35,76.0
167,36,74.0
167,37,74.0
167,38,73.0
167,39,75.0
167,40,74.0
167,41,74.0
167,42,74.0
167,43,75.0
167,44,75.0
167,45,77.0
167,46,78.0
167,47,78.0
167,48,82.0
167,49,87.0
167,50,87.0
167,51,86.0
167,52,90.0
167,53,92.0
167,54,104.0
167,55,147.0
167,56,142.0
167,57,112.0
167,58,160.0
167,59,40.0
167,60,1.0
167,61,46.0
167,62,70.0
167,63,5.0
167,64,44.0
167,65,1.0
167,66,1.0
167,67,6.0
167,68,9.0
167,69,9.0
167,70,9.0
167,135,1.0
167,136,-0.0
167,137,-1.0
167,138,-1.0
167,139,-1.0
167,140,-2.0
167,141,-3.0
167,142,-3.0
167,143,-4.0
167,144,-4.0
167,145,-4.0
167,146,-4.0
167,147,-4.0
167,148,-4.0
167,149,-4.0
167,150,-4.0
167,151,-4.0
167,152,-4.0
167,153,-3.0
167,154,-3.0
167,155,-3.0
167,156,-2.0
167,157,-2.0
167,158,-2.0
167,159,-1.0
167,160,-1.0
167,161,-1.0
167,162,-1.0
167,163,-0.0
167,164,0.0
167,165,1.0
167,166,1.0
167,167,1.0
167,168,0.0
167,169,0.0
167,170,0.0
167,171,-0.0
167,172,0.0
167,173,0.0
167,174,0.0
167,175,0.0
167,176,0.0
167,177,0.0
167,178,-3.0
167,179,-6.0
167,180,-9.0
167,181,-12.0
167,182,-15.0
167,183,-18.0
167,184,-21.0
167,185,-24.0
167,186,-27.0
167,187,-30.0
167,188,-33.0
167,189,-36.0
167,190,-39.0
167,191,-42.0
167,192,-45.0
167,193,-48.0
167,194,-51.0
167,195,-54.0
167,196,-57.0
167,197,-60.0
167,198,-63.0
167,199,-66.0
167,200,-69.0
167,201,-73.0
167,202,-75.0
167,203,-78.0
167,204,-81.0
167,205,-84.0
167,206,-87.0
167,207,-90.0
167,208,-93.0
167,209,-96.0
167,210,-99.0
167,211,-102.0
167,212,-106.0
167,213,-108.0
167,214,-111.0
167,215,-114.0
167,216,-117.0
167,217,-120.0
167,218,-123.0
167,219,-124.0
167,220,-124.0
167,221,-124.0
167,222,-63.0
167,223,-28.0
167,224,-28.0
167,225,-28.0
167,226,-28.0
167,227,-28.0
167,228,-10.0
167,229,-28.0
167,230,-28.0
167,231,-28.0
167,232,23.0
167,233,-3.0
167,234,-125.0
167,235,-125.0
167,254,-117.0
167,255,-117.0
167,256,-117.0
167,257,-116.0
167,276,-127.0
167,277,-127.0
167,278,-127.0
167,279,-127.0
167,280,-128.0
167,281,-128.0
167,282,-128.0
167,283,-128.0
167,284,-128.0
167,285,-128.0
167,286,-128.0
167,287,-128.0
167,288,-128.0
167,289,-127.0
167,290,-127.0
167,291,-126.0
167,292,-126.0
167,293,-125.0
167,294,-124.0
167,295,-123.0
167,296,-122.0
167,297,-120.0
167,298,-119.0
167,299,-117.0
168,22,84.0
168,23,82.0
168,24,83.0
168,25,83.0
168,26,82.0
168,27,85.0
168,28,83.0
168,29,118.0
168,30,84.0
168,31,80.0
168,32,132.0
168,33,75.0
168,34,74.0
168,35,72.0
168,36,72.0
168,37,72.0
168,38,72.0
168,39,72.0
168,40,71.0
168,41,71.0
168,42,72.0
168,43,72.0
168,44,73.0
168,45,74.0
168,46,74.0
168,47,75.0
168,48,79.0
168,49,83.0
168,50,83.0
168,51,84.0
168,52,85.0
168,53,119.0
168,54,82.0
168,55,140.0
168,56,153.0
168,57,145.0
168,58,142.0
168,59,42.0
168,60,1.0
168,61,42.0
168,62,37.0
168,63,28.0
168,64,1.0
168,65,1.0
168,66,1.0
168,67,4.0
168,68,9.0
168,69,9.0
168,70,9.0
168,135,2.0
168,136,1.0
168,137,-0.0
168,138,-1.0
168,139,-1.0
168,140,-2.0
168,141,-2.0
168,142,-3.0
168,143,-4.0
168,144,-4.0
168,145,-4.0
168,146,-4.0
168,147,-4.0
168,148,-4.0
168,149,-4.0
168,150,-3.0
168,151,-3.0
168,152,-4.0
168,153,-3.0
168,154,-3.0
168,155,-3.0
168,156,-2.0
168,157,-2.0
168,158,-2.0
168,159,-0.0
168,160,-0.0
168,161,-0.0
168,162,0.0
168,163,1.0
168,164,1.0
168,165,1.0
168,166,1.0
168,167,1.0
168,168,1.0
168,169,1.0
168,170,0.0
168,171,0.0
168,172,0.0
168,173,0.0
168,174,0.0
168,175,0.0
168,176,0.0
168,177,0.0
168,178,-3.0
168,179,-5.0
168,180,-9.0
168,181,-13.0
168,182,-14.0
168,183,-18.0
168,184,-21.0
168,185,-25.0
168,186,-27.0
168,187,-30.0
168,188,-33.0
168,189,-37.0
168,190,-39.0
168,191,-41.0
168,192,-45.0
168,193,-48.0
168,194,-51.0
168,195,-54.0
168,196,-57.0
168,197,-60.0
168,198,-63.0
168,199,-66.0
168,200,-69.0
168,201,-71.0
168,202,-75.0
168,203,-78.0
168,204,-81.0
168,205,-84.0
168,206,-87.0
168,207,-90.0
168,208,-93.0
168,209,-96.0
168,210,-98.0
168,211,-102.0
168,212,-105.0
168,213,-108.0
168,214,-111.0
168,215,-114.0
168,216,-117.0
168,217,-119.0
168,218,-123.0
168,219,-124.0
168,220,-123.0
168,221,-123.0
168,222,-69.0
168,223,-28.0
168,224,-28.0
168,225,-28.0
168,226,-28.0
168,227,-28.0
168,228,-28.0
168,229,-28.0
168,230,-28.0
168,231,-27.0
168,232,10.0
168,233,28.0
168,234,-125.0
168,235,-125.0
168,254,-114.0
168,255,-113.0
168,256,-113.0
168,257,-114.0
168,276,-127.0
168,277,-127.0
168,278,-127.0
168,279,-127.0
168,280,-128.0
168,281,-128.0
168,282,-128.0
168,283,-128.0
168,284,-128.0
168,285,-128.0
168,286,-128.0
168,287,-128.0
168,288,-127.0
168,289,-127.0
168,290,-127.0
168,291,-126.0
168,292,-126.0
168,293,-125.0
168,294,-124.0
168,295,-123.0
168,296,-122.0
168,297,-120.0
168,298,-119.0
168,299,-117.0
169,12,78.0
169,13,77.0
169,14,77.0
169,15,76.0
169,16,76.0
169,17,77.0
169,18,78.0
169,19,79.0
169,20,79.0
169,21,80.0
169,22,80.0
169,23,80.0
169,24,81.0
169,25,80.0
169,26,79.0
169,27,81.0
169,28,81.0
169,29,81.0
169,30,82.0
169,32,199.0
169,33,72.0
169,34,71.0
169,35,68.0
169,36,69.0
169,37,70.0
169,38,68.0
169,39,69.0
169,40,69.0
169,41,69.0
169,42,69.0
169,43,69.0
169,44,69.0
169,45,70.0
169,46,71.0
169,47,72.0
169,48,76.0
169,49,80.0
169,50,81.0
169,51,81.0
169,52,81.0
169,53,84.0
169,54,119.0
169,55,138.0
169,56,134.0
169,57,139.0
169,58,128.0
169,59,32.0
169,60,1.0
169,61,1.0
169,62,41.0
169,63,1.0
169,64,11.0
169,65,1.0
169,66,1.0
169,67,6.0
169,68,9.0
169,69,9.0
169,70,9.0
169,135,2.0
169,136,1.0
169,137,-0.0
169,138,-1.0
169,139,-1.0
169,140,-2.0
169,141,-2.0
169,142,-3.0
169,143,-4.0
169,144,-4.0
169,145,-4.0
169,146,-3.0
169,147,-3.0
169,148,-3.0
169,149,-3.0
169,150,-3.0
169,151,-3.0
169,152,-3.0
169,153,-3.0
169,154,-3.0
169,155,-2.0
169,156,-2.0
169,157,-1.0
169,158,-0.0
169,159,1.0
169,160,1.0
169,161,1.0
169,162,1.0
169,163,1.0
169,164,1.0
169,165,2.0
169,166,2.0
169,167,2.0
169,168,1.0
169,169,1.0
169,170,1.0
169,171,0.0
169,172,0.0
169,173,0.0
169,174,0.0
169,175,0.0
169,176,0.0
169,177,0.0
169,178,-3.0
169,179,-6.0
169,180,-8.0
169,181,-12.0
169,182,-15.0
169,183,-18.0
169,184,-21.0
169,185,-24.0
169,186,-27.0
169,187,-30.0
169,188,-33.0
169,189,-36.0
169,190,-39.0
169,191,-42.0
169,192,-45.0
169,193,-48.0
169,194,-51.0
169,195,-54.0
169,196,-57.0
169,197,-60.0
169,198,-63.0
169,199,-67.0
169,200,-70.0
169,201,-72.0
169,202,-74.0
169,203,-78.0
169,204,-81.0
169,205,-84.0
169,206,-87.0
169,207,-90.0
169,208,-93.0
169,209,-96.0
169,210,-99.0
169,211,-102.0
169,212,-105.0
169,213,-108.0
169,214,-110.0
169,215,-114.0
169,216,-118.0
169,217,-120.0
169,218,-123.0
169,219,-123.0
169,220,-123.0
169,221,-123.0
169,222,-69.0
169,223,-28.0
169,224,-28.0
169,225,-28.0
169,226,-28.0
169,227,-28.0
169,228,-6.0
169,229,47.0
169,230,-28.0
169,231,14.0
169,232,33.0
169,233,35.0
169,234,-125.0
169,235,-125.0
169,254,-108.0
169,255,-109.0
169,256,-109.0
169,257,-109.0
169,276,-126.0
169,277,-127.0
169,278,-127.0
169,279,-127.0
169,280,-128.0
169,281,-128.0
169,282,-128.0
169,283,-128.0
169,284,-128.0
169,285,-128.0
169,286,-128.0
169,287,-127.0
169,288,-127.0
169,289,-127.0
169,290,-127.0
169,291,-126.0
169,292,-126.0
169,293,-125.0
169,294,-124.0
169,295,-123.0
169,296,-123.0
169,297,-121.0
169,298,-120.0
169,299,-118.0
170,12,74.0
170,13,75.0
170,14,74.0
170,15,73.0
170,16,72.0
170,17,76.0
170,18,76.0
170,19,78.0
170,20,75.0
170,21,77.0
170,22,77.0
170,24,76.0
170,25,76.0
170,26,77.0
170,27,78.0
170,28,79.0
170,29,146.0
170,30,79.0
170,31,76.0
170,32,137.0
170,33,68.0
170,34,68.0
170,35,135.0
170,36,66.0
170,37,66.0
170,38,66.0
170,39,65.0
170,40,65.0
170,41,66.0
170,42,66.0
170,43,66.0
170,44,66.0
170,45,67.0
170,46,68.0
170,47,69.0
170,48,73.0
170,49,77.0
170,50,78.0
170,51,78.0
170,52,79.0
170,53,97.0
170,54,120.0
170,55,134.0
170,56,131.0
170,57,141.0
170,58,133.0
170,59,60.0
170,60,1.0
170,61,36.0
170,62,1.0
170,63,1.0
170,64,1.0
170,65,1.0
170,66,1.0
170,67,6.0
170,68,9.0
170,69,9.0
170,70,9.0
170,135,2.0
170,136,1.0
170,137,-0.0
170,138,-1.0
170,139,-2.0
170,140,-1.0
170,141,-2.0
170,142,-3.0
170,143,-4.0
170,144,-4.0
170,145,-3.0
170,146,-3.0
170,147,-3.0
170,148,-3.0
170,149,-3.0
170,150,-3.0
170,151,-3.0
170,152,-3.0
170,153,-3.0
170,154,-2.0
170,155,-2.0
170,156,-1.0
170,157,-1.0
170,158,1.0
170,159,1.0
170,160,1.0
170,161,1.0
170,162,1.0
170,163,1.0
170,164,1.0
170,165,2.0
170,166,2.0
170,167,2.0
170,168,1.0
170,169,1.0
170,170,1.0
170,171,0.0
170,172,0.0
170,173,0.0
170,174,0.0
170,175,0.0
170,176,0.0
170,177,0.0
170,178,-3.0
170,179,-6.0
170,180,-8.0
170,181,-11.0
170,182,-15.0
170,183,-18.0
170,184,-20.0
170,185,-24.0
170,186,-27.0
170,187,-29.0
170,188,-33.0
170,189,-36.0
170,190,-39.0
170,191,-42.0
170,192,-45.0
170,193,-48.0
170,194,-51.0
170,195,-54.0
170,196,-57.0
170,197,-60.0
170,198,-63.0
170,199,-66.0
170,200,-68.0
170,201,-71.0
170,202,-75.0
170,203,-78.0
170,204,-81.0
170,205,-84.0
170,206,-87.0
170,207,-90.0
170,208,-94.0
170,209,-96.0
170,210,-99.0
170,211,-102.0
170,212,-105.0
170,213,-108.0
170,214,-111.0
170,215,-114.0
170,216,-117.0
170,217,-120.0
170,218,-123.0
170,219,-123.0
170,220,-123.0
170,221,-123.0
170,222,-69.0
170,223,-28.0
170,224,-28.0
170,225,-22.0
170,226,-28.0
170,227,-15.0
170,228,-10.0
170,229,-28.0
170,230,-28.0
170,231,-28.0
170,232,-28.0
170,233,44.0
170,234,-125.0
170,235,-125.0
170,254,-104.0
170,255,-105.0
170,256,-104.0
170,257,-105.0
170,276,-126.0
170,277,-126.0
170,278,-127.0
170,279,-127.0
170,280,-127.0
170,281,-128.0
170,282,-128.0
170,283,-128.0
170,284,-127.0
170,285,-127.0
170,286,-127.0
170,287,-127.0
170,288,-127.0
170,289,-127.0
170,290,-126.0
170,291,-126.0
170,292,-126.0
170,293,-125.0
170,294,-124.0
170,295,-123.0
170,296,-123.0
170,297,-121.0
170,298,-120.0
170,299,-118.0
171,12,73.0
171,13,71.0
171,14,71.0
171,15,70.0
171,16,70.0
171,17,72.0
171,18,73.0
171,19,74.0
171,20,74.0
171,21,74.0
171,22,73.0
171,23,75.0
171,24,74.0
171,25,74.0
171,26,73.0
171,27,75.0
171,28,137.0
171,29,74.0
171,30,75.0
171,31,71.0
171,32,209.0
171,33,64.0
171,34,65.0
171,35,63.0
171,36,64.0
171,37,63.0
171,38,63.0
171,39,61.0
171,40,62.0
171,41,63.0
171,42,63.0
171,43,63.0
171,44,63.0
171,45,64.0
171,46,65.0
171,47,66.0
171,48,71.0
171,49,74.0
171,50,75.0
171,51,75.0
171,52,74.0
171,53,85.0
171,54,130.0
171,55,116.0
171,56,129.0
171,57,140.0
171,58,121.0
171,59,1.0
171,60,1.0
171,61,1.0
171,62,1.0
171,63,1.0
171,64,1.0
171,65,1.0
171,66,1.0
171,67,5.0
171,68,9.0
171,69,9.0
171,70,9.0
171,135,1.0
171,136,0.0
171,137,-0.0
171,138,-1.0
171,139,-2.0
171,140,-2.0
171,141,-2.0
171,142,-3.0
171,143,-3.0
171,144,-3.0
171,145,-3.0
171,146,-3.0
171,147,-3.0
171,148,-3.0
171,149,-3.0
171,150,-3.0
171,151,-2.0
171,152,-2.0
171,153,-2.0
171,154,-1.0
171,155,-0.0
171,156,0.0
171,157,1.0
171,158,2.0
171,159,2.0
171,160,2.0
171,161,2.0
171,162,1.0
171,163,1.0
171,164,1.0
171,165,2.0
171,166,2.0
171,167,2.0
171,168,1.0
171,169,1.0
171,170,1.0
171,171,1.0
171,172,0.0
171,173,0.0
171,174,0.0
171,175,0.0
171,176,0.0
171,177,0.0
171,178,-2.0
171,179,-5.0
171,180,-8.0
171,181,-12.0
171,182,-14.0
171,183,-17.0
171,184,-20.0
171,185,-23.0
171,186,-27.0
171,187,-30.0
171,188,-32.0
171,189,-36.0
171,190,-39.0
171,191,-42.0
171,192,-45.0
171,193,-47.0
171,194,-51.0
171,195,-54.0
171,196,-57.0
171,197,-60.0
171,198,-63.0
171,199,-66.0
171,200,-69.0
171,201,-72.0
171,202,-75.0
171,203,-78.0
171,204,-81.0
171,205,-84.0
171,206,-87.0
171,207,-90.0
171,208,-93.0
171,209,-96.0
171,210,-99.0
171,211,-102.0
171,212,-104.0
171,213,-109.0
171,214,-111.0
171,215,-114.0
171,216,-117.0
171,217,-120.0
171,218,-123.0
171,219,-123.0
171,220,-123.0
171,221,-123.0
171,222,-59.0
171,223,-28.0
171,224,-28.0
171,225,-28.0
171,226,-6.0
171,227,-28.0
171,228,-28.0
171,229,-28.0
171,230,-28.0
171,231,-28.0
171,232,-28.0
171,233,-2.0
171,234,-125.0
171,235,-125.0
171,254,-100.0
171,255,-101.0
171,256,-102.0
171,257,-101.0
171,276,-126.0
171,277,-126.0
171,278,-127.0
171,279,-127.0
171,280,-128.0
171,281,-128.0
171,282,-127.0
171,283,-127.0
171,284,-127.0
171,285,-127.0
171,286,-127.0
171,287,-127.0
171,288,-127.0
171,289,-126.0
171,290,-126.0
171,291,-126.0
171,292,-126.0
171,293,-125.0
171,294,-125.0
171,295,-124.0
171,296,-123.0
171,297,-122.0
171,298,-120.0
171,299,-119.0
172,12,68.0
172,13,66.0
172,14,67.0
172,15,67.0
172,16,67.0
172,17,70.0
172,18,71.0
172,19,72.0
172,20,71.0
172,21,72.0
172,22,72.0
172,23,72.0
172,24,71.0
172,25,71.0
172,26,71.0
172,27,72.0
172,28,73.0
172,29,73.0
172,30,73.0
172,31,209.0
172,32,66.0
172,33,61.0
172,34,62.0
172,35,60.0
172,36,59.0
172,37,60.0
172,38,58.0
172,39,60.0
172,40,59.0
172,41,59.0
172,42,60.0
172,43,60.0
172,44,60.0
172,45,62.0
172,46,63.0
172,47,63.0
172,48,68.0
172,49,71.0
172,50,72.0
172,51,72.0
172,52,71.0
172,53,86.0
172,54,110.0
172,55,104.0
172,56,111.0
172,57,128.0
172,58,141.0
172,59,0.0
172,60,0.0
172,61,84.0
172,62,0.0
172,63,0.0
172,64,1.0
172,65,1.0
172,66,1.0
172,67,6.0
172,68,9.0
172,69,9.0
172,70,9.0
172,135,-0.0
172,136,-0.0
172,137,-1.0
172,138,-1.0
172,139,-3.0
172,140,-3.0
172,141,-3.0
172,142,-3.0
172,143,-3.0
172,144,-3.0
172,145,-3.0
172,146,-3.0
172,147,-3.0
172,148,-3.0
172,149,-2.0
172,150,-2.0
172,151,-2.0
172,152,-2.0
172,153,-2.0
172,154,-1.0
172,155,-0.0
172,156,1.0
172,157,1.0
172,158,2.0
172,159,2.0
172,160,2.0
172,161,2.0
172,162,2.0
172,163,2.0
172,164,2.0
172,165,1.0
172,166,1.0
172,167,1.0
172,168,1.0
172,169,1.0
172,170,1.0
172,171,55.0
172,172,32.0
172,173,32.0
172,174,32.0
172,175,52.0
172,176,55.0
172,177,49.0
172,178,42.0
172,179,39.0
172,180,50.0
172,181,45.0
172,182,32.0
172,183,32.0
172,184,32.0
172,185,37.0
172,186,32.0
172,187,32.0
172,188,32.0
172,189,32.0
172,190,32.0
172,191,32.0
172,192,32.0
172,193,32.0
172,194,32.0
172,195,32.0
172,196,32.0
172,197,32.0
172,198,32.0
172,199,32.0
172,200,32.0
172,201,32.0
172,202,32.0
172,203,32.0
172,204,32.0
172,205,32.0
172,206,32.0
172,207,43.0
172,208,43.0
172,209,32.0
172,210,32.0
172,211,32.0
172,212,32.0
172,213,32.0
172,214,32.0
172,215,32.0
172,216,32.0
172,219,32.0
172,220,33.0
172,221,32.0
172,222,32.0
172,223,32.0
172,224,32.0
172,225,32.0
172,226,32.0
172,227,32.0
172,228,32.0
172,229,32.0
172,230,32.0
172,231,32.0
172,232,32.0
172,233,32.0
172,234,32.0
172,235,32.0
172,276,-126.0
172,277,-126.0
172,278,-127.0
172,279,-127.0
172,280,-127.0
172,281,-127.0
172,282,-127.0
172,283,-127.0
172,284,-127.0
172,285,-127.0
172,286,-127.0
172,287,-127.0
172,288,-127.0
172,289,-126.0
172,290,-126.0
172,291,-126.0
172,292,-126.0
172,293,-125.0
172,294,-125.0
172,295,-124.0
172,296,-123.0
172,297,-122.0
172,298,-121.0
172,299,-119.0
173,12,65.0
173,13,65.0
173,14,65.0
173,15,63.0
173,16,64.0
173,17,66.0
173,18,67.0
173,19,69.0
173,21,68.0
173,23,67.0
173,24,69.0
173,25,69.0
173,27,69.0
173,28,69.0
173,30,69.0
173,31,206.0
173,32,59.0
173,34,58.0
173,35,56.0
173,36,55.0
173,37,56.0
173,38,55.0
173,39,56.0
173,40,56.0
173,41,57.0
173,42,56.0
173,43,57.0
173,44,57.0
173,45,58.0
173,46,59.0
173,47,60.0
173,48,64.0
173,49,68.0
173,50,69.0
173,51,69.0
173,52,69.0
173,53,69.0
173,54,108.0
173,55,116.0
173,56,114.0
173,57,104.0
173,58,143.0
173,59,0.0
173,60,0.0
173,61,0.0
173,62,0.0
173,63,0.0
173,64,0.0
173,65,0.0
173,66,0.0
173,67,3.0
173,68,9.0
173,69,9.0
173,135,-1.0
173,136,-1.0
173,137,-1.0
173,138,-2.0
173,139,-2.0
173,140,-2.0
173,141,-3.0
173,142,-3.0
173,143,-3.0
173,144,-3.0
173,145,-3.0
173,146,-2.0
173,147,-2.0
173,148,-2.0
173,149,-2.0
173,150,-2.0
173,151,-2.0
173,152,-2.0
173,153,-1.0
173,154,-1.0
173,155,-1.0
173,157,1.0
173,158,2.0
173,159,2.0
173,160,2.0
173,161,2.0
173,162,2.0
173,163,2.0
173,164,2.0
173,165,2.0
173,166,2.0
173,167,2.0
173,168,1.0
173,169,1.0
173,170,1.0
173,174,32.0
173,175,32.0
173,176,32.0
173,177,43.0
173,178,32.0
173,179,32.0
173,180,32.0
173,181,32.0
173,182,32.0
173,183,32.0
173,184,32.0
173,185,32.0
173,186,32.0
173,187,32.0
173,188,32.0
173,189,32.0
173,190,32.0
173,191,32.0
173,192,32.0
173,193,32.0
173,194,32.0
173,195,32.0
173,196,32.0
173,197,32.0
173,198,32.0
173,199,32.0
173,200,32.0
173,201,32.0
173,202,32.0
173,203,32.0
173,204,32.0
173,205,32.0
173,206,32.0
173,207,32.0
173,208,32.0
173,209,32.0
173,210,32.0
173,211,32.0
173,212,32.0
173,213,32.0
173,214,32.0
173,215,32.0
173,216,32.0
173,217,32.0
173,218,32.0
173,219,32.0
173,220,32.0
173,221,32.0
173,222,32.0
173,223,32.0
173,224,32.0
173,225,32.0
173,226,32.0
173,227,32.0
173,228,32.0
173,229,32.0
173,230,32.0
173,231,32.0
173,232,32.0
173,233,32.0
173,234,32.0
173,235,32.0
173,276,-126.0
173,277,-126.0
173,278,-127.0
173,279,-127.0
173,280,-127.0
173,281,-127.0
173,282,-127.0
173,283,-127.0
173,284,-127.0
173,285,-127.0
173,286,-127.0
173,287,-127.0
173,288,-127.0
173,289,-126.0
173,290,-126.0
173,291,-126.0
173,292,-126.0
173,293,-125.0
173,294,-124.0
173,295,-123.0
173,296,-122.0
173,297,-122.0
173,298,-120.0
173,299,-120.0
174,12,61.0
174,13,61.0
174,14,59.0
174,15,59.0
174,16,61.0
174,18,79.0
174,19,64.0
174,21,106.0
174,22,65.0
174,23,64.0
174,24,65.0
174,27,65.0
174,28,67.0
174,29,66.0
174,31,132.0
174,32,58.0
174,33,56.0
174,34,53.0
174,35,52.0
174,36,52.0
174,37,54.0
174,38,52.0
174,39,53.0
174,40,53.0
174,41,53.0
174,42,53.0
174,43,53.0
174,44,54.0
174,45,55.0
174,46,56.0
174,47,58.0
174,48,61.0
174,49,65.0
174,50,66.0
174,51,66.0
174,52,66.0
174,53,65.0
174,54,104.0
174,55,136.0
174,56,105.0
174,57,137.0
174,58,135.0
174,59,0.0
174,60,0.0
174,61,0.0
174,62,0.0
174,63,0.0
174,64,0.0
174,65,0.0
174,66,0.0
174,67,3.0
174,68,9.0
174,69,9.0
174,135,-0.0
174,136,-1.0
174,137,-1.0
174,138,-1.0
174,139,-2.0
174,140,-2.0
174,141,-2.0
174,142,-3.0
174,143,-3.0
174,144,-3.0
174,145,-2.0
174,146,-2.0
174,147,-2.0
174,148,-2.0
174,149,-2.0
174,150,-2.0
174,151,-2.0
174,152,-1.0
174,153,-1.0
174,158,2.0
174,159,2.0
174,160,2.0
174,161,2.0
174,162,2.0
174,163,2.0
174,164,2.0
174,165,2.0
174,166,2.0
174,167,2.0
174,168,1.0
174,169,1.0
174,170,1.0
174,174,32.0
174,175,32.0
174,176,37.0
174,177,32.0
174,178,32.0
174,179,32.0
174,180,32.0
174,181,32.0
174,182,32.0
174,183,32.0
174,184,32.0
174,185,32.0
174,186,32.0
174,187,32.0
174,188,32.0
174,189,32.0
174,190,32.0
174,191,32.0
174,192,32.0
174,193,32.0
174,194,32.0
174,195,32.0
174,196,32.0
174,197,32.0
174,198,32.0
174,199,32.0
174,200,32.0
174,201,32.0
174,202,32.0
174,203,32.0
174,204,32.0
174,205,32.0
174,206,32.0
174,207,32.0
174,208,32.0
174,209,32.0
174,210,32.0
174,211,32.0
174,212,32.0
174,213,32.0
174,214,32.0
174,215,32.0
174,216,32.0
174,217,32.0
174,218,32.0
174,219,32.0
174,220,32.0
174,221,32.0
174,222,32.0
174,223,32.0
174,224,32.0
174,225,32.0
174,226,32.0
174,227,32.0
174,228,32.0
174,229,32.0
174,230,32.0
174,231,32.0
174,232,32.0
174,233,32.0
174,234,32.0
174,235,32.0
174,276,-126.0
174,277,-126.0
174,278,-126.0
174,279,-127.0
174,280,-127.0
174,281,-127.0
174,282,-127.0
174,283,-127.0
174,284,-127.0
174,285,-127.0
174,286,-127.0
174,287,-127.0
174,288,-126.0
174,289,-126.0
174,290,-126.0
174,291,-126.0
174,292,-125.0
174,293,-125.0
174,294,-124.0
174,295,-123.0
174,296,-123.0
174,297,-121.0
174,298,-121.0
174,299,-120.0
175,12,57.0
175,13,58.0
175,14,56.0
175,16,59.0
175,17,60.0
175,18,62.0
175,19,80.0
175,20,62.0
175,21,66.0
175,24,62.0
175,28,77.0
175,29,63.0
175,30,64.0
175,31,60.0
175,32,56.0
175,33,52.0
175,34,54.0
175,35,51.0
175,36,91.0
175,37,51.0
175,39,49.0
175,40,50.0
175,41,50.0
175,42,51.0
175,43,50.0
175,44,51.0
175,45,52.0
175,46,53.0
175,47,54.0
175,48,58.0
175,49,62.0
175,50,62.0
175,51,63.0
175,52,62.0
175,53,61.0
175,54,104.0
175,55,127.0
175,56,125.0
175,57,135.0
175,58,138.0
175,59,0.0
175,60,0.0
175,61,78.0
175,62,0.0
175,63,0.0
175,64,0.0
175,65,0.0
175,66,0.0
175,67,4.0
175,68,9.0
175,69,9.0
175,135,-0.0
175,136,-1.0
175,137,-1.0
175,138,-1.0
175,139,-2.0
175,140,-2.0
175,141,-2.0
175,142,-2.0
175,143,-2.0
175,144,-2.0
175,145,-2.0
175,146,-2.0
175,147,-2.0
175,148,-2.0
175,149,-2.0
175,150,-1.0
175,151,-1.0
175,152,-1.0
175,153,-1.0
175,157,44.0
175,158,2.0
175,159,2.0
175,160,16.0
175,161,2.0
175,162,2.0
175,163,2.0
175,164,2.0
175,165,2.0
175,166,2.0
175,167,2.0
175,168,1.0
175,169,1.0
175,170,1.0
175,175,32.0
175,176,32.0
175,177,32.0
175,178,32.0
175,179,32.0
175,180,32.0
175,181,32.0
175,182,32.0
175,183,32.0
175,184,32.0
175,185,32.0
175,186,32.0
175,187,32.0
175,188,32.0
175,189,32.0
175,190,32.0
175,191,32.0
175,192,32.0
175,193,32.0
175,194,32.0
175,195,32.0
175,196,32.0
175,197,32.0
175,198,32.0
175,199,32.0
175,200,32.0
175,201,32.0
175,202,32.0
175,203,32.0
175,204,32.0
175,205,32.0
175,206,32.0
175,207,32.0
175,208,32.0
175,209,32.0
175,210,32.0
175,211,32.0
175,212,32.0
175,213,32.0
175,214,32.0
175,215,32.0
175,216,32.0
175,217,32.0
175,218,32.0
175,219,32.0
175,220,32.0
175,221,32.0
175,222,32.0
175,223,32.0
175,224,32.0
175,225,32.0
175,226,32.0
175,227,32.0
175,228,32.0
175,229,32.0
175,230,32.0
175,231,32.0
175,232,32.0
175,233,32.0
175,234,32.0
175,235,32.0
175,276,-125.0
175,277,-126.0
175,278,-126.0
175,279,-127.0
175,280,-127.0
175,281,-127.0
175,282,-127.0
175,283,-127.0
175,284,-127.0
175,285,-127.0
175,286,-127.0
175,287,-127.0
175,288,-126.0
175,289,-126.0
175,290,-126.0
175,291,-125.0
175,292,-125.0
175,293,-54.0
176,12,54.0
176,14,53.0
176,16,55.0
176,18,58.0
176,19,58.0
176,20,93.0
176,21,80.0
176,22,59.0
176,23,86.0
176,25,59.0
176,26,80.0
176,27,81.0
176,28,69.0
176,29,61.0
176,30,60.0
176,31,117.0
176,32,52.0
176,33,49.0
176,34,50.0
176,35,47.0
176,36,48.0
176,37,48.0
176,38,46.0
176,39,46.0
176,40,47.0
176,41,47.0
176,42,48.0
176,43,49.0
176,44,48.0
176,45,49.0
176,46,50.0
176,47,51.0
176,48,55.0
176,49,59.0
176,50,59.0
176,51,60.0
176,52,59.0
176,53,59.0
176,54,104.0
176,55,109.0
176,56,131.0
176,57,104.0
176,58,135.0
176,59,0.0
176,60,0.0
176,61,0.0
176,62,0.0
176,63,0.0
176,64,0.0
176,65,0.0
176,66,0.0
176,67,4.0
176,68,9.0
176,135,2.0
176,136,2.0
176,137,2.0
176,138,-1.0
176,139,-1.0
176,140,-2.0
176,141,-2.0
176,142,-2.0
176,143,-2.0
176,144,-2.0
176,145,-2.0
176,146,-2.0
176,147,-2.0
176,148,-1.0
176,149,-1.0
176,150,-1.0
176,151,-1.0
176,152,-1.0
176,153,-1.0
176,154,44.0
176,155,44.0
176,156,44.0
176,157,47.0
176,158,54.0
176,159,64.0
176,160,2.0
176,161,2.0
176,162,2.0
176,163,2.0
176,164,2.0
176,165,2.0
176,166,2.0
176,167,2.0
176,168,1.0
176,169,1.0
176,170,1.0
176,171,1.0
176,172,29.0
176,173,1.0
176,174,56.0
176,175,43.0
176,176,32.0
176,177,32.0
176,178,32.0
176,179,32.0
176,180,49.0
176,181,43.0
176,182,32.0
176,183,32.0
176,184,32.0
176,185,32.0
176,186,32.0
176,187,32.0
176,188,32.0
176,189,32.0
176,190,32.0
176,191,32.0
176,192,32.0
176,193,32.0
176,194,32.0
176,195,32.0
176,196,32.0
176,197,32.0
176,198,32.0
176,199,32.0
176,200,32.0
176,201,47.0
176,202,32.0
176,203,32.0
176,204,41.0
176,205,32.0
176,206,32.0
176,207,-0.0
176,208,32.0
176,209,32.0
176,210,32.0
176,211,32.0
176,212,32.0
176,213,32.0
176,214,32.0
176,215,32.0
176,216,32.0
176,217,32.0
176,218,32.0
176,219,32.0
176,220,32.0
176,221,32.0
176,222,32.0
176,223,32.0
176,224,32.0
176,225,32.0
176,226,32.0
176,227,32.0
176,228,32.0
176,229,32.0
176,230,32.0
176,231,32.0
176,232,32.0
176,233,32.0
176,234,32.0
176,235,32.0
176,276,-125.0
176,277,-125.0
176,278,-125.0
176,279,-126.0
176,280,-127.0
176,281,-127.0
176,282,-126.0
176,283,-127.0
176,284,-127.0
176,285,-127.0
176,286,-127.0
176,287,-127.0
176,288,-126.0
176,289,-126.0
176,290,-126.0
176,291,-125.0
176,292,-125.0
176,293,-54.0
177,12,52.0
177,14,50.0
177,16,53.0
177,18,55.0
177,19,99.0
177,20,55.0
177,22,95.0
177,23,56.0
177,25,54.0
177,26,56.0
177,27,56.0
177,28,57.0
177,30,61.0
177,31,56.0
177,32,49.0
177,33,46.0
177,34,46.0
177,35,45.0
177,36,46.0
177,37,45.0
177,38,44.0
177,39,44.0
177,40,44.0
177,41,44.0
177,42,45.0
177,43,44.0
177,44,45.0
177,45,46.0
177,46,48.0
177,47,48.0
177,48,53.0
177,49,56.0
177,50,56.0
177,51,56.0
177,52,56.0
177,53,56.0
177,54,85.0
177,55,116.0
177,56,124.0
177,57,104.0
177,58,128.0
177,59,0.0
177,60,0.0
177,61,0.0
177,62,0.0
177,63,10.0
177,64,0.0
177,65,0.0
177,66,0.0
177,67,6.0
177,68,9.0
177,135,2.0
177,136,2.0
177,137,2.0
177,138,2.0
177,139,-1.0
177,140,-1.0
177,141,-2.0
177,142,-2.0
177,143,-2.0
177,144,-2.0
177,145,-2.0
177,146,-1.0
177,147,-1.0
177,148,-1.0
177,149,-1.0
177,150,-1.0
177,151,-1.0
177,152,-1.0
177,153,53.0
177,156,58.0
177,157,53.0
177,158,55.0
177,159,56.0
177,160,1.0
177,161,1.0
177,162,2.0
177,163,2.0
177,164,2.0
177,165,2.0
177,166,2.0
177,167,2.0
177,168,1.0
177,169,1.0
177,170,1.0
177,171,1.0
177,172,1.0
177,173,1.0
177,174,1.0
177,175,1.0
177,176,1.0
177,177,1.0
177,178,1.0
177,179,1.0
177,180,1.0
177,181,1.0
177,182,1.0
177,183,1.0
177,184,1.0
177,185,1.0
177,186,11.0
177,187,8.0
177,188,1.0
177,189,1.0
177,190,2.0
177,191,2.0
177,192,2.0
177,193,2.0
177,194,2.0
177,195,21.0
177,196,1.0
177,197,1.0
177,198,1.0
177,199,1.0
177,200,0.0
177,201,0.0
177,202,-0.0
177,203,-0.0
177,204,-1.0
177,205,-1.0
177,206,-1.0
177,207,-0.0
177,208,-0.0
177,209,22.0
177,210,-0.0
177,211,4.0
177,212,0.0
177,213,0.0
177,214,29.0
177,215,24.0
177,216,30.0
177,217,31.0
177,218,22.0
177,219,0.0
177,220,0.0
177,221,51.0
177,222,7.0
177,223,28.0
177,224,30.0
177,225,31.0
177,226,32.0
177,227,32.0
177,228,32.0
177,229,27.0
177,230,30.0
177,231,31.0
177,232,31.0
177,233,31.0
177,234,1.0
177,235,30.0
177,276,-124.0
177,277,-124.0
177,278,-124.0
177,279,-125.0
177,280,-126.0
177,281,-126.0
177,282,-126.0
177,283,-126.0
177,284,-127.0
177,285,-127.0
177,286,-127.0
177,287,-127.0
177,288,-126.0
177,289,-126.0
177,290,-126.0
177,291,-125.0
177,292,-125.0
177,293,-54.0
178,12,48.0
178,18,108.0
178,19,52.0
178,20,53.0
178,23,88.0
178,24,54.0
178,25,51.0
178,27,53.0
178,28,54.0
178,29,55.0
178,30,145.0
178,31,53.0
178,32,45.0
178,34,44.0
178,35,42.0
178,36,42.0
178,37,42.0
178,38,41.0
178,39,42.0
178,40,41.0
178,41,42.0
178,42,41.0
178,43,42.0
178,44,43.0
178,45,43.0
178,46,44.0
178,47,45.0
178,48,50.0
178,49,53.0
178,50,53.0
178,51,54.0
178,52,54.0
178,53,53.0
178,54,81.0
178,55,116.0
178,56,129.0
178,57,117.0
178,58,121.0
178,59,1.0
178,60,1.0
178,61,1.0
178,62,8.0
178,63,0.0
178,64,0.0
178,65,0.0
178,66,0.0
178,67,6.0
178,68,9.0
178,135,2.0
178,136,2.0
178,137,2.0
178,138,2.0
178,139,-1.0
178,140,-1.0
178,141,-2.0
178,142,-2.0
178,143,-2.0
178,144,-2.0
178,145,-1.0
178,146,-1.0
178,147,-1.0
178,148,-1.0
178,149,-1.0
178,150,-1.0
178,151,-1.0
178,152,-0.0
178,153,-0.0
178,154,85.0
178,155,55.0
178,156,58.0
178,157,55.0
178,158,58.0
178,159,1.0
178,160,1.0
178,161,2.0
178,162,2.0
178,163,2.0
178,164,2.0
178,165,2.0
178,166,2.0
178,167,2.0
178,168,1.0
178,169,1.0
178,170,1.0
178,171,2.0
178,172,2.0
178,173,2.0
178,174,2.0
178,175,2.0
178,176,1.0
178,177,1.0
178,178,1.0
178,179,1.0
178,180,1.0
178,181,1.0
178,182,1.0
178,183,1.0
178,184,1.0
178,185,1.0
178,186,1.0
178,187,1.0
178,188,1.0
178,189,1.0
178,190,1.0
178,191,2.0
178,192,2.0
178,193,2.0
178,194,2.0
178,195,2.0
178,196,1.0
178,197,1.0
178,198,1.0
178,199,1.0
178,200,0.0
178,201,0.0
178,202,-0.0
178,203,-0.0
178,204,-1.0
178,205,-1.0
178,206,-1.0
178,207,-0.0
178,208,-0.0
178,209,-0.0
178,210,-0.0
178,211,0.0
178,212,0.0
178,213,0.0
178,214,0.0
178,215,0.0
178,216,0.0
178,217,0.0
178,218,0.0
178,219,0.0
178,220,0.0
178,221,0.0
178,222,6.0
178,223,0.0
178,224,14.0
178,225,-0.0
178,226,26.0
178,227,22.0
178,228,26.0
178,229,22.0
178,230,22.0
178,231,21.0
178,232,19.0
178,233,18.0
178,234,7.0
178,235,1.0
178,276,-123.0
178,277,-123.0
178,278,-123.0
178,279,-124.0
178,280,-124.0
178,281,-125.0
178,282,-126.0
178,283,-126.0
178,284,-126.0
178,285,-127.0
178,286,-127.0
178,287,-127.0
178,288,-126.0
178,289,-126.0
178,290,-126.0
178,291,-125.0
178,292,-125.0
178,293,-54.0
179,12,45.0
179,14,46.0
179,17,50.0
179,18,115.0
179,20,49.0
179,21,51.0
179,24,77.0
179,25,50.0
179,26,49.0
179,27,50.0
179,29,51.0
179,30,124.0
179,31,48.0
179,32,45.0
179,33,42.0
179,34,85.0
179,35,65.0
179,36,39.0
179,37,39.0
179,38,39.0
179,39,39.0
179,40,39.0
179,41,39.0
179,42,39.0
179,43,38.0
179,44,40.0
179,45,40.0
179,46,41.0
179,47,42.0
179,48,47.0
179,49,50.0
179,50,50.0
179,51,50.0
179,52,51.0
179,53,52.0
179,54,55.0
179,55,119.0
179,56,112.0
179,57,124.0
179,58,121.0
179,59,1.0
179,60,1.0
179,61,42.0
179,62,12.0
179,63,1.0
179,64,1.0
179,65,0.0
179,66,0.0
179,67,6.0
179,68,9.0
179,135,2.0
179,136,2.0
179,137,2.0
179,138,2.0
179,139,-1.0
179,140,-1.0
179,141,-1.0
179,142,-2.0
179,143,-2.0
179,144,-1.0
179,145,-1.0
179,146,-1.0
179,147,-1.0
179,148,-1.0
179,149,-1.0
179,150,-1.0
179,151,-1.0
179,152,-0.0
179,153,-0.0
179,154,51.0
179,155,56.0
179,156,50.0
179,157,67.0
179,158,65.0
179,159,1.0
179,160,1.0
179,161,2.0
179,162,2.0
179,163,2.0
179,164,2.0
179,165,2.0
179,166,2.0
179,167,2.0
179,168,1.0
179,169,2.0
179,170,2.0
179,171,2.0
179,172,2.0
179,173,2.0
179,174,2.0
179,175,2.0
179,176,2.0
179,177,2.0
179,178,2.0
179,179,1.0
179,180,1.0
179,181,1.0
179,182,1.0
179,183,1.0
179,184,1.0
179,185,1.0
179,186,1.0
179,187,1.0
179,188,1.0
179,189,1.0
179,190,1.0
179,191,2.0
179,192,2.0
179,193,2.0
179,194,2.0
179,195,2.0
179,196,1.0
179,197,1.0
179,198,1.0
179,199,1.0
179,200,0.0
179,201,-0.0
179,202,-0.0
179,203,-0.0
179,204,-1.0
179,205,-1.0
179,206,-1.0
179,207,-0.0
179,208,-0.0
179,209,-0.0
179,210,-0.0
179,211,0.0
179,212,0.0
179,213,0.0
179,214,0.0
179,215,0.0
179,216,0.0
179,217,0.0
179,218,0.0
179,219,0.0
179,220,0.0
179,221,0.0
179,222,0.0
179,223,-0.0
179,224,-0.0
179,225,4.0
179,226,-0.0
179,227,-0.0
179,228,13.0
179,229,-0.0
179,230,5.0
179,231,0.0
179,232,0.0
179,233,0.0
179,234,1.0
179,235,1.0
179,276,-123.0
179,277,-123.0
179,278,-123.0
179,279,-123.0
179,280,-124.0
179,281,-125.0
179,282,-125.0
179,283,-126.0
179,284,-126.0
179,285,-126.0
179,286,-127.0
179,287,-127.0
179,288,-126.0
179,289,-126.0
179,290,-126.0
179,291,-125.0
179,292,-125.0
179,293,-54.0
180,12,42.0
180,15,43.0
180,17,48.0
180,21,46.0
180,22,48.0
180,24,64.0
180,25,47.0
180,27,48.0
180,30,74.0
180,31,43.0
180,32,41.0
180,33,39.0
180,34,36.0
180,35,39.0
180,36,36.0
180,37,81.0
180,38,36.0
180,39,36.0
180,40,36.0
180,41,35.0
180,42,35.0
180,43,36.0
180,44,37.0
180,45,38.0
180,46,38.0
180,47,39.0
180,48,43.0
180,49,47.0
180,50,47.0
180,51,47.0
180,52,51.0
180,53,64.0
180,54,64.0
180,55,64.0
180,56,92.0
180,57,117.0
180,58,122.0
180,59,64.0
180,60,62.0
180,61,56.0
180,62,19.0
180,63,1.0
180,64,1.0
180,65,1.0
180,66,1.0
180,67,2.0
180,68,9.0
180,135,2.0
180,136,2.0
180,137,2.0
180,138,2.0
180,139,-1.0
180,140,-1.0
180,141,-1.0
180,142,-2.0
180,143,-1.0
180,144,-1.0
180,145,-1.0
180,146,-1.0
180,147,-1.0
180,148,-1.0
180,149,-1.0
180,150,-1.0
180,151,-0.0
180,152,-0.0
180,153,-0.0
180,154,-0.0
180,155,0.0
180,156,0.0
180,157,0.0
180,158,1.0
180,159,1.0
180,160,1.0
180,161,2.0
180,162,2.0
180,163,2.0
180,164,2.0
180,165,2.0
180,166,2.0
180,167,2.0
180,168,2.0
180,169,2.0
180,170,2.0
180,171,2.0
180,172,2.0
180,173,2.0
180,174,2.0
180,175,2.0
180,176,2.0
180,177,2.0
180,178,2.0
180,179,1.0
180,180,1.0
180,181,1.0
180,182,1.0
180,183,1.0
180,184,1.0
180,185,1.0
180,186,1.0
180,187,1.0
180,188,1.0
180,189,1.0
180,190,1.0
180,191,1.0
180,192,2.0
180,193,2.0
180,194,2.0
180,195,2.0
180,196,1.0
180,197,1.0
180,198,1.0
180,199,1.0
180,200,0.0
180,201,0.0
180,202,-0.0
180,203,-0.0
180,204,-1.0
180,205,-1.0
180,206,-1.0
180,207,-1.0
180,208,-0.0
180,209,-0.0
180,210,-0.0
180,211,0.0
180,212,0.0
180,213,0.0
180,214,0.0
180,215,0.0
180,216,0.0
180,217,0.0
180,218,0.0
180,219,0.0
180,220,0.0
180,221,0.0
180,222,-0.0
180,223,-0.0
180,224,-0.0
180,225,-0.0
180,226,-0.0
180,227,-0.0
180,228,-0.0
180,229,-0.0
180,230,-0.0
180,231,0.0
180,232,0.0
180,233,0.0
180,234,0.0
180,235,1.0
180,276,-122.0
180,277,-122.0
180,278,-122.0
180,279,-122.0
180,280,-124.0
180,281,-124.0
180,282,-125.0
180,283,-125.0
180,284,-126.0
180,285,-126.0
180,286,-127.0
180,287,-127.0
180,288,-126.0
180,289,-126.0
180,290,-126.0
180,291,-125.0
180,292,-125.0
180,293,-54.0
181,12,39.0
181,15,40.0
181,18,81.0
181,23,45.0
181,24,43.0
181,25,45.0
181,26,43.0
181,27,44.0
181,28,46.0
181,29,44.0
181,30,71.0
181,32,37.0
181,33,36.0
181,34,35.0
181,35,34.0
181,36,32.0
181,37,34.0
181,38,34.0
181,39,34.0
181,40,33.0
181,41,31.0
181,42,33.0
181,43,33.0
181,44,34.0
181,45,35.0
181,46,35.0
181,47,36.0
181,48,40.0
181,49,44.0
181,50,44.0
181,51,44.0
181,52,45.0
181,53,70.0
181,54,68.0
181,55,64.0
181,56,64.0
181,57,64.0
181,58,64.0
181,59,64.0
181,60,65.0
181,61,39.0
181,62,1.0
181,63,1.0
181,64,1.0
181,65,1.0
181,66,1.0
181,67,4.0
181,68,9.0
181,135,2.0
181,136,2.0
181,137,2.0
181,138,2.0
181,139,-1.0
181,140,-1.0
181,141,-1.0
181,142,-2.0
181,143,-1.0
181,144,-1.0
181,145,-1.0
181,146,-1.0
181,147,-1.0
181,148,-1.0
181,149,-1.0
181,150,-0.0
181,151,-0.0
181,152,-0.0
181,153,-0.0
181,154,0.0
181,155,0.0
181,156,0.0
181,157,1.0
181,158,1.0
181,159,2.0
181,160,2.0
181,161,2.0
181,162,2.0
181,163,2.0
181,164,2.0
181,165,2.0
181,166,2.0
181,167,2.0
181,168,2.0
181,169,2.0
181,170,2.0
181,171,2.0
181,172,2.0
181,173,2.0
181,174,2.0
181,175,2.0
181,176,2.0
181,177,2.0
181,178,2.0
181,179,2.0
181,180,1.0
181,181,1.0
181,182,1.0
181,183,1.0
181,184,1.0
181,185,1.0
181,186,1.0
181,187,1.0
181,188,1.0
181,189,1.0
181,190,1.0
181,191,1.0
181,192,1.0
181,193,2.0
181,194,2.0
181,195,1.0
181,196,1.0
181,197,1.0
181,198,1.0
181,199,1.0
181,200,0.0
181,201,0.0
181,202,-0.0
181,203,-0.0
181,204,-1.0
181,205,-1.0
181,206,-1.0
181,207,-1.0
181,208,-0.0
181,209,-0.0
181,210,-0.0
181,211,-0.0
181,212,0.0
181,213,0.0
181,214,0.0
181,215,0.0
181,216,0.0
181,217,0.0
181,218,0.0
181,219,0.0
181,220,0.0
181,221,-0.0
181,222,-0.0
181,223,-0.0
181,224,-0.0
181,225,-0.0
181,226,-0.0
181,227,-0.0
181,228,-0.0
181,229,-0.0
181,230,-0.0
181,231,0.0
181,232,0.0
181,233,0.0
181,234,0.0
181,235,1.0
181,282,-125.0
181,283,-125.0
181,284,-126.0
181,285,-126.0
181,286,-127.0
181,287,-127.0
181,288,-126.0
181,289,-126.0
181,290,-126.0
181,291,-126.0
181,292,-125.0
181,293,-54.0
182,12,36.0
182,13,35.0
182,16,38.0
182,18,118.0
182,19,42.0
182,21,43.0
182,25,40.0
182,27,41.0
182,28,41.0
182,29,43.0
182,30,42.0
182,32,33.0
182,33,33.0
182,34,31.0
182,35,31.0
182,36,30.0
182,37,51.0
182,38,30.0
182,39,29.0
182,41,30.0
182,42,28.0
182,43,30.0
182,44,30.0
182,45,31.0
182,46,31.0
182,47,33.0
182,48,37.0
182,49,40.0
182,50,41.0
182,51,41.0
182,52,46.0
182,53,75.0
182,54,89.0
182,55,99.0
182,56,76.0
182,57,64.0
182,58,64.0
182,59,64.0
182,60,64.0
182,61,1.0
182,62,1.0
182,63,1.0
182,64,1.0
182,65,1.0
182,66,1.0
182,67,3.0
182,68,9.0
182,135,2.0
182,136,2.0
182,137,2.0
182,138,2.0
182,139,-1.0
182,140,-1.0
182,141,-1.0
182,142,-1.0
182,143,-1.0
182,144,-1.0
182,145,-1.0
182,146,-1.0
182,147,-1.0
182,148,-1.0
182,149,-0.0
182,150,-0.0
182,151,-0.0
182,152,-0.0
182,153,0.0
182,154,0.0
182,155,1.0
182,156,1.0
182,157,1.0
182,158,2.0
182,159,2.0
182,160,2.0
182,161,2.0
182,162,2.0
182,163,2.0
182,164,2.0
182,165,2.0
182,166,2.0
182,167,2.0
182,168,2.0
182,169,2.0
182,170,2.0
182,171,2.0
182,172,2.0
182,173,2.0
182,174,2.0
182,175,2.0
182,176,2.0
182,177,2.0
182,178,2.0
182,179,2.0
182,180,2.0
182,181,2.0
182,182,1.0
182,183,1.0
182,184,1.0
182,185,1.0
182,186,1.0
182,187,1.0
182,188,1.0
182,189,1.0
182,190,1.0
182,191,1.0
182,192,1.0
182,193,1.0
182,194,1.0
182,195,1.0
182,196,1.0
182,197,1.0
182,198,1.0
182,199,1.0
182,200,0.0
182,201,0.0
182,202,-0.0
182,203,-0.0
182,204,-1.0
182,205,-1.0
182,206,-1.0
182,207,-1.0
182,208,-0.0
182,209,-0.0
182,210,-0.0
182,211,-0.0
182,212,0.0
182,213,0.0
182,214,0.0
182,215,0.0
182,216,0.0
182,217,0.0
182,218,0.0
182,219,0.0
182,220,0.0
182,221,-0.0
182,222,-0.0
182,223,-0.0
182,224,-0.0
182,225,-0.0
182,226,-0.0
182,227,-0.0
182,228,-0.0
182,229,-0.0
182,230,-0.0
182,231,0.0
182,232,0.0
182,233,0.0
182,234,0.0
182,235,1.0
182,282,-124.0
182,283,-125.0
182,284,-126.0
182,285,-126.0
182,286,-126.0
182,287,-127.0
182,288,-127.0
182,289,-126.0
182,290,-126.0
182,291,-126.0
182,292,-126.0
182,293,-54.0
183,13,34.0
183,19,110.0
183,22,40.0
183,23,37.0
183,26,39.0
183,28,39.0
183,30,40.0
183,31,34.0
183,32,29.0
183,33,29.0
183,34,28.0
183,35,27.0
183,36,26.0
183,38,26.0
183,39,28.0
183,40,26.0
183,41,26.0
183,42,26.0
183,43,26.0
183,44,27.0
183,45,28.0
183,46,28.0
183,47,30.0
183,48,34.0
183,49,38.0
183,50,38.0
183,51,38.0
183,52,45.0
183,53,63.0
183,54,89.0
183,55,99.0
183,56,107.0
183,57,72.0
183,58,64.0
183,59,64.0
183,60,62.0
183,61,1.0
183,62,1.0
183,63,1.0
183,64,1.0
183,65,1.0
183,66,1.0
183,67,3.0
183,68,9.0
183,135,2.0
183,136,1.0
183,137,-0.0
183,138,-0.0
183,139,-1.0
183,140,-1.0
183,141,-1.0
183,142,-1.0
183,143,-1.0
183,144,-1.0
183,145,-1.0
183,146,-1.0
183,147,-1.0
183,148,-1.0
183,149,-0.0
183,150,-0.0
183,151,-0.0
183,152,-0.0
183,217,0.0
183,218,0.0
183,219,0.0
183,220,-0.0
183,221,-0.0
183,222,-0.0
183,223,-0.0
183,224,-0.0
183,225,-0.0
183,226,-0.0
183,227,-0.0
183,228,-0.0
183,229,-0.0
183,230,-0.0
183,231,-0.0
183,232,0.0
183,233,0.0
183,234,0.0
183,235,1.0
183,282,-124.0
183,283,-125.0
183,284,-125.0
183,285,-126.0
183,286,-126.0
183,287,-127.0
183,288,-127.0
183,289,-127.0
183,290,-127.0
183,291,-126.0
183,292,-126.0
183,293,-54.0
184,13,32.0
184,16,35.0
184,20,68.0
184,24,34.0
184,25,36.0
184,27,38.0
184,28,35.0
184,29,36.0
184,30,37.0
184,31,34.0
184,32,28.0
184,33,25.0
184,35,24.0
184,36,23.0
184,37,24.0
184,38,22.0
184,39,24.0
184,40,23.0
184,41,24.0
184,42,23.0
184,43,22.0
184,44,23.0
184,45,24.0
184,46,26.0
184,47,27.0
184,48,30.0
184,49,34.0
184,50,35.0
184,51,35.0
184,52,40.0
184,53,71.0
184,54,83.0
184,55,100.0
184,56,103.0
184,57,106.0
184,58,64.0
184,59,64.0
184,60,64.0
184,61,2.0
184,62,1.0
184,63,1.0
184,64,1.0
184,65,1.0
184,66,1.0
184,67,1.0
184,68,9.0
184,135,2.0
184,136,0.0
184,137,-0.0
184,138,-0.0
184,139,-1.0
184,140,-1.0
184,141,-1.0
184,142,-1.0
184,143,-1.0
184,144,-1.0
184,145,-1.0
184,146,-1.0
184,147,-1.0
184,148,-1.0
184,149,-0.0
184,150,-0.0
184,151,-0.0
184,218,0.0
184,219,0.0
184,220,0.0
184,221,0.0
184,222,0.0
184,223,-0.0
184,224,-0.0
184,225,-0.0
184,226,-0.0
184,227,-0.0
184,228,-0.0
184,229,-0.0
184,230,-0.0
184,231,-0.0
184,232,0.0
184,233,0.0
184,234,0.0
184,235,1.0
184,282,-124.0
184,283,-125.0
184,284,-126.0
184,285,-126.0
184,286,-126.0
184,287,-127.0
184,288,-127.0
184,289,-127.0
184,290,-127.0
184,291,-127.0
184,292,-127.0
184,293,-80.0
185,14,30.0
185,17,33.0
185,20,88.0
185,21,32.0
185,25,32.0
185,26,32.0
185,29,33.0
185,30,34.0
185,31,29.0
185,33,22.0
185,34,21.0
185,36,20.0
185,37,20.0
185,38,20.0
185,39,20.0
185,40,21.0
185,41,19.0
185,42,19.0
185,43,20.0
185,44,20.0
185,45,21.0
185,46,22.0
185,47,24.0
185,48,28.0
185,49,32.0
185,50,32.0
185,51,32.0
185,52,33.0
185,53,70.0
185,54,85.0
185,55,98.0
185,56,99.0
185,57,105.0
185,58,69.0
185,59,51.0
185,60,54.0
185,61,2.0
185,62,2.0
185,63,2.0
185,64,1.0
185,65,1.0
185,66,1.0
185,67,5.0
185,68,9.0
185,135,2.0
185,136,1.0
185,137,-0.0
185,138,-0.0
185,139,-1.0
185,140,-1.0
185,141,-1.0
185,142,-1.0
185,143,-1.0
185,144,-1.0
185,145,-1.0
185,146,-1.0
185,147,-1.0
185,148,-1.0
185,149,-0.0
185,150,-0.0
185,219,1.0
185,220,0.0
185,221,0.0
185,222,0.0
185,223,0.0
185,224,-0.0
185,225,-0.0
185,226,-0.0
185,227,-0.0
185,228,-0.0
185,229,-0.0
185,230,-0.0
185,231,-0.0
185,232,0.0
185,233,0.0
185,234,0.0
185,235,1.0
185,236,1.0
185,237,1.0
185,238,1.0
185,239,2.0
185,240,2.0
185,241,2.0
185,282,-124.0
185,283,-125.0
185,284,-126.0
185,285,-126.0
185,286,-126.0
185,287,-127.0
185,288,-127.0
185,289,-127.0
185,290,-127.0
185,291,-127.0
185,292,-127.0
185,293,-91.0
185,294,-71.0
185,295,-54.0
185,296,-54.0
185,297,-54.0
186,14,28.0
186,18,29.0
186,20,73.0
186,22,30.0
186,26,30.0
186,27,30.0
186,30,29.0
186,31,27.0
186,32,23.0
186,33,21.0
186,34,19.0
186,35,19.0
186,36,39.0
186,38,17.0
186,39,18.0
186,40,19.0
186,41,17.0
186,42,17.0
186,43,17.0
186,44,17.0
186,45,18.0
186,46,19.0
186,47,21.0
186,48,25.0
186,49,29.0
186,50,29.0
186,51,29.0
186,52,30.0
186,53,30.0
186,54,87.0
186,55,94.0
186,56,96.0
186,57,102.0
186,58,103.0
186,59,62.0
186,60,44.0
186,61,2.0
186,62,2.0
186,63,2.0
186,64,1.0
186,65,1.0
186,66,1.0
186,67,5.0
186,135,1.0
186,136,1.0
186,137,-0.0
186,138,-0.0
186,139,-1.0
186,140,-1.0
186,141,-1.0
186,142,-1.0
186,143,-1.0
186,144,-1.0
186,145,-1.0
186,146,-1.0
186,147,-1.0
186,148,-1.0
186,149,-0.0
186,220,1.0
186,221,1.0
186,222,0.0
186,223,0.0
186,224,-0.0
186,225,-0.0
186,226,-0.0
186,227,-0.0
186,228,-0.0
186,229,-0.0
186,230,-0.0
186,231,-0.0
186,232,-0.0
186,233,0.0
186,234,0.0
186,235,1.0
186,236,1.0
186,237,1.0
186,238,1.0
186,239,2.0
186,240,2.0
186,241,2.0
186,282,-125.0
186,283,-125.0
186,284,-125.0
186,285,-126.0
186,286,-126.0
186,287,-127.0
186,288,-127.0
186,289,-127.0
186,290,-127.0
186,291,-127.0
186,292,-128.0
186,293,-128.0
186,294,-91.0
187,15,26.0
187,19,26.0
187,21,54.0
187,23,27.0
187,26,26.0
187,28,28.0
187,29,28.0
187,30,27.0
187,31,25.0
187,32,22.0
187,33,18.0
187,34,16.0
187,36,39.0
187,37,16.0
187,38,15.0
187,39,15.0
187,40,27.0
187,41,15.0
187,42,14.0
187,43,16.0
187,44,15.0
187,45,16.0
187,46,16.0
187,47,18.0
187,48,22.0
187,49,26.0
187,50,26.0
187,51,26.0
187,52,27.0
187,53,56.0
187,54,87.0
187,55,88.0
187,56,97.0
187,57,97.0
187,58,99.0
187,59,64.0
187,60,2.0
187,61,2.0
187,62,2.0
187,63,2.0
187,64,2.0
187,65,2.0
187,66,1.0
187,67,3.0
187,135,2.0
187,136,1.0
187,137,-0.0
187,138,-0.0
187,139,-1.0
187,140,-1.0
187,141,-1.0
187,142,-1.0
187,143,-1.0
187,144,-1.0
187,145,-1.0
187,146,-1.0
187,147,-1.0
187,148,-1.0
187,220,1.0
187,221,1.0
187,222,0.0
187,223,0.0
187,224,-0.0
187,225,-0.0
187,226,-0.0
187,227,-0.0
187,228,-0.0
187,229,-0.0
187,230,-0.0
187,231,-0.0
187,232,-0.0
187,233,0.0
187,234,0.0
187,235,1.0
187,236,1.0
187,237,1.0
187,238,1.0
187,239,2.0
187,240,2.0
187,241,2.0
187,282,-124.0
187,283,-125.0
187,284,-125.0
187,285,-126.0
187,286,-126.0
187,287,-127.0
187,288,-127.0
187,289,-127.0
187,290,-128.0
187,291,-128.0
187,292,-128.0
187,293,-128.0
187,294,-128.0
187,295,-127.0
187,296,-127.0
187,297,-127.0
187,298,-127.0
187,299,-127.0
188,15,23.0
188,20,23.0
188,21,33.0
188,24,24.0
188,25,23.0
188,26,22.0
188,32,18.0
188,33,14.0
188,34,13.0
188,36,14.0
188,37,14.0
188,38,13.0
188,39,13.0
188,40,11.0
188,41,13.0
188,42,13.0
188,43,12.0
188,44,13.0
188,45,13.0
188,46,13.0
188,47,16.0
188,48,19.0
188,49,23.0
188,50,24.0
188,51,24.0
188,52,24.0
188,53,33.0
188,54,64.0
188,55,92.0
188,56,95.0
188,57,97.0
188,58,97.0
188,59,92.0
188,60,53.0
188,61,2.0
188,62,2.0
188,63,2.0
188,64,2.0
188,65,2.0
188,66,1.0
188,67,2.0
188,135,2.0
188,136,0.0
188,137,-0.0
188,138,-0.0
188,139,-1.0
188,140,-1.0
188,141,-1.0
188,142,-1.0
188,143,-1.0
188,144,-1.0
188,145,-1.0
188,146,-1.0
188,147,-1.0
188,221,1.0
188,222,0.0
188,223,0.0
188,224,-0.0
188,225,-0.0
188,226,-0.0
188,227,-0.0
188,228,-0.0
188,229,-0.0
188,230,-0.0
188,231,-0.0
188,232,-0.0
188,233,0.0
188,234,0.0
188,235,1.0
188,236,1.0
188,237,1.0
188,238,1.0
188,239,2.0
188,240,2.0
188,241,2.0
188,282,-124.0
188,283,-125.0
188,284,-126.0
188,285,-126.0
188,286,-126.0
188,287,-127.0
188,288,-127.0
188,289,-128.0
188,290,-128.0
188,291,-128.0
188,292,-128.0
188,293,-128.0
188,294,-128.0
188,295,-128.0
188,296,-128.0
188,297,-128.0
188,298,-127.0
188,299,-127.0
189,16,21.0
189,20,21.0
189,22,21.0
189,26,21.0
189,33,14.0
189,34,11.0
189,35,11.0
189,36,10.0
189,37,10.0
189,38,11.0
189,39,10.0
189,40,8.0
189,41,8.0
189,42,8.0
189,43,10.0
189,44,10.0
189,45,10.0
189,46,12.0
189,47,12.0
189,48,18.0
189,49,21.0
189,50,21.0
189,51,21.0
189,52,21.0
189,53,22.0
189,54,21.0
189,55,87.0
189,56,89.0
189,57,92.0
189,58,94.0
189,59,64.0
189,60,81.0
189,61,8.0
189,62,2.0
189,63,2.0
189,64,2.0
189,65,2.0
189,66,1.0
189,135,2.0
189,136,0.0
189,137,-0.0
189,138,-1.0
189,139,-1.0
189,140,-1.0
189,141,-1.0
189,142,-1.0
189,143,-1.0
189,144,-1.0
189,145,-1.0
189,146,-1.0
189,147,-1.0
189,221,1.0
189,222,0.0
189,223,0.0
189,224,0.0
189,225,-0.0
189,226,-0.0
189,227,-0.0
189,228,-1.0
189,229,-1.0
189,230,-1.0
189,231,-0.0
189,232,-0.0
189,233,0.0
189,234,0.0
189,235,1.0
189,236,1.0
189,237,1.0
189,238,1.0
189,239,2.0
189,240,2.0
189,241,2.0
189,276,-50.0
189,277,-50.0
189,278,-121.0
189,279,-121.0
189,280,-50.0
189,281,-123.0
189,282,-125.0
189,283,-125.0
189,284,-126.0
189,285,-126.0
189,286,-127.0
189,287,-127.0
189,288,-127.0
189,289,-128.0
189,290,-128.0
189,291,-128.0
189,292,-128.0
189,293,-129.0
189,294,-129.0
189,295,-129.0
189,296,-128.0
189,297,-128.0
189,298,-127.0
189,299,-127.0
190,17,19.0
190,21,20.0
190,22,20.0
190,26,19.0
190,27,20.0
190,28,18.0
190,33,11.0
190,34,9.0
190,35,9.0
190,36,9.0
190,37,8.0
190,38,7.0
190,39,8.0
190,40,6.0
190,41,5.0
190,42,6.0
190,44,8.0
190,45,8.0
190,46,9.0
190,47,10.0
190,48,15.0
190,49,18.0
190,50,18.0
190,51,19.0
190,52,19.0
190,53,19.0
190,54,78.0
190,55,87.0
190,56,64.0
190,57,89.0
190,58,88.0
190,59,81.0
190,60,70.0
190,61,37.0
190,62,2.0
190,63,2.0
190,64,2.0
190,65,2.0
190,66,2.0
190,67,1.0
190,135,1.0
190,136,0.0
190,137,-1.0
190,138,-1.0
190,139,-1.0
190,140,-1.0
190,141,-1.0
190,142,-1.0
190,143,-1.0
190,144,-1.0
190,145,-1.0
190,146,-1.0
190,147,-1.0
190,221,1.0
190,222,0.0
190,223,0.0
190,224,0.0
190,225,-0.0
190,226,-0.0
190,227,-1.0
190,228,-1.0
190,229,-1.0
190,230,-1.0
190,231,-1.0
190,232,-0.0
190,233,-0.0
190,234,0.0
190,235,0.0
190,236,1.0
190,237,1.0
190,238,1.0
190,239,2.0
190,240,2.0
190,241,2.0
190,276,-122.0
190,277,-122.0
190,278,-122.0
190,279,-122.0
190,280,-123.0
190,281,-124.0
190,282,-125.0
190,283,-125.0
190,284,-126.0
190,285,-126.0
190,286,-127.0
190,287,-127.0
190,288,-128.0
190,289,-128.0
190,290,-128.0
190,291,-128.0
190,292,-129.0
190,293,-129.0
190,294,-129.0
190,295,-129.0
190,296,-128.0
190,297,-128.0
190,298,-127.0
190,299,-127.0
191,18,17.0
191,21,19.0
191,22,25.0
191,26,17.0
191,29,16.0
191,33,8.0
191,34,6.0
191,36,7.0
191,37,6.0
191,38,4.0
191,39,4.0
191,40,3.0
191,41,3.0
191,42,4.0
191,43,4.0
191,44,5.0
191,45,6.0
191,46,6.0
191,47,7.0
191,48,12.0
191,49,16.0
191,50,16.0
191,51,16.0
191,52,16.0
191,53,17.0
191,54,56.0
191,55,82.0
191,56,86.0
191,57,78.0
191,58,72.0
191,59,72.0
191,60,72.0
191,61,55.0
191,62,2.0
191,63,2.0
191,64,2.0
191,65,2.0
191,66,2.0
191,135,1.0
191,136,-0.0
191,137,-1.0
191,138,-1.0
191,139,-1.0
191,140,-1.0
191,141,-1.0
191,142,-2.0
191,143,-1.0
191,144,-1.0
191,145,-1.0
191,146,-1.0
191,147,-1.0
191,221,0.0
191,222,0.0
191,223,0.0
191,224,0.0
191,225,-0.0
191,226,-0.0
191,227,-1.0
191,228,-1.0
191,229,-1.0
191,230,-1.0
191,231,-1.0
191,232,-0.0
191,233,-0.0
191,234,0.0
191,235,0.0
191,236,1.0
191,237,1.0
191,238,1.0
191,239,2.0
191,240,2.0
191,241,2.0
191,276,-122.0
191,277,-122.0
191,278,-122.0
191,279,-122.0
191,280,-124.0
191,281,-125.0
191,282,-125.0
191,283,-126.0
191,284,-126.0
191,285,-127.0
191,286,-127.0
191,287,-127.0
191,288,-128.0
191,289,-128.0
191,290,-128.0
191,291,-129.0
191,292,-129.0
191,293,-129.0
191,294,-130.0
191,295,-129.0
191,296,-128.0
191,297,-128.0
191,298,-127.0
192,19,16.0
192,22,16.0
192,23,41.0
192,27,14.0
192,30,15.0
192,31,11.0
192,33,6.0
192,35,4.0
192,36,5.0
192,37,6.0
192,38,2.0
192,39,1.0
192,40,0.0
192,41,24.0
192,42,2.0
192,43,3.0
192,44,3.0
192,45,4.0
192,46,5.0
192,47,5.0
192,48,10.0
192,49,13.0
192,50,14.0
192,51,13.0
192,52,14.0
192,53,14.0
192,54,49.0
192,55,88.0
192,56,80.0
192,57,72.0
192,58,72.0
192,59,64.0
192,60,66.0
192,61,53.0
192,62,31.0
192,63,2.0
192,64,2.0
192,65,2.0
192,66,2.0
192,67,2.0
192,135,1.0
192,136,-0.0
192,137,-1.0
192,138,-1.0
192,139,-1.0
192,140,-1.0
192,141,-2.0
192,142,-2.0
192,143,-1.0
192,144,-1.0
192,145,-1.0
192,146,-1.0
192,147,-1.0
192,221,0.0
192,222,0.0
192,223,0.0
192,224,0.0
192,225,-0.0
192,226,-0.0
192,227,-1.0
192,228,-1.0
192,229,-1.0
192,230,-1.0
192,231,-1.0
192,232,-1.0
192,233,-0.0
192,234,0.0
192,235,0.0
192,236,1.0
192,237,1.0
192,238,1.0
192,239,2.0
192,240,2.0
192,241,2.0
192,276,-122.0
192,277,-123.0
192,278,-123.0
192,279,-123.0
192,280,-124.0
192,281,-125.0
192,282,-126.0
192,283,-126.0
192,284,-126.0
192,285,-127.0
192,286,-127.0
192,287,-128.0
192,288,-128.0
192,289,-128.0
192,290,-129.0
192,291,-129.0
192,292,-129.0
192,293,-130.0
192,294,-129.0
192,295,-129.0
192,296,-128.0
192,297,-127.0
193,19,15.0
193,22,15.0
193,25,47.0
193,27,12.0
193,32,5.0
193,34,4.0
193,37,12.0
193,38,1.0
193,39,-1.0
193,40,-2.0
193,41,-1.0
193,42,-0.0
193,43,0.0
193,44,2.0
193,45,3.0
193,46,3.0
193,47,4.0
193,48,8.0
193,49,12.0
193,50,12.0
193,51,12.0
193,52,12.0
193,53,11.0
193,54,11.0
193,55,80.0
193,56,90.0
193,57,65.0
193,58,77.0
193,59,66.0
193,60,64.0
193,61,50.0
193,62,28.0
193,63,2.0
193,64,2.0
193,65,2.0
193,66,2.0
193,67,2.0
193,135,1.0
193,136,-0.0
193,137,-1.0
193,138,-1.0
193,139,-1.0
193,140,-1.0
193,141,-2.0
193,142,-2.0
193,143,-1.0
193,144,-1.0
193,145,-1.0
193,146,-1.0
193,147,-0.0
193,221,0.0
193,222,0.0
193,223,0.0
193,224,0.0
193,225,-0.0
193,226,-0.0
193,227,-1.0
193,228,-1.0
193,229,-1.0
193,230,-1.0
193,231,-1.0
193,232,-1.0
193,233,-0.0
193,234,0.0
193,235,0.0
193,236,1.0
193,237,1.0
193,238,1.0
193,239,1.0
193,240,2.0
193,241,2.0
193,276,-123.0
193,277,-123.0
193,278,-123.0
193,279,-123.0
193,280,-124.0
193,281,-125.0
193,282,-126.0
193,283,-126.0
193,284,-126.0
193,285,-127.0
193,286,-127.0
193,287,-128.0
193,288,-128.0
193,289,-128.0
193,290,-129.0
193,291,-129.0
193,292,-129.0
193,293,-130.0
193,294,-129.0
193,295,-128.0
193,296,-127.0
193,297,-29.0
194,20,14.0
194,26,51.0
194,27,30.0
194,33,1.0
194,35,1.0
194,36,-1.0
194,37,33.0
194,38,-2.0
194,40,-4.0
194,41,-3.0
194,42,-2.0
194,43,-3.0
194,44,-1.0
194,45,0.0
194,46,1.0
194,47,2.0
194,48,7.0
194,49,10.0
194,50,10.0
194,51,10.0
194,52,10.0
194,53,9.0
194,54,9.0
194,55,64.0
194,56,81.0
194,57,79.0
194,58,81.0
194,59,67.0
194,60,62.0
194,61,45.0
194,62,19.0
194,63,5.0
194,64,2.0
194,65,2.0
194,66,2.0
194,67,2.0
194,135,1.0
194,136,-0.0
194,137,-1.0
194,138,-1.0
194,139,-1.0
194,140,-1.0
194,141,-2.0
194,142,-2.0
194,143,-1.0
194,144,-1.0
194,145,-1.0
194,146,-1.0
194,147,-0.0
194,221,0.0
194,222,0.0
194,223,0.0
194,224,0.0
194,225,-0.0
194,226,-0.0
194,227,-1.0
194,228,-1.0
194,229,-1.0
194,230,-1.0
194,231,-1.0
194,232,-0.0
194,233,-0.0
194,234,0.0
194,235,0.0
194,236,1.0
194,237,1.0
194,238,1.0
194,239,1.0
194,240,2.0
194,241,2.0
194,277,-123.0
194,278,-123.0
194,279,-123.0
194,280,-124.0
194,281,-125.0
194,282,-125.0
194,283,-126.0
194,284,-126.0
194,285,-127.0
194,286,-127.0
194,287,-128.0
194,288,-128.0
194,289,-128.0
194,290,-129.0
194,291,-129.0
194,292,-129.0
194,293,-130.0
194,294,-129.0
194,295,-128.0
194,296,-128.0
194,298,-29.0
195,21,12.0
195,22,13.0
195,28,48.0
195,34,-1.0
195,35,-2.0
195,37,19.0
195,38,-5.0
195,39,-6.0
195,40,-6.0
195,41,-7.0
195,42,-4.0
195,43,-4.0
195,44,-3.0
195,45,-2.0
195,46,-1.0
195,47,-0.0
195,48,5.0
195,49,8.0
195,50,9.0
195,51,9.0
195,52,9.0
195,53,6.0
195,54,6.0
195,55,72.0
195,56,64.0
195,57,77.0
195,58,68.0
195,59,70.0
195,60,61.0
195,61,2.0
195,62,30.0
195,63,2.0
195,64,2.0
195,65,2.0
195,66,2.0
195,67,2.0
195,135,1.0
195,136,-0.0
195,137,-1.0
195,138,-1.0
195,139,-1.0
195,140,-1.0
195,141,-2.0
195,142,-2.0
195,143,-2.0
195,144,-1.0
195,145,-1.0
195,146,-1.0
195,147,-0.0
195,221,0.0
195,222,0.0
195,223,0.0
195,224,-0.0
195,225,-0.0
195,226,-0.0
195,227,-1.0
195,228,-1.0
195,229,-1.0
195,230,-1.0
195,231,-1.0
195,232,-0.0
195,233,0.0
195,234,0.0
195,235,1.0
195,236,1.0
195,237,1.0
195,238,1.0
195,239,1.0
195,240,2.0
195,241,2.0
195,277,-123.0
195,278,-123.0
195,279,-123.0
195,280,-124.0
195,281,-125.0
195,282,-125.0
195,283,-126.0
195,284,-126.0
195,285,-127.0
195,286,-127.0
195,287,-128.0
195,288,-128.0
195,289,-129.0
195,290,-129.0
195,291,-129.0
195,292,-129.0
195,293,-130.0
195,294,-129.0
195,296,-29.0
195,297,-29.0
195,298,-29.0
196,21,11.0
196,22,11.0
196,27,7.0
196,29,43.0
196,30,34.0
196,36,-4.0
196,37,46.0
196,39,-7.0
196,40,-8.0
196,41,-8.0
196,42,-6.0
196,44,-4.0
196,45,-3.0
196,46,-3.0
196,47,-2.0
196,48,3.0
196,49,7.0
196,50,7.0
196,51,7.0
196,52,7.0
196,53,5.0
196,54,5.0
196,55,5.0
196,56,5.0
196,57,63.0
196,58,69.0
196,59,63.0
196,60,59.0
196,61,50.0
196,62,14.0
196,63,2.0
196,64,2.0
196,65,2.0
196,66,2.0
196,67,2.0
196,135,0.0
196,136,-1.0
196,137,-1.0
196,138,-1.0
196,139,-1.0
196,140,-1.0
196,141,-2.0
196,142,-2.0
196,143,-2.0
196,144,-1.0
196,145,-1.0
196,146,-1.0
196,147,-0.0
196,221,0.0
196,222,0.0
196,223,0.0
196,224,-0.0
196,225,-0.0
196,226,-0.0
196,227,-0.0
196,228,-1.0
196,229,-1.0
196,230,-1.0
196,231,-1.0
196,232,-0.0
196,233,0.0
196,234,0.0
196,235,0.0
196,236,1.0
196,237,1.0
196,238,1.0
196,239,1.0
196,240,2.0
196,241,2.0
196,278,-123.0
196,279,-123.0
196,280,-124.0
196,281,-124.0
196,282,-125.0
196,283,-125.0
196,284,-126.0
196,285,-127.0
196,286,-127.0
196,287,-128.0
196,288,-128.0
196,289,-129.0
196,290,-129.0
196,291,-129.0
196,292,-130.0
196,293,-130.0
196,296,-29.0
196,297,-29.0
196,298,-29.0
196,299,-29.0
196,300,-29.0
196,301,-29.0
197,22,10.0
197,23,9.0
197,27,6.0
197,31,22.0
197,35,-5.0
197,36,-5.0
197,37,21.0
197,39,-8.0
197,40,-8.0
197,41,-7.0
197,42,-6.0
197,43,6.0
197,45,-4.0
197,46,-4.0
197,47,-3.0
197,48,3.0
197,49,6.0
197,50,6.0
197,51,5.0
197,52,6.0
197,53,5.0
197,54,5.0
197,55,5.0
197,56,5.0
197,57,5.0
197,58,4.0
197,59,3.0
197,60,49.0
197,61,43.0
197,62,23.0
197,63,2.0
197,64,2.0
197,65,2.0
197,66,2.0
197,67,2.0
197,135,0.0
197,136,-0.0
197,137,-1.0
197,138,-1.0
197,139,-1.0
197,140,-1.0
197,141,-2.0
197,142,-2.0
197,143,-2.0
197,144,-1.0
197,145,-1.0
197,146,-1.0
197,147,-0.0
197,221,0.0
197,222,0.0
197,223,0.0
197,224,-0.0
197,225,-0.0
197,226,-0.0
197,227,-0.0
197,228,-1.0
197,229,-1.0
197,230,-1.0
197,231,-0.0
197,232,-0.0
197,233,0.0
197,234,0.0
197,235,0.0
197,236,1.0
197,237,1.0
197,238,1.0
197,239,1.0
197,240,1.0
197,241,2.0
197,278,-123.0
197,279,-123.0
197,280,-123.0
197,281,-124.0
197,282,-124.0
197,283,-125.0
197,284,-126.0
197,285,-127.0
197,286,-127.0
197,287,-128.0
197,288,-128.0
197,289,-128.0
197,290,-129.0
197,291,-129.0
197,292,-129.0
197,293,-130.0
197,296,-29.0
197,297,-29.0
197,298,-29.0
197,299,-29.0
197,300,-29.0
197,302,-29.0
197,303,-29.0
198,22,8.0
198,23,7.0
198,24,8.0
198,27,5.0
198,32,6.0
198,34,-4.0
198,36,-6.0
198,37,42.0
198,38,-7.0
198,39,-8.0
198,41,-8.0
198,42,-7.0
198,43,-6.0
198,45,-5.0
198,46,-5.0
198,47,-3.0
198,48,1.0
198,49,4.0
198,50,5.0
198,51,5.0
198,52,5.0
198,53,5.0
198,54,5.0
198,55,5.0
198,56,5.0
198,57,5.0
198,58,4.0
198,59,3.0
198,60,2.0
198,61,22.0
198,62,2.0
198,63,1.0
198,64,1.0
198,65,2.0
198,66,2.0
198,67,2.0
198,135,0.0
198,136,-0.0
198,137,-1.0
198,138,-1.0
198,139,-1.0
198,140,-2.0
198,141,-2.0
198,142,-2.0
198,143,-2.0
198,144,-1.0
198,145,-1.0
198,146,-0.0
198,147,-0.0
198,221,0.0
198,222,0.0
198,223,0.0
198,224,-0.0
198,225,-0.0
198,226,-0.0
198,227,-0.0
198,228,-0.0
198,229,-1.0
198,230,-0.0
198,231,-0.0
198,232,-0.0
198,233,0.0
198,234,0.0
198,235,0.0
198,236,1.0
198,237,1.0
198,238,1.0
198,239,1.0
198,240,1.0
198,241,2.0
198,279,-123.0
198,280,-123.0
198,281,-124.0
198,282,-124.0
198,283,-125.0
198,284,-126.0
198,285,-126.0
198,286,-127.0
198,287,-127.0
198,288,-127.0
198,289,-127.0
198,290,-128.0
198,291,-128.0
198,292,-128.0
198,293,-128.0
198,298,-29.0
198,299,-29.0
198,300,-29.0
198,301,-29.0
198,303,-29.0
198,304,-29.0
199,24,7.0
199,25,7.0
199,26,6.0
199,27,4.0
199,33,-5.0
199,34,-6.0
199,37,-7.0
199,38,35.0
199,39,-8.0
199,40,-8.0
199,42,-7.0
199,43,-7.0
199,44,-7.0
199,45,-7.0
199,46,-6.0
199,47,-5.0
199,48,1.0
199,49,4.0
199,50,4.0
199,51,4.0
199,52,4.0
199,53,4.0
199,54,5.0
199,55,5.0
199,56,5.0
199,57,5.0
199,58,4.0
199,59,3.0
199,60,2.0
199,61,2.0
199,62,1.0
199,63,1.0
199,64,1.0
199,65,1.0
199,66,2.0
199,67,2.0
199,68,2.0
199,135,0.0
199,136,-0.0
199,137,-1.0
199,138,-1.0
199,139,-1.0
199,140,-1.0
199,141,-2.0
199,142,-2.0
199,143,-2.0
199,144,-1.0
199,145,-1.0
199,146,-0.0
199,147,-0.0
199,221,0.0
199,222,0.0
199,223,0.0
199,224,-0.0
199,225,-0.0
199,226,-0.0
199,227,-0.0
199,228,-0.0
199,229,-0.0
199,230,-0.0
199,231,-0.0
199,232,-0.0
199,233,0.0
199,234,0.0
199,235,0.0
199,279,-123.0
199,280,-123.0
199,281,-124.0
199,282,-124.0
199,283,-124.0
199,284,-125.0
199,285,-125.0
199,286,-125.0
199,287,-126.0
199,288,-126.0
199,289,-126.0
199,290,-126.0
199,291,-127.0
199,292,-127.0
199,293,-127.0
199,294,-127.0
199,297,-29.0
199,298,-29.0
199,299,-29.0
199,300,-29.0
199,301,-29.0
199,302,-29.0
199,303,-29.0
199,304,-29.0
199,305,-29.0
200,26,5.0
200,27,4.0
200,28,3.0
200,31,-3.0
200,32,-6.0
200,35,-7.0
200,37,-8.0
200,38,24.0
200,40,-8.0
200,41,-8.0
200,42,-8.0
200,43,-8.0
200,44,-8.0
200,45,-7.0
200,46,-7.0
200,47,-5.0
200,48,-2.0
200,49,2.0
200,50,3.0
200,51,3.0
200,52,4.0
200,53,4.0
200,54,5.0
200,55,5.0
200,56,5.0
200,57,5.0
200,58,4.0
200,59,3.0
200,60,2.0
200,61,2.0
200,62,1.0
200,63,1.0
200,64,1.0
200,65,1.0
200,66,2.0
200,67,2.0
200,68,2.0
200,69,2.0
200,135,0.0
200,136,-0.0
200,137,-1.0
200,138,-1.0
200,139,-1.0
200,140,-1.0
200,141,-1.0
200,142,-2.0
200,143,-1.0
200,144,-1.0
200,145,-1.0
200,146,-0.0
200,147,-0.0
200,221,0.0
200,222,0.0
200,223,-0.0
200,224,-0.0
200,225,-0.0
200,226,-0.0
200,227,-0.0
200,228,-0.0
200,229,-0.0
200,230,-0.0
200,231,-0.0
200,232,0.0
200,233,0.0
200,234,1.0
200,235,1.0
200,280,-123.0
200,281,-123.0
200,282,-124.0
200,283,-124.0
200,284,-124.0
200,285,-124.0
200,286,-125.0
200,287,-125.0
200,288,-125.0
200,289,-125.0
200,290,-125.0
200,291,-125.0
200,292,-126.0
200,293,-126.0
200,294,-126.0
200,295,-126.0
200,297,-29.0
200,299,-29.0
200,301,-29.0
200,303,-29.0
200,304,-29.0
200,305,-29.0
200,306,-18.0
201,27,3.0
201,28,3.0
201,29,3.0
201,30,2.0
201,31,1.0
201,32,-3.0
201,33,-7.0
201,36,-8.0
201,37,-9.0
201,38,11.0
201,39,-9.0
201,40,-9.0
201,43,-9.0
201,44,-8.0
201,45,-8.0
201,46,-8.0
201,47,-7.0
201,48,-2.0
201,49,2.0
201,50,2.0
201,51,3.0
201,52,3.0
201,53,4.0
201,54,5.0
201,55,5.0
201,56,5.0
201,57,5.0
201,58,4.0
201,59,3.0
201,60,2.0
201,61,2.0
201,62,1.0
201,63,1.0
201,64,1.0
201,65,1.0
201,66,1.0
201,67,2.0
201,68,2.0
201,69,2.0
201,70,3.0
201,134,1.0
201,135,0.0
201,136,-0.0
201,137,-1.0
201,138,-1.0
201,139,-1.0
201,140,-1.0
201,141,-1.0
201,142,-1.0
201,143,-1.0
201,144,-1.0
201,145,-1.0
201,146,-0.0
201,147,0.0
201,221,0.0
201,222,0.0
201,223,-0.0
201,224,-0.0
201,225,-0.0
201,226,-0.0
201,227,-0.0
201,228,-0.0
201,229,-0.0
201,230,-0.0
201,231,-0.0
201,232,0.0
201,233,0.0
201,234,1.0
201,235,1.0
201,280,-123.0
201,281,-123.0
201,282,-123.0
201,283,-123.0
201,284,-124.0
201,285,-124.0
201,286,-124.0
201,287,-124.0
201,288,-124.0
201,289,-124.0
201,290,-124.0
201,291,-124.0
201,292,-125.0
201,293,-125.0
201,294,-125.0
201,295,-125.0
201,296,-109.0
201,297,-29.0
201,299,-29.0
201,301,-29.0
201,302,-29.0
201,304,-29.0
201,305,-29.0
201,306,-40.0
201,314,-118.0
201,315,-118.0
201,319,-117.0
201,320,-117.0
202,27,3.0
202,34,-8.0
202,35,-9.0
202,36,-9.0
202,38,-6.0
202,40,-9.0
202,41,-9.0
202,44,-9.0
202,45,-9.0
202,46,-8.0
202,47,-7.0
202,48,-3.0
202,49,1.0
202,50,2.0
202,51,2.0
202,52,3.0
202,53,4.0
202,54,5.0
202,55,5.0
202,56,5.0
202,57,5.0
202,58,4.0
202,59,3.0
202,60,2.0
202,61,2.0
202,62,1.0
202,63,1.0
202,64,1.0
202,65,1.0
202,66,1.0
202,67,2.0
202,68,2.0
202,69,2.0
202,70,3.0
202,71,3.0
202,133,1.0
202,134,0.0
202,135,0.0
202,136,-0.0
202,137,-1.0
202,138,-1.0
202,139,-1.0
202,140,-1.0
202,141,-1.0
202,142,-1.0
202,143,-1.0
202,144,-1.0
202,145,-1.0
202,146,-0.0
202,147,0.0
202,221,0.0
202,222,0.0
202,223,-0.0
202,224,-0.0
202,225,-0.0
202,226,-0.0
202,227,-0.0
202,228,-0.0
202,229,-0.0
202,230,-0.0
202,231,-0.0
202,232,0.0
202,233,1.0
202,234,1.0
202,235,1.0
202,280,-123.0
202,281,-123.0
202,282,-123.0
202,283,-123.0
202,284,-123.0
202,285,-124.0
202,286,-124.0
202,287,-124.0
202,288,-124.0
202,289,-124.0
202,290,-124.0
202,291,-124.0
202,292,-125.0
202,293,-125.0
202,294,-125.0
202,295,-125.0
202,296,-125.0
202,297,-125.0
202,298,-29.0
202,299,-29.0
202,302,-29.0
202,305,-53.0
202,306,-114.0
202,307,-115.0
202,308,-118.0
202,312,-118.0
202,313,-118.0
202,314,-117.0
202,315,-118.0
202,316,-119.0
202,317,-119.0
202,318,-118.0
202,319,-118.0
202,320,-117.0
203,27,2.0
203,37,-9.0
203,38,-9.0
203,39,-10.0
203,41,-10.0
203,42,-9.0
203,43,-9.0
203,44,-9.0
203,45,-9.0
203,46,-8.0
203,47,-7.0
203,48,-4.0
203,49,-0.0
203,50,0.0
203,51,1.0
203,52,3.0
203,53,4.0
203,54,4.0
203,55,4.0
203,56,4.0
203,57,4.0
203,58,4.0
203,59,3.0
203,60,2.0
203,61,2.0
203,62,1.0
203,63,1.0
203,64,1.0
203,65,1.0
203,66,1.0
203,67,2.0
203,68,2.0
203,69,2.0
203,70,2.0
203,71,3.0
203,72,3.0
203,73,3.0
203,132,2.0
203,133,1.0
203,134,0.0
203,135,0.0
203,136,-0.0
203,137,-1.0
203,138,-1.0
203,139,-1.0
203,140,-1.0
203,141,-1.0
203,142,-1.0
203,143,-1.0
203,144,-1.0
203,145,-1.0
203,146,-0.0
203,147,0.0
203,221,0.0
203,222,-0.0
203,223,-0.0
203,224,-0.0
203,225,-0.0
203,226,-0.0
203,227,-0.0
203,228,-0.0
203,229,-0.0
203,230,-0.0
203,231,0.0
203,232,0.0
203,233,1.0
203,234,1.0
203,235,1.0
203,280,-123.0
203,281,-123.0
203,282,-123.0
203,283,-123.0
203,284,-123.0
203,285,-124.0
203,286,-124.0
203,287,-124.0
203,288,-124.0
203,289,-124.0
203,290,-124.0
203,291,-124.0
203,292,-125.0
203,293,-125.0
203,294,-125.0
203,295,-125.0
203,296,-125.0
203,297,-125.0
203,298,-116.0
203,300,-29.0
203,301,-29.0
203,302,-29.0
203,303,-29.0
203,304,-65.0
203,305,-114.0
203,306,-115.0
203,307,-116.0
203,308,-94.0
203,309,-118.0
203,310,-119.0
203,311,-119.0
203,312,-118.0
203,314,-119.0
203,315,-120.0
203,316,-120.0
203,317,-120.0
203,318,-119.0
203,319,-118.0
203,320,-118.0
204,27,2.0
204,36,-10.0
204,38,-10.0
204,40,-10.0
204,41,-10.0
204,42,-10.0
204,44,-10.0
204,45,-9.0
204,47,-7.0
204,48,-6.0
204,49,-2.0
204,50,-1.0
204,51,-0.0
204,52,2.0
204,53,4.0
204,54,4.0
204,55,4.0
204,56,4.0
204,57,4.0
204,58,4.0
204,59,3.0
204,60,2.0
204,61,2.0
204,62,1.0
204,63,1.0
204,64,1.0
204,65,1.0
204,66,1.0
204,67,2.0
204,68,2.0
204,69,2.0
204,70,2.0
204,71,2.0
204,72,2.0
204,73,2.0
204,74,2.0
204,76,2.0
204,77,2.0
204,78,2.0
204,79,2.0
204,131,3.0
204,132,2.0
204,133,1.0
204,134,0.0
204,135,-0.0
204,136,-0.0
204,137,-1.0
204,138,-1.0
204,139,-1.0
204,140,-1.0
204,141,-1.0
204,142,-1.0
204,143,-1.0
204,144,-1.0
204,145,-1.0
204,146,-0.0
204,147,0.0
204,221,-0.0
204,222,-0.0
204,223,-0.0
204,224,-0.0
204,225,-0.0
204,226,-0.0
204,227,-0.0
204,228,-0.0
204,229,-0.0
204,230,-0.0
204,231,0.0
204,232,0.0
204,233,1.0
204,234,1.0
204,235,2.0
204,280,-123.0
204,281,-123.0
204,282,-123.0
204,283,-123.0
204,284,-124.0
204,285,-124.0
204,286,-124.0
204,287,-124.0
204,288,-124.0
204,289,-124.0
204,290,-124.0
204,291,-124.0
204,292,-125.0
204,293,-125.0
204,294,-125.0
204,295,-125.0
204,296,-125.0
204,297,-125.0
204,298,-125.0
204,299,-125.0
204,300,-29.0
204,302,-29.0
204,303,-63.0
204,304,-98.0
204,305,-114.0
204,306,-117.0
204,307,-118.0
204,308,-119.0
204,309,-120.0
204,310,-120.0
204,311,-119.0
204,312,-119.0
204,313,-119.0
204,314,-119.0
204,315,-120.0
204,317,-120.0
205,27,1.0
205,36,-10.0
205,39,-10.0
205,40,-10.0
205,41,-10.0
205,42,-10.0
205,43,-10.0
205,44,-10.0
205,45,-9.0
205,46,-9.0
205,47,-8.0
205,48,-7.0
205,49,-3.0
205,50,-3.0
205,51,-2.0
205,52,1.0
205,53,4.0
205,54,4.0
205,55,4.0
205,56,4.0
205,57,4.0
205,58,4.0
205,59,3.0
205,60,2.0
205,61,1.0
205,62,1.0
205,63,1.0
205,64,0.0
205,65,1.0
205,66,1.0
205,67,1.0
205,68,1.0
205,69,2.0
205,70,2.0
205,71,2.0
205,72,2.0
205,73,2.0
205,74,2.0
205,75,2.0
205,76,2.0
205,77,2.0
205,78,1.0
205,79,1.0
205,80,1.0
205,117,9.0
205,118,9.0
205,130,3.0
205,131,3.0
205,132,2.0
205,133,1.0
205,134,0.0
205,135,-0.0
205,136,-0.0
205,137,-1.0
205,138,-1.0
205,139,-1.0
205,140,-1.0
205,141,-1.0
205,142,-1.0
205,143,-1.0
205,144,-0.0
205,145,-0.0
205,146,0.0
205,147,0.0
205,220,1.0
205,221,-0.0
205,222,-0.0
205,223,-0.0
205,224,-0.0
205,225,-0.0
205,226,-0.0
205,227,-0.0
205,228,-0.0
205,229,-0.0
205,230,-0.0
205,231,0.0
205,232,0.0
205,233,1.0
205,234,2.0
205,235,2.0
205,280,-123.0
205,281,-123.0
205,282,-123.0
205,283,-124.0
205,284,-124.0
205,285,-124.0
205,286,-124.0
205,287,-124.0
205,288,-124.0
205,289,-124.0
205,290,-124.0
205,291,-124.0
205,292,-125.0
205,293,-125.0
205,294,-125.0
205,295,-125.0
205,296,-125.0
205,297,-125.0
205,298,-125.0
205,299,-123.0
205,300,-119.0
205,301,-118.0
205,302,-117.0
205,303,-116.0
205,304,-117.0
205,305,-117.0
205,306,-118.0
205,307,-119.0
205,308,-120.0
205,309,-120.0
205,310,-120.0
205,311,-120.0
205,312,-120.0
205,313,-120.0
205,314,-120.0
205,315,-120.0
205,316,-120.0
205,319,-74.0
205,320,-116.0
206,28,1.0
206,36,-11.0
206,40,-11.0
206,42,-11.0
206,44,-10.0
206,45,-9.0
206,47,-8.0
206,48,-7.0
206,49,-5.0
206,50,-4.0
206,51,-2.0
206,52,1.0
206,53,3.0
206,54,4.0
206,55,4.0
206,56,4.0
206,57,4.0
206,58,4.0
206,59,3.0
206,60,2.0
206,61,1.0
206,62,1.0
206,63,1.0
206,64,0.0
206,65,0.0
206,66,1.0
206,67,1.0
206,68,1.0
206,69,1.0
206,70,2.0
206,71,2.0
206,72,2.0
206,73,2.0
206,74,2.0
206,75,2.0
206,76,2.0
206,77,1.0
206,78,1.0
206,79,1.0
206,80,0.0
206,81,1.0
206,82,1.0
206,83,1.0
206,84,1.0
206,86,8.0
206,93,9.0
206,94,8.0
206,103,93.0
206,107,80.0
206,109,98.0
206,110,8.0
206,111,8.0
206,112,8.0
206,113,56.0
206,114,56.0
206,116,56.0
206,117,56.0
206,118,9.0
206,119,8.0
206,120,9.0
206,121,9.0
206,122,9.0
206,123,9.0
206,124,9.0
206,125,9.0
206,126,9.0
206,127,9.0
206,128,9.0
206,129,5.0
206,130,3.0
206,131,3.0
206,132,2.0
206,133,1.0
206,134,-0.0
206,135,-0.0
206,136,-1.0
206,137,-1.0
206,138,-1.0
206,139,-1.0
206,140,-1.0
206,141,-1.0
206,142,-1.0
206,143,-1.0
206,144,-0.0
206,145,0.0
206,146,0.0
206,147,1.0
206,220,1.0
206,221,-0.0
206,222,-0.0
206,223,-0.0
206,224,-0.0
206,225,-0.0
206,226,-0.0
206,227,-0.0
206,228,-0.0
206,229,-0.0
206,230,-0.0
206,231,0.0
206,232,0.0
206,233,1.0
206,234,2.0
206,235,2.0
206,280,-123.0
206,281,-123.0
206,282,-123.0
206,283,-124.0
206,284,-124.0
206,285,-124.0
206,286,-124.0
206,287,-124.0
206,288,-124.0
206,289,-124.0
206,290,-124.0
206,291,-124.0
206,292,-125.0
206,293,-125.0
206,294,-125.0
206,295,-125.0
206,296,-125.0
206,297,-125.0
206,298,-125.0
206,299,-121.0
206,300,-119.0
206,301,-119.0
206,302,-118.0
206,303,-118.0
206,304,-119.0
206,305,-118.0
206,306,-119.0
206,307,-120.0
206,308,-121.0
206,309,-67.0
206,310,-121.0
206,311,-121.0
206,312,-120.0
206,313,-120.0
206,314,-120.0
206,315,-120.0
206,316,-120.0
206,317,-120.0
206,318,-119.0
207,29,1.0
207,36,-11.0
207,41,-11.0
207,42,-11.0
207,44,-10.0
207,45,-9.0
207,47,-8.0
207,48,-8.0
207,49,-6.0
207,50,-5.0
207,51,-2.0
207,52,0.0
207,53,3.0
207,54,4.0
207,55,4.0
207,56,4.0
207,57,4.0
207,58,3.0
207,59,3.0
207,60,2.0
207,61,1.0
207,62,1.0
207,63,0.0
207,64,0.0
207,65,0.0
207,66,0.0
207,67,1.0
207,68,1.0
207,69,1.0
207,70,1.0
207,71,1.0
207,72,1.0
207,73,1.0
207,74,1.0
207,75,1.0
207,76,1.0
207,77,1.0
207,78,1.0
207,79,0.0
207,80,0.0
207,81,1.0
207,82,1.0
207,83,1.0
207,84,2.0
207,85,2.0
207,86,8.0
207,87,9.0
207,88,9.0
207,89,9.0
207,90,9.0
207,91,9.0
207,92,8.0
207,93,8.0
207,94,8.0
207,95,45.0
207,96,56.0
207,97,48.0
207,98,65.0
207,99,82.0
207,100,90.0
207,101,99.0
207,102,83.0
207,103,80.0
207,104,80.0
207,105,80.0
207,106,80.0
207,107,80.0
207,108,80.0
207,109,80.0
207,110,8.0
207,111,76.0
207,112,60.0
207,113,56.0
207,114,56.0
207,115,56.0
207,116,56.0
207,117,8.0
207,118,8.0
207,119,8.0
207,120,8.0
207,121,9.0
207,122,9.0
207,123,9.0
207,124,9.0
207,125,9.0
207,126,9.0
207,127,9.0
207,128,9.0
207,129,6.0
207,130,3.0
207,131,3.0
207,132,2.0
207,133,1.0
207,134,-0.0
207,135,-1.0
207,136,-1.0
207,137,-1.0
207,138,-1.0
207,139,-1.0
207,140,-1.0
207,141,-1.0
207,142,-1.0
207,143,-1.0
207,144,-0.0
207,145,0.0
207,146,1.0
207,147,2.0
207,220,1.0
207,221,1.0
207,222,-0.0
207,223,-0.0
207,224,-0.0
207,225,-0.0
207,226,-0.0
207,227,-0.0
207,228,-0.0
207,229,-0.0
207,230,-0.0
207,231,0.0
207,232,0.0
207,233,1.0
207,234,2.0
207,235,2.0
207,280,-123.0
207,281,-123.0
207,282,-124.0
207,283,-124.0
207,284,-124.0
207,285,-124.0
207,286,-124.0
207,287,-124.0
207,288,-124.0
207,289,-124.0
207,290,-124.0
207,291,-124.0
207,292,-125.0
207,293,-125.0
207,294,-125.0
207,295,-125.0
207,296,-125.0
207,297,-125.0
207,298,-125.0
207,299,-122.0
207,300,-119.0
207,301,-119.0
207,302,-119.0
207,303,-119.0
207,304,-119.0
207,305,-120.0
207,306,-120.0
207,307,-120.0
207,308,-120.0
207,309,-121.0
207,310,-121.0
207,311,-94.0
207,312,-121.0
207,313,-120.0
207,314,-120.0
207,315,-120.0
207,316,-105.0
207,317,-120.0
208,29,1.0
208,43,-10.0
208,44,-10.0
208,45,-9.0
208,46,-9.0
208,47,-8.0
208,48,-7.0
208,49,-5.0
208,50,-4.0
208,51,-3.0
208,52,1.0
208,53,3.0
208,54,4.0
208,55,4.0
208,56,4.0
208,57,4.0
208,58,3.0
208,59,3.0
208,60,2.0
208,61,1.0
208,62,1.0
208,63,0.0
208,64,-0.0
208,65,-0.0
208,66,0.0
208,67,0.0
208,68,1.0
208,69,1.0
208,70,1.0
208,71,1.0
208,72,1.0
208,73,1.0
208,74,1.0
208,75,1.0
208,76,1.0
208,77,1.0
208,78,1.0
208,79,0.0
208,80,0.0
208,81,0.0
208,82,1.0
208,83,2.0
208,84,2.0
208,85,2.0
208,86,9.0
208,87,9.0
208,88,9.0
208,89,9.0
208,90,54.0
208,91,56.0
208,92,57.0
208,93,34.0
208,94,49.0
208,95,53.0
208,96,57.0
208,97,57.0
208,98,56.0
208,99,79.0
208,100,80.0
208,101,80.0
208,102,80.0
208,103,80.0
208,104,80.0
208,105,80.0
208,106,80.0
208,107,80.0
208,108,80.0
208,109,80.0
208,110,8.0
208,111,8.0
208,112,8.0
208,113,56.0
208,114,80.0
208,115,76.0
208,116,66.0
208,117,8.0
208,118,8.0
208,119,8.0
208,120,8.0
208,121,8.0
208,122,8.0
208,123,8.0
208,124,8.0
208,125,9.0
208,126,9.0
208,127,9.0
208,128,9.0
208,129,7.0
208,130,3.0
208,131,2.0
208,132,2.0
208,133,1.0
208,134,-0.0
208,135,-1.0
208,136,-1.0
208,137,-1.0
208,138,-1.0
208,139,-1.0
208,140,-1.0
208,141,-1.0
208,142,-1.0
208,143,-0.0
208,144,-0.0
208,145,0.0
208,146,1.0
208,147,2.0
208,220,1.0
208,221,1.0
208,222,-0.0
208,223,-0.0
208,224,-0.0
208,225,-0.0
208,226,-0.0
208,227,-0.0
208,228,-0.0
208,229,-0.0
208,230,-0.0
208,231,0.0
208,232,0.0
208,233,1.0
208,234,2.0
208,235,2.0
208,280,-123.0
208,281,-124.0
208,282,-124.0
208,283,-124.0
208,284,-124.0
208,285,-124.0
208,286,-124.0
208,287,-124.0
208,288,-124.0
208,289,-124.0
208,290,-124.0
208,291,-124.0
208,292,-125.0
208,293,-125.0
208,294,-125.0
208,295,-125.0
208,296,-125.0
208,297,-125.0
208,298,-125.0
208,299,-123.0
208,300,-119.0
208,301,-119.0
208,302,-119.0
208,303,-119.0
208,304,-120.0
208,305,-120.0
208,306,-120.0
208,307,-120.0
208,308,-120.0
208,309,-121.0
208,310,-121.0
208,311,-121.0
208,312,-114.0
208,313,-121.0
208,314,-120.0
208,315,-120.0
208,316,-120.0
209,30,1.0
209,36,-11.0
209,43,-10.0
209,44,-10.0
209,45,-9.0
209,46,-9.0
209,47,-8.0
209,49,-5.0
209,50,-4.0
209,51,-3.0
209,52,1.0
209,53,3.0
209,54,4.0
209,55,4.0
209,56,4.0
209,57,4.0
209,58,3.0
209,59,2.0
209,60,2.0
209,61,1.0
209,62,1.0
209,63,0.0
209,64,-0.0
209,65,-0.0
209,66,-0.0
209,67,0.0
209,68,0.0
209,69,0.0
209,70,1.0
209,71,1.0
209,72,1.0
209,73,1.0
209,74,1.0
209,75,1.0
209,76,1.0
209,77,1.0
209,78,1.0
209,79,0.0
209,80,0.0
209,81,0.0
209,82,1.0
209,83,2.0
209,84,2.0
209,85,2.0
209,86,9.0
209,87,9.0
209,88,9.0
209,89,9.0
209,90,14.0
209,91,33.0
209,92,46.0
209,93,47.0
209,94,53.0
209,95,51.0
209,96,51.0
209,97,56.0
209,98,71.0
209,99,86.0
209,100,87.0
209,101,94.0
209,102,94.0
209,103,91.0
209,104,85.0
209,105,85.0
209,106,80.0
209,107,81.0
209,108,82.0
209,109,86.0
209,110,91.0
209,111,8.0
209,112,8.0
209,113,8.0
209,114,8.0
209,115,8.0
209,116,8.0
209,117,8.0
209,118,8.0
209,119,8.0
209,120,8.0
209,121,8.0
209,122,8.0
209,123,8.0
209,124,8.0
209,125,9.0
209,126,9.0
209,127,9.0
209,128,9.0
209,129,6.0
209,130,3.0
209,131,2.0
209,132,1.0
209,133,1.0
209,134,-0.0
209,135,-1.0
209,136,-1.0
209,137,-1.0
209,138,-1.0
209,139,-1.0
209,140,-1.0
209,141,-1.0
209,142,-0.0
209,143,-0.0
209,144,-0.0
209,145,0.0
209,146,1.0
209,147,2.0
209,220,1.0
209,221,1.0
209,222,-0.0
209,223,-0.0
209,224,-0.0
209,225,-0.0
209,226,-0.0
209,227,-0.0
209,228,-0.0
209,229,-0.0
209,230,-0.0
209,231,0.0
209,232,0.0
209,233,1.0
209,234,2.0
209,235,2.0
209,280,-124.0
209,281,-124.0
209,282,-124.0
209,283,-124.0
209,284,-124.0
209,285,-124.0
209,286,-124.0
209,287,-124.0
209,288,-124.0
209,289,-124.0
209,290,-124.0
209,291,-125.0
209,292,-125.0
209,293,-125.0
209,294,-125.0
209,295,-125.0
209,296,-125.0
209,297,-125.0
209,298,-125.0
209,299,-122.0
209,300,-119.0
209,301,-119.0
209,302,-119.0
209,303,-119.0
209,304,-120.0
209,305,-120.0
209,306,-120.0
209,307,-120.0
209,308,-120.0
209,309,-120.0
209,310,-121.0
209,311,-121.0
209,312,-121.0
209,313,-121.0
209,314,-103.0
209,315,-90.0
209,316,-120.0
210,31,-1.0
210,32,-5.0
210,36,-11.0
210,44,-10.0
210,45,-9.0
210,46,-9.0
210,47,-8.0
210,48,-7.0
210,49,-5.0
210,50,-5.0
210,51,-2.0
210,52,0.0
210,53,3.0
210,54,4.0
210,55,4.0
210,56,4.0
210,57,4.0
210,58,3.0
210,59,57.0
210,60,2.0
210,61,1.0
210,62,1.0
210,63,-0.0
210,64,-0.0
210,65,-0.0
210,66,-0.0
210,67,-0.0
210,68,0.0
210,69,0.0
210,70,0.0
210,71,0.0
210,72,0.0
210,73,0.0
210,74,0.0
210,75,0.0
210,76,0.0
210,77,0.0
210,78,0.0
210,79,0.0
210,80,0.0
210,81,0.0
210,82,1.0
210,83,2.0
210,84,2.0
210,85,2.0
210,86,7.0
210,87,9.0
210,88,9.0
210,89,9.0
210,90,9.0
210,91,8.0
210,92,8.0
210,93,35.0
210,94,51.0
210,95,54.0
210,96,48.0
210,97,60.0
210,98,66.0
210,99,78.0
210,100,85.0
210,101,94.0
210,102,91.0
210,103,92.0
210,104,90.0
210,105,90.0
210,106,85.0
210,108,80.0
210,110,80.0
210,111,7.0
210,112,7.0
210,113,8.0
210,114,8.0
210,115,8.0
210,116,8.0
210,117,8.0
210,118,8.0
210,119,8.0
210,120,8.0
210,121,8.0
210,122,8.0
210,123,8.0
210,124,8.0
210,125,9.0
210,126,9.0
210,127,9.0
210,128,9.0
210,129,8.0
210,130,3.0
210,131,2.0
210,132,2.0
210,133,1.0
210,134,-0.0
210,135,-1.0
210,136,-1.0
210,137,-1.0
210,138,-1.0
210,139,-1.0
210,140,-1.0
210,141,-1.0
210,142,-1.0
210,143,-0.0
210,144,-0.0
210,145,0.0
210,146,1.0
210,147,40.0
210,220,1.0
210,221,1.0
210,222,-0.0
210,223,-0.0
210,224,-0.0
210,225,-0.0
210,226,-0.0
210,227,-0.0
210,228,-0.0
210,229,-0.0
210,230,-0.0
210,231,0.0
210,232,1.0
210,233,1.0
210,234,1.0
210,235,2.0
210,280,-124.0
210,281,-124.0
210,282,-124.0
210,283,-124.0
210,284,-124.0
210,285,-124.0
210,286,-124.0
210,287,-124.0
210,288,-124.0
210,289,-124.0
210,290,-125.0
210,291,-125.0
210,292,-125.0
210,293,-125.0
210,294,-125.0
210,295,-125.0
210,296,-125.0
210,297,-125.0
210,298,-125.0
210,299,-123.0
210,300,-119.0
210,301,-119.0
210,302,-119.0
210,303,-119.0
210,304,-120.0
210,305,-120.0
210,306,-120.0
210,307,-120.0
210,308,-120.0
210,309,-120.0
210,310,-121.0
210,311,-121.0
210,312,-121.0
210,313,-121.0
210,314,-121.0
210,315,-121.0
210,316,-120.0
210,317,-120.0
210,318,-120.0
211,33,-10.0
211,34,-11.0
211,35,-11.0
211,37,-11.0
211,45,-9.0
211,46,-9.0
211,47,-8.0
211,48,-7.0
211,49,-7.0
211,50,-5.0
211,51,-3.0
211,52,1.0
211,53,3.0
211,54,4.0
211,55,4.0
211,56,4.0
211,57,4.0
211,58,3.0
211,59,26.0
211,60,2.0
211,61,1.0
211,62,0.0
211,63,-0.0
211,64,-1.0
211,65,-1.0
211,66,-0.0
211,67,-0.0
211,68,-0.0
211,69,0.0
211,70,0.0
211,71,0.0
211,72,0.0
211,73,0.0
211,74,0.0
211,75,0.0
211,76,0.0
211,77,0.0
211,78,0.0
211,79,0.0
211,80,0.0
211,81,0.0
211,82,1.0
211,83,1.0
211,84,2.0
211,85,2.0
211,86,7.0
211,87,9.0
211,88,9.0
211,89,9.0
211,90,9.0
211,91,9.0
211,92,9.0
211,93,8.0
211,94,8.0
211,95,64.0
211,96,52.0
211,97,58.0
211,98,73.0
211,99,83.0
211,101,44.0
211,102,91.0
211,103,92.0
211,104,92.0
211,105,83.0
211,106,87.0
211,107,86.0
211,108,80.0
211,109,80.0
211,110,8.0
211,111,7.0
211,112,7.0
211,113,7.0
211,114,7.0
211,115,7.0
211,116,7.0
211,117,7.0
211,118,7.0
211,119,8.0
211,120,8.0
211,121,8.0
211,122,8.0
211,123,8.0
211,124,8.0
211,125,9.0
211,126,9.0
211,127,9.0
211,128,9.0
211,129,6.0
211,130,3.0
211,131,2.0
211,132,1.0
211,133,0.0
211,134,-0.0
211,135,-1.0
211,136,-1.0
211,137,-1.0
211,138,-1.0
211,139,-1.0
211,140,-1.0
211,141,-1.0
211,142,-0.0
211,143,-0.0
211,144,-0.0
211,145,0.0
211,147,45.0
211,221,0.0
211,222,0.0
211,223,-0.0
211,224,-0.0
211,225,-0.0
211,226,-0.0
211,227,-0.0
211,228,-0.0
211,229,-1.0
211,230,-0.0
211,231,0.0
211,232,0.0
211,233,1.0
211,234,1.0
211,235,2.0
211,280,-124.0
211,281,-124.0
211,282,-124.0
211,283,-124.0
211,284,-124.0
211,285,-124.0
211,286,-124.0
211,287,-124.0
211,288,-124.0
211,289,-124.0
211,290,-125.0
211,291,-125.0
211,292,-125.0
211,293,-125.0
211,294,-125.0
211,295,-125.0
211,296,-125.0
211,297,-125.0
211,298,-125.0
211,299,-123.0
211,300,-119.0
211,301,-119.0
211,302,-119.0
211,303,-119.0
211,304,-120.0
211,305,-120.0
211,306,-120.0
211,307,-120.0
211,308,-120.0
211,309,-120.0
211,310,-121.0
211,311,-121.0
211,312,-121.0
211,313,-121.0
211,314,-121.0
211,315,-121.0
211,316,-121.0
211,317,-120.0
211,318,-120.0
212,36,-11.0
212,38,-11.0
212,39,-11.0
212,40,-10.0
212,41,-10.0
212,42,-10.0
212,43,-10.0
212,44,-9.0
212,45,-9.0
212,46,-9.0
212,47,-8.0
212,48,-8.0
212,49,-5.0
212,50,-5.0
212,51,-2.0
212,52,-0.0
212,53,2.0
212,54,4.0
212,55,4.0
212,56,4.0
212,57,4.0
212,58,3.0
212,59,2.0
212,60,1.0
212,61,1.0
212,62,0.0
212,63,-0.0
212,64,-1.0
212,65,-1.0
212,66,-1.0
212,67,-0.0
212,68,-0.0
212,69,-0.0
212,70,0.0
212,71,0.0
212,72,0.0
212,73,0.0
212,74,0.0
212,75,0.0
212,76,0.0
212,77,0.0
212,78,0.0
212,79,0.0
212,80,0.0
212,81,0.0
212,82,1.0
212,83,1.0
212,84,2.0
212,85,2.0
212,86,9.0
212,87,9.0
212,88,9.0
212,89,9.0
212,90,9.0
212,91,9.0
212,92,9.0
212,93,9.0
212,94,9.0
212,95,65.0
212,96,58.0
212,97,62.0
212,98,71.0
212,99,88.0
212,100,103.0
212,101,66.0
212,102,93.0
212,105,92.0
212,107,80.0
212,108,8.0
212,109,8.0
212,110,8.0
212,111,7.0
212,112,7.0
212,113,6.0
212,114,6.0
212,115,6.0
212,116,6.0
212,117,6.0
212,118,6.0
212,119,7.0
212,120,8.0
212,121,9.0
212,122,9.0
212,123,9.0
212,124,9.0
212,125,9.0
212,126,9.0
212,127,9.0
212,128,9.0
212,129,7.0
212,130,2.0
212,131,2.0
212,132,0.0
212,133,-0.0
212,134,-1.0
212,135,-1.0
212,136,-1.0
212,137,-1.0
212,138,-1.0
212,139,-1.0
212,140,-1.0
212,141,-1.0
212,142,-1.0
212,143,-0.0
212,144,-0.0
212,145,0.0
212,147,45.0
212,221,0.0
212,222,0.0
212,223,0.0
212,224,0.0
212,225,-0.0
212,226,-0.0
212,227,-0.0
212,228,-0.0
212,229,-0.0
212,230,-0.0
212,231,0.0
212,232,0.0
212,233,1.0
212,234,1.0
212,235,2.0
212,280,-124.0
212,281,-124.0
212,282,-124.0
212,283,-124.0
212,284,-124.0
212,285,-124.0
212,286,-124.0
212,287,-124.0
212,288,-124.0
212,289,-125.0
212,290,-125.0
212,291,-125.0
212,292,-125.0
212,293,-125.0
212,294,-125.0
212,295,-125.0
212,296,-125.0
212,297,-125.0
212,298,-125.0
212,299,-122.0
212,300,-119.0
212,301,-119.0
212,302,-119.0
212,303,-119.0
212,304,-120.0
212,305,-120.0
212,306,-120.0
212,307,-120.0
212,308,-120.0
212,309,-121.0
212,310,-121.0
212,311,-121.0
212,312,-121.0
212,313,-121.0
212,314,-122.0
212,315,-122.0
212,316,-121.0
212,317,-120.0
212,318,-120.0
212,321,-80.0
213,43,-10.0
213,44,-9.0
213,45,-9.0
213,46,-9.0
213,47,-8.0
213,48,-8.0
213,49,-5.0
213,51,-3.0
213,52,-1.0
213,53,3.0
213,54,4.0
213,55,4.0
213,56,4.0
213,57,4.0
213,58,3.0
213,59,2.0
213,60,2.0
213,61,1.0
213,62,0.0
213,63,-0.0
213,64,-1.0
213,65,-1.0
213,66,-1.0
213,67,-1.0
213,68,-0.0
213,69,-0.0
213,70,-0.0
213,71,-0.0
213,72,0.0
213,73,0.0
213,74,0.0
213,75,0.0
213,76,0.0
213,77,0.0
213,78,0.0
213,79,0.0
213,80,0.0
213,81,0.0
213,82,1.0
213,83,1.0
213,84,2.0
213,85,2.0
213,86,8.0
213,87,9.0
213,88,9.0
213,89,9.0
213,90,9.0
213,91,9.0
213,92,9.0
213,93,9.0
213,94,9.0
213,95,9.0
213,96,9.0
213,97,9.0
213,98,9.0
213,99,9.0
213,100,9.0
213,101,9.0
213,102,9.0
213,105,5.0
213,106,5.0
213,107,6.0
213,108,6.0
213,109,6.0
213,110,6.0
213,111,6.0
213,112,6.0
213,113,5.0
213,114,4.0
213,115,4.0
213,116,5.0
213,117,4.0
213,118,5.0
213,119,6.0
213,120,8.0
213,121,9.0
213,122,9.0
213,123,9.0
213,124,9.0
213,125,9.0
213,126,9.0
213,127,9.0
213,128,9.0
213,129,7.0
213,130,2.0
213,131,1.0
213,132,0.0
213,133,-0.0
213,134,-1.0
213,135,-1.0
213,136,-1.0
213,137,-1.0
213,138,-1.0
213,139,-1.0
213,140,-1.0
213,141,-1.0
213,142,-0.0
213,143,-0.0
213,144,-0.0
213,145,0.0
213,147,45.0
213,221,0.0
213,222,0.0
213,223,0.0
213,224,0.0
213,225,0.0
213,226,-0.0
213,227,-0.0
213,228,-0.0
213,229,-0.0
213,230,-0.0
213,231,0.0
213,232,0.0
213,233,1.0
213,234,1.0
213,235,2.0
213,280,-124.0
213,281,-124.0
213,282,-124.0
213,283,-124.0
213,284,-124.0
213,285,-124.0
213,286,-124.0
213,287,-124.0
213,288,-125.0
213,289,-125.0
213,290,-125.0
213,291,-125.0
213,292,-125.0
213,293,-125.0
213,294,-125.0
213,295,-125.0
213,296,-125.0
213,297,-125.0
213,298,-125.0
213,299,-121.0
213,300,-119.0
213,301,-119.0
213,302,-119.0
213,303,-119.0
213,304,-120.0
213,305,-120.0
213,306,-120.0
213,307,-120.0
213,308,-120.0
213,309,-121.0
213,310,-121.0
213,311,-121.0
213,312,-121.0
213,313,-121.0
213,314,-122.0
213,315,-122.0
213,316,-121.0
213,317,-120.0
213,318,-119.0
213,319,-119.0
213,320,-117.0
213,321,-116.0
214,45,-9.0
214,46,-9.0
214,47,-8.0
214,48,-8.0
214,49,-5.0
214,50,-5.0
214,51,-3.0
214,52,0.0
214,53,3.0
214,54,4.0
214,55,4.0
214,56,4.0
214,57,4.0
214,58,3.0
214,59,2.0
214,60,1.0
214,61,1.0
214,62,0.0
214,63,-0.0
214,64,12.0
214,65,-1.0
214,66,-1.0
214,67,-1.0
214,68,-1.0
214,69,-0.0
214,70,-0.0
214,71,-0.0
214,72,-0.0
214,73,0.0
214,74,0.0
214,75,0.0
214,76,0.0
214,77,0.0
214,78,0.0
214,79,0.0
214,80,0.0
214,81,0.0
214,82,0.0
214,83,1.0
214,84,1.0
214,85,2.0
214,86,7.0
214,87,9.0
214,88,9.0
214,89,9.0
214,90,9.0
214,91,9.0
214,92,9.0
214,93,9.0
214,94,9.0
214,95,9.0
214,96,9.0
214,97,9.0
214,98,9.0
214,99,9.0
214,100,9.0
214,101,9.0
214,102,9.0
214,103,7.0
214,104,5.0
214,105,4.0
214,106,3.0
214,107,3.0
214,108,3.0
214,109,3.0
214,110,3.0
214,111,3.0
214,112,3.0
214,113,3.0
214,114,3.0
214,115,3.0
214,116,3.0
214,117,4.0
214,118,5.0
214,119,7.0
214,120,8.0
214,121,9.0
214,122,9.0
214,123,9.0
214,124,9.0
214,125,9.0
214,126,9.0
214,127,9.0
214,128,9.0
214,129,5.0
214,130,1.0
214,131,0.0
214,132,-0.0
214,133,-1.0
214,134,-1.0
214,135,-1.0
214,136,-1.0
214,137,-1.0
214,138,-1.0
214,139,-1.0
214,140,-1.0
214,141,-1.0
214,142,-0.0
214,143,-0.0
214,144,-0.0
214,145,0.0
214,147,45.0
214,221,0.0
214,222,0.0
214,223,0.0
214,224,0.0
214,225,0.0
214,226,0.0
214,227,-0.0
214,228,-0.0
214,229,-0.0
214,230,-0.0
214,231,0.0
214,232,1.0
214,233,1.0
214,234,1.0
214,235,2.0
214,280,-124.0
214,281,-124.0
214,282,-124.0
214,283,-124.0
214,284,-124.0
214,285,-124.0
214,286,-124.0
214,287,-125.0
214,288,-125.0
214,289,-125.0
214,290,-125.0
214,291,-125.0
214,292,-125.0
214,293,-125.0
214,294,-125.0
214,295,-125.0
214,296,-125.0
214,297,-125.0
214,298,-125.0
214,299,-122.0
214,300,-119.0
214,301,-119.0
214,302,-119.0
214,303,-119.0
214,304,-120.0
214,305,-120.0
214,306,-120.0
214,307,-120.0
214,308,-120.0
214,309,-121.0
214,310,-121.0
214,311,-121.0
214,312,-121.0
214,313,-122.0
214,314,-122.0
214,315,-122.0
214,316,-121.0
214,317,-121.0
214,318,-119.0
214,319,-118.0
214,320,-117.0
214,321,-115.0
215,46,-9.0
215,47,2.0
215,48,-8.0
215,49,-5.0
215,50,-5.0
215,51,-3.0
215,52,-0.0
215,53,10.0
215,54,4.0
215,55,4.0
215,56,4.0
215,57,4.0
215,58,3.0
215,59,2.0
215,60,1.0
215,61,1.0
215,62,0.0
215,63,-1.0
215,64,-1.0
215,65,-1.0
215,66,-1.0
215,67,-1.0
215,68,-1.0
215,69,-1.0
215,70,-0.0
215,71,-0.0
215,72,-0.0
215,73,0.0
215,74,0.0
215,75,0.0
215,76,0.0
215,77,0.0
215,78,0.0
215,79,0.0
215,80,0.0
215,81,0.0
215,82,0.0
215,83,0.0
215,84,1.0
215,85,1.0
215,86,2.0
215,87,7.0
215,88,9.0
215,89,9.0
215,90,9.0
215,91,9.0
215,92,8.0
215,93,9.0
215,94,9.0
215,95,9.0
215,96,9.0
215,97,9.0
215,98,9.0
215,99,9.0
215,100,9.0
215,101,9.0
215,102,8.0
215,103,6.0
215,104,5.0
215,105,3.0
215,106,3.0
215,107,3.0
215,108,3.0
215,109,3.0
215,110,3.0
215,111,3.0
215,112,3.0
215,113,3.0
215,114,3.0
215,115,3.0
215,116,3.0
215,117,3.0
215,118,5.0
215,119,6.0
215,120,7.0
215,121,9.0
215,122,9.0
215,123,9.0
215,124,8.0
215,125,9.0
215,126,9.0
215,127,9.0
215,128,8.0
215,129,1.0
215,130,0.0
215,131,-0.0
215,132,-0.0
215,133,-1.0
215,134,-1.0
215,135,-1.0
215,136,-1.0
215,137,-1.0
215,138,-1.0
215,139,-1.0
215,140,-1.0
215,141,-1.0
215,142,-0.0
215,143,-0.0
215,144,-0.0
215,145,0.0
215,147,45.0
215,221,0.0
215,222,0.0
215,223,0.0
215,224,0.0
215,225,0.0
215,226,0.0
215,227,0.0
215,228,-0.0
215,229,-0.0
215,230,-0.0
215,231,0.0
215,232,1.0
215,233,1.0
215,234,1.0
215,235,2.0
215,280,-124.0
215,281,-124.0
215,282,-124.0
215,283,-124.0
215,284,-124.0
215,285,-125.0
215,286,-125.0
215,287,-125.0
215,288,-125.0
215,289,-125.0
215,290,-125.0
215,291,-125.0
215,292,-125.0
215,293,-125.0
215,294,-125.0
215,295,-125.0
215,296,-125.0
215,297,-125.0
215,298,-126.0
215,299,-123.0
215,300,-119.0
215,301,-119.0
215,302,-119.0
215,303,-119.0
215,304,-120.0
215,305,-120.0
215,306,-120.0
215,307,-120.0
215,308,-121.0
215,309,-121.0
215,310,-121.0
215,311,-121.0
215,312,-121.0
215,313,-122.0
215,314,-122.0
215,315,-122.0
215,316,-121.0
215,317,-120.0
215,318,-120.0
215,319,-118.0
215,320,-116.0
215,321,-116.0
216,47,-8.0
216,48,-8.0
216,49,-5.0
216,50,-5.0
216,51,-3.0
216,52,5.0
216,53,24.0
216,54,13.0
216,55,4.0
216,56,5.0
216,57,3.0
216,58,3.0
216,59,2.0
216,60,2.0
216,61,1.0
216,62,-0.0
216,63,-1.0
216,64,-1.0
216,65,-2.0
216,66,-1.0
216,67,-1.0
216,68,-1.0
216,69,-1.0
216,70,-0.0
216,71,-0.0
216,72,-0.0
216,73,-0.0
216,74,0.0
216,75,0.0
216,76,0.0
216,77,0.0
216,78,0.0
216,79,0.0
216,80,0.0
216,81,0.0
216,82,0.0
216,83,0.0
216,84,1.0
216,85,1.0
216,86,1.0
216,87,1.0
216,88,3.0
216,89,2.0
216,90,2.0
216,91,2.0
216,92,2.0
216,93,2.0
216,94,2.0
216,95,2.0
216,96,4.0
216,97,4.0
216,98,4.0
216,99,2.0
216,100,2.0
216,101,2.0
216,102,2.0
216,103,1.0
216,104,1.0
216,105,1.0
216,106,1.0
216,107,1.0
216,108,1.0
216,109,1.0
216,110,1.0
216,111,1.0
216,112,1.0
216,113,0.0
216,114,0.0
216,115,0.0
216,116,1.0
216,117,1.0
216,118,2.0
216,119,2.0
216,120,2.0
216,121,4.0
216,122,3.0
216,123,2.0
216,124,4.0
216,125,2.0
216,126,2.0
216,127,3.0
216,128,2.0
216,129,0.0
216,130,0.0
216,131,-0.0
216,132,-1.0
216,133,-1.0
216,134,-1.0
216,135,-1.0
216,136,-1.0
216,137,-1.0
216,138,-1.0
216,139,-1.0
216,140,-0.0
216,141,-0.0
216,142,-0.0
216,143,-0.0
216,144,-0.0
216,145,-0.0
216,146,0.0
216,147,1.0
216,221,0.0
216,222,0.0
216,223,0.0
216,224,0.0
216,225,0.0
216,226,0.0
216,227,0.0
216,228,0.0
216,229,-0.0
216,230,-0.0
216,231,0.0
216,232,1.0
216,233,1.0
216,234,2.0
216,235,2.0
216,280,-124.0
216,281,-124.0
216,282,-124.0
216,283,-125.0
216,284,-125.0
216,285,-125.0
216,286,-125.0
216,287,-125.0
216,288,-125.0
216,289,-125.0
216,290,-125.0
216,291,-125.0
216,292,-125.0
216,293,-125.0
216,294,-125.0
216,295,-125.0
216,296,-125.0
216,297,-125.0
216,298,-126.0
216,299,-121.0
216,300,-119.0
216,301,-119.0
216,302,-119.0
216,303,-119.0
216,304,-120.0
216,305,-120.0
216,306,-120.0
216,307,-121.0
216,308,-121.0
216,309,-121.0
216,310,-121.0
216,311,-121.0
216,312,-122.0
216,313,-122.0
216,314,-122.0
216,315,-121.0
216,316,-121.0
216,317,-120.0
216,318,-119.0
216,319,-118.0
216,320,-103.0
216,321,-116.0
217,47,-8.0
217,49,-5.0
217,50,-3.0
217,51,-2.0
217,52,12.0
217,53,27.0
217,54,29.0
217,55,26.0
217,56,18.0
217,57,10.0
217,58,3.0
217,59,7.0
217,60,1.0
217,61,1.0
217,62,-0.0
217,63,-1.0
217,64,-1.0
217,65,-2.0
217,66,-2.0
217,67,-1.0
217,68,-1.0
217,69,-1.0
217,70,-1.0
217,71,-0.0
217,72,-0.0
217,73,-0.0
217,74,0.0
217,75,0.0
217,76,0.0
217,77,0.0
217,78,0.0
217,79,0.0
217,80,0.0
217,81,0.0
217,82,0.0
217,83,0.0
217,84,0.0
217,85,0.0
217,86,0.0
217,87,0.0
217,88,1.0
217,89,1.0
217,90,1.0
217,91,0.0
217,92,-0.0
217,93,-1.0
217,94,-1.0
217,95,-1.0
217,96,-0.0
217,97,-0.0
217,98,-0.0
217,99,-0.0
217,100,1.0
217,101,1.0
217,102,1.0
217,103,1.0
217,104,0.0
217,105,1.0
217,106,1.0
217,107,0.0
217,108,0.0
217,109,0.0
217,110,0.0
217,111,0.0
217,112,0.0
217,113,-0.0
217,114,-0.0
217,115,-0.0
217,116,0.0
217,117,1.0
217,118,1.0
217,119,1.0
217,120,1.0
217,121,1.0
217,122,1.0
217,123,1.0
217,124,1.0
217,125,1.0
217,126,1.0
217,127,1.0
217,128,0.0
217,129,-0.0
217,130,-0.0
217,131,-1.0
217,132,-1.0
217,133,-1.0
217,134,-1.0
217,135,-1.0
217,136,-1.0
217,137,-1.0
217,138,-1.0
217,139,-0.0
217,140,-0.0
217,141,-0.0
217,142,-0.0
217,143,-0.0
217,144,-0.0
217,145,-0.0
217,146,0.0
217,147,0.0
217,223,0.0
217,224,0.0
217,225,0.0
217,226,0.0
217,227,0.0
217,228,0.0
217,229,-0.0
217,230,-0.0
217,231,0.0
217,232,1.0
217,233,1.0
217,234,2.0
217,235,2.0
217,236,2.0
217,237,3.0
217,238,3.0
217,239,3.0
217,240,3.0
217,241,4.0
217,242,4.0
217,243,4.0
217,244,8.0
217,245,17.0
217,246,23.0
217,247,30.0
217,248,38.0
217,249,44.0
217,250,51.0
217,251,60.0
217,252,67.0
217,253,73.0
217,254,82.0
217,255,90.0
217,256,96.0
217,257,96.0
217,258,96.0
217,259,96.0
217,260,97.0
217,261,97.0
217,262,98.0
217,263,98.0
217,264,98.0
217,265,98.0
217,266,98.0
217,280,-124.0
217,281,-124.0
217,282,-125.0
217,283,-125.0
217,284,-125.0
217,285,99.0
217,286,-125.0
217,287,-125.0
217,288,-125.0
217,289,-125.0
217,290,-125.0
217,291,99.0
217,292,99.0
217,293,99.0
217,294,99.0
217,295,99.0
217,296,99.0
217,297,99.0
217,298,99.0
217,299,99.0
217,300,-119.0
217,301,98.0
217,302,98.0
217,303,98.0
217,304,98.0
217,305,-120.0
217,306,-120.0
217,307,-120.0
217,308,-121.0
217,309,98.0
217,310,98.0
217,311,98.0
217,312,98.0
217,313,98.0
217,314,-121.0
217,315,-121.0
217,316,-121.0
217,317,-120.0
217,318,-119.0
217,319,98.0
217,320,-116.0
217,321,-115.0
218,47,17.0
218,48,-8.0
218,50,-5.0
218,51,14.0
218,52,20.0
218,53,38.0
218,54,45.0
218,55,43.0
218,56,33.0
218,57,29.0
218,58,27.0
218,59,2.0
218,60,1.0
218,61,1.0
218,62,-0.0
218,63,-1.0
218,64,-1.0
218,65,-2.0
218,66,-2.0
218,67,-1.0
218,68,-1.0
218,69,-1.0
218,70,-1.0
218,71,-0.0
218,72,-0.0
218,73,-0.0
218,74,0.0
218,75,0.0
218,76,0.0
218,77,0.0
218,78,0.0
218,79,0.0
218,80,1.0
218,81,0.0
218,82,0.0
218,83,0.0
218,84,0.0
218,85,0.0
218,86,0.0
218,87,0.0
218,88,-0.0
218,89,-0.0
218,90,-0.0
218,91,-0.0
218,92,-1.0
218,93,-2.0
218,94,-2.0
218,95,-2.0
218,96,-2.0
218,97,-2.0
218,98,-2.0
218,99,-1.0
218,100,-1.0
218,101,-0.0
218,102,-0.0
218,103,-0.0
218,104,-0.0
218,105,-0.0
218,106,-0.0
218,107,-0.0
218,108,-0.0
218,109,-0.0
218,110,-0.0
218,111,-0.0
218,112,-1.0
218,113,-1.0
218,114,-1.0
218,115,-1.0
218,116,-1.0
218,117,-0.0
218,118,0.0
218,119,0.0
218,120,0.0
218,121,-0.0
218,122,-0.0
218,123,0.0
218,124,0.0
218,125,0.0
218,126,0.0
218,127,0.0
218,128,-0.0
218,129,-0.0
218,130,-0.0
218,131,-1.0
218,132,-1.0
218,133,-1.0
218,134,-1.0
218,135,-1.0
218,136,-1.0
218,137,-0.0
218,138,-0.0
218,139,-0.0
218,140,-0.0
218,141,-0.0
218,142,-0.0
218,143,-0.0
218,144,-0.0
218,145,-0.0
218,146,-0.0
218,147,1.0
218,223,0.0
218,224,0.0
218,225,0.0
218,226,0.0
218,227,0.0
218,228,0.0
218,229,-0.0
218,230,-0.0
218,231,0.0
218,232,1.0
218,233,1.0
218,234,2.0
218,235,2.0
218,236,2.0
218,237,3.0
218,238,3.0
218,239,3.0
218,240,3.0
218,241,4.0
218,242,4.0
218,243,4.0
218,244,8.0
218,245,15.0
218,246,22.0
218,247,30.0
218,248,38.0
218,249,46.0
218,250,51.0
218,251,60.0
218,252,67.0
218,253,75.0
218,254,81.0
218,255,90.0
218,256,96.0
218,257,96.0
218,258,96.0
218,259,96.0
218,260,97.0
218,261,97.0
218,262,97.0
218,263,98.0
218,264,98.0
218,265,98.0
218,266,98.0
218,280,-124.0
218,281,-125.0
218,282,-125.0
218,283,-125.0
218,284,-125.0
218,285,98.0
218,286,98.0
218,287,-125.0
218,288,-125.0
218,289,-125.0
218,290,98.0
218,291,99.0
218,292,99.0
218,293,99.0
218,294,99.0
218,295,99.0
218,296,99.0
218,297,99.0
218,298,98.0
218,299,98.0
218,300,98.0
218,301,98.0
218,302,98.0
218,303,98.0
218,304,-120.0
218,305,98.0
218,306,98.0
218,307,-120.0
218,308,-120.0
218,309,98.0
218,310,98.0
218,311,98.0
218,312,98.0
218,313,-121.0
218,314,-121.0
218,315,98.0
218,316,98.0
218,317,98.0
218,318,-118.0
218,319,-118.0
219,47,5.0
219,48,-6.0
219,49,-4.0
219,51,12.0
219,52,0.0
219,53,38.0
219,54,50.0
219,55,52.0
219,56,42.0
219,57,39.0
219,58,24.0
219,59,16.0
219,60,1.0
219,61,0.0
219,62,-0.0
219,63,-0.0
219,64,-1.0
219,65,-2.0
219,66,-2.0
219,67,-1.0
219,68,-1.0
219,69,-1.0
219,70,-1.0
219,71,-0.0
219,72,-0.0
219,73,-0.0
219,74,0.0
219,75,0.0
219,76,0.0
219,77,1.0
219,78,1.0
219,79,1.0
219,80,1.0
219,81,1.0
219,82,1.0
219,83,1.0
219,84,0.0
219,85,0.0
219,86,0.0
219,87,-0.0
219,88,-0.0
219,89,-0.0
219,90,-1.0
219,91,-1.0
219,92,-2.0
219,93,-3.0
219,94,-3.0
219,95,-4.0
219,96,-4.0
219,97,-4.0
219,98,-4.0
219,99,-3.0
219,100,-2.0
219,101,-1.0
219,102,-1.0
219,103,-1.0
219,104,-2.0
219,105,-1.0
219,106,-1.0
219,107,-1.0
219,108,-1.0
219,109,-1.0
219,110,-1.0
219,111,-1.0
219,112,-1.0
219,113,-1.0
219,114,-1.0
219,115,-1.0
219,116,-1.0
219,117,-1.0
219,118,-1.0
219,119,-1.0
219,120,-1.0
219,121,-1.0
219,122,-1.0
219,123,-1.0
219,124,-0.0
219,125,-1.0
219,126,-1.0
219,127,-1.0
219,128,-1.0
219,129,-1.0
219,130,-1.0
219,131,-1.0
219,132,-1.0
219,133,-1.0
219,134,-0.0
219,135,-0.0
219,136,-0.0
219,137,-0.0
219,138,-0.0
219,139,-0.0
219,140,-0.0
219,141,-0.0
219,142,0.0
219,143,-0.0
219,144,-0.0
219,145,-0.0
219,146,1.0
219,147,1.0
219,223,0.0
219,224,0.0
219,225,0.0
219,226,0.0
219,227,0.0
219,228,0.0
219,229,-0.0
219,230,0.0
219,231,0.0
219,232,1.0
219,233,1.0
219,234,2.0
219,235,2.0
219,236,2.0
219,237,3.0
219,238,3.0
219,239,3.0
219,240,3.0
219,241,4.0
219,242,4.0
219,243,4.0
219,244,9.0
219,245,15.0
219,246,23.0
219,247,31.0
219,248,38.0
219,249,45.0
219,250,51.0
219,251,60.0
219,252,66.0
219,253,74.0
219,254,82.0
219,255,90.0
219,256,96.0
219,257,96.0
219,258,96.0
219,259,96.0
219,260,97.0
219,261,97.0
219,262,97.0
219,263,98.0
219,264,98.0
219,265,98.0
219,266,98.0
219,280,-125.0
219,281,-125.0
219,282,-125.0
219,283,-125.0
219,284,-125.0
219,285,98.0
219,286,-125.0
219,287,98.0
219,288,98.0
219,289,98.0
219,290,98.0
219,291,98.0
219,292,98.0
219,293,98.0
219,294,98.0
219,295,98.0
219,296,98.0
219,297,98.0
219,298,98.0
219,299,98.0
219,300,98.0
219,301,98.0
219,302,98.0
219,303,98.0
219,304,97.0
219,305,97.0
219,306,-120.0
219,307,97.0
219,308,-120.0
219,309,-119.0
219,310,98.0
219,311,98.0
219,312,98.0
219,313,98.0
219,314,98.0
219,315,98.0
219,316,98.0
219,317,-120.0
219,318,98.0
219,319,98.0
219,320,-116.0
219,321,-116.0
220,46,-8.0
220,47,40.0
220,49,-2.0
220,51,44.0
220,52,17.0
220,53,37.0
220,54,54.0
220,55,56.0
220,56,46.0
220,57,45.0
220,58,47.0
220,59,38.0
220,60,1.0
220,61,1.0
220,62,-0.0
220,63,-1.0
220,64,-1.0
220,65,-1.0
220,66,-1.0
220,67,-1.0
220,68,-1.0
220,69,-1.0
220,70,-1.0
220,71,-0.0
220,72,-0.0
220,73,-0.0
220,74,0.0
220,75,0.0
220,76,1.0
220,77,1.0
220,78,1.0
220,79,1.0
220,80,1.0
220,81,1.0
220,82,1.0
220,83,1.0
220,84,1.0
220,85,1.0
220,86,0.0
220,87,-0.0
220,88,-0.0
220,89,-1.0
220,90,-1.0
220,91,-2.0
220,92,-2.0
220,93,-3.0
220,94,-4.0
220,95,-4.0
220,96,-5.0
220,97,-5.0
220,98,-5.0
220,99,-4.0
220,100,-3.0
220,101,-3.0
220,102,-2.0
220,103,-2.0
220,104,-2.0
220,105,-2.0
220,106,-2.0
220,107,-2.0
220,108,-2.0
220,109,-2.0
220,110,-2.0
220,111,-2.0
220,112,-2.0
220,113,-2.0
220,114,-2.0
220,115,-2.0
220,116,-2.0
220,117,-2.0
220,118,-2.0
220,119,-2.0
220,120,-2.0
220,121,-2.0
220,122,-2.0
220,123,-2.0
220,124,-1.0
220,125,-1.0
220,126,-1.0
220,127,-1.0
220,128,-1.0
220,129,-1.0
220,130,-1.0
220,131,-1.0
220,132,-1.0
220,133,-0.0
220,134,-0.0
220,135,-0.0
220,136,-0.0
220,137,0.0
220,138,0.0
220,139,0.0
220,140,0.0
220,141,0.0
220,142,0.0
220,143,0.0
220,144,0.0
220,145,0.0
220,146,0.0
220,147,2.0
220,223,0.0
220,224,0.0
220,225,0.0
220,226,0.0
220,227,0.0
220,228,0.0
220,229,0.0
220,230,0.0
220,231,0.0
220,232,1.0
220,233,1.0
220,234,2.0
220,235,2.0
220,236,2.0
220,237,3.0
220,238,3.0
220,239,3.0
220,240,3.0
220,241,4.0
220,242,4.0
220,243,4.0
220,244,9.0
220,245,16.0
220,246,22.0
220,247,31.0
220,248,38.0
220,249,44.0
220,250,52.0
220,251,60.0
220,252,68.0
220,253,74.0
220,254,81.0
220,255,90.0
220,256,96.0
220,257,96.0
220,258,96.0
220,259,96.0
220,260,97.0
220,261,97.0
220,262,97.0
220,263,97.0
220,264,97.0
220,265,97.0
220,266,98.0
220,267,98.0
220,268,98.0
220,269,98.0
220,270,99.0
220,271,99.0
220,272,99.0
220,273,99.0
220,274,99.0
220,275,99.0
220,276,99.0
220,277,98.0
220,278,97.0
220,279,97.0
220,280,97.0
220,281,97.0
220,282,97.0
220,283,97.0
220,284,98.0
220,285,98.0
220,286,98.0
220,287,98.0
220,288,98.0
220,289,98.0
220,290,98.0
220,291,98.0
220,292,98.0
220,293,98.0
220,294,98.0
220,295,98.0
220,296,98.0
220,297,98.0
220,298,9.0
220,299,-119.0
220,300,-11.0
220,301,-119.0
220,302,-119.0
220,303,-119.0
220,304,-120.0
220,305,97.0
220,306,97.0
220,307,-120.0
220,308,-120.0
220,309,-120.0
220,310,-121.0
220,311,97.0
220,312,-121.0
220,313,97.0
220,314,97.0
220,315,97.0
220,316,97.0
220,317,97.0
220,318,97.0
220,319,97.0
220,320,97.0
220,321,-78.0
220,322,97.0
220,323,97.0
220,324,98.0
220,325,97.0
220,326,97.0
220,327,97.0
220,328,97.0
221,43,-8.0
221,44,-8.0
221,45,-8.0
221,49,27.0
221,50,19.0
221,52,2.0
221,53,47.0
221,54,57.0
221,55,56.0
221,56,47.0
221,57,47.0
221,58,47.0
221,59,46.0
221,60,46.0
221,61,16.0
221,62,34.0
221,63,19.0
221,64,-1.0
221,65,-1.0
221,66,2.0
221,67,-1.0
221,68,-1.0
221,69,-1.0
221,70,-0.0
221,71,-0.0
221,72,-0.0
221,73,0.0
221,74,0.0
221,75,1.0
221,76,1.0
221,77,1.0
221,78,1.0
221,79,1.0
221,80,1.0
221,81,1.0
221,82,1.0
221,83,1.0
221,84,1.0
221,85,1.0
221,86,0.0
221,87,-0.0
221,88,-1.0
221,89,-1.0
221,90,-1.0
221,91,-2.0
221,92,-2.0
221,93,-3.0
221,94,-4.0
221,95,-4.0
221,96,-5.0
221,97,-5.0
221,98,-5.0
221,99,-5.0
221,100,-4.0
221,101,-4.0
221,102,-4.0
221,103,-3.0
221,104,-3.0
221,105,-3.0
221,106,-3.0
221,107,-2.0
221,108,-2.0
221,109,-2.0
221,110,-2.0
221,111,-2.0
221,112,23.0
221,113,-2.0
221,114,-2.0
221,115,-2.0
221,116,-2.0
221,117,-2.0
221,118,-3.0
221,119,-3.0
221,120,-3.0
221,121,-3.0
221,122,-2.0
221,123,-2.0
221,124,-1.0
221,125,-1.0
221,126,-1.0
221,127,-1.0
221,128,-1.0
221,129,-1.0
221,130,-1.0
221,131,-0.0
221,132,-0.0
221,133,-0.0
221,134,-0.0
221,135,0.0
221,136,0.0
221,137,0.0
221,138,0.0
221,139,0.0
221,140,0.0
221,141,0.0
221,142,0.0
221,143,0.0
221,144,0.0
221,145,0.0
221,146,0.0
221,147,1.0
221,223,0.0
221,224,0.0
221,225,0.0
221,226,0.0
221,227,0.0
221,228,0.0
221,229,0.0
221,230,0.0
221,231,1.0
221,232,1.0
221,233,1.0
221,234,2.0
221,235,2.0
221,236,2.0
221,237,3.0
221,238,3.0
221,239,3.0
221,240,3.0
221,241,4.0
221,242,4.0
221,243,4.0
221,244,8.0
221,245,15.0
221,246,24.0
221,247,30.0
221,248,38.0
221,249,45.0
221,250,53.0
221,251,59.0
221,252,67.0
221,253,74.0
221,254,82.0
221,255,89.0
221,256,96.0
221,257,96.0
221,258,96.0
221,259,96.0
221,260,96.0
221,261,97.0
221,262,97.0
221,263,97.0
221,264,97.0
221,265,97.0
221,266,97.0
221,267,97.0
221,268,97.0
221,269,98.0
221,270,98.0
221,271,98.0
221,272,98.0
221,273,98.0
221,274,98.0
221,275,98.0
221,276,98.0
221,277,97.0
221,278,97.0
221,279,97.0
221,280,97.0
221,281,97.0
221,282,97.0
221,283,97.0
221,284,97.0
221,285,97.0
221,286,97.0
221,287,98.0
221,288,98.0
221,289,98.0
221,290,98.0
221,291,98.0
221,292,98.0
221,293,-125.0
221,294,-126.0
221,295,98.0
221,296,98.0
221,297,-126.0
221,298,-126.0
221,299,-120.0
221,300,-119.0
221,301,-119.0
221,302,-119.0
221,303,-119.0
221,304,-120.0
221,305,-120.0
221,306,-120.0
221,307,-120.0
221,308,-120.0
221,309,-120.0
221,310,-121.0
221,311,-121.0
221,312,-120.0
221,313,-120.0
221,314,97.0
221,315,97.0
221,316,97.0
221,317,97.0
221,318,97.0
221,319,97.0
221,320,97.0
221,321,97.0
221,322,97.0
221,323,97.0
221,324,97.0
221,325,97.0
221,326,97.0
222,43,-8.0
222,47,-2.0
222,48,14.0
222,50,1.0
222,51,1.0
222,53,3.0
222,54,56.0
222,55,56.0
222,56,50.0
222,57,49.0
222,58,48.0
222,59,48.0
222,60,48.0
222,61,46.0
222,62,41.0
222,63,35.0
222,64,-0.0
222,65,-0.0
222,66,-0.0
222,67,-0.0
222,68,-0.0
222,69,-0.0
222,70,-0.0
222,71,-0.0
222,72,-0.0
222,73,0.0
222,74,1.0
222,75,1.0
222,76,2.0
222,77,2.0
222,78,2.0
222,79,2.0
222,80,2.0
222,81,2.0
222,82,2.0
222,83,2.0
222,84,1.0
222,85,1.0
222,86,1.0
222,87,0.0
222,88,-1.0
222,89,-1.0
222,90,-2.0
222,91,-2.0
222,92,-3.0
222,93,-3.0
222,94,-4.0
222,95,-4.0
222,96,-5.0
222,97,-5.0
222,98,-5.0
222,99,-5.0
222,100,-4.0
222,101,-4.0
222,102,-4.0
222,103,-3.0
222,104,-3.0
222,105,-3.0
222,106,-3.0
222,107,-3.0
222,108,-2.0
222,109,8.0
222,110,-2.0
222,111,-2.0
222,112,-2.0
222,113,-2.0
222,114,-2.0
222,115,-2.0
222,116,-2.0
222,117,-3.0
222,118,-3.0
222,119,-3.0
222,120,-3.0
222,121,-3.0
222,122,-3.0
222,123,-2.0
222,124,-2.0
222,125,-2.0
222,126,-1.0
222,127,-1.0
222,128,-1.0
222,129,-1.0
222,130,-1.0
222,131,-0.0
222,132,-0.0
222,133,0.0
222,134,0.0
222,135,0.0
222,136,0.0
222,137,1.0
222,138,1.0
222,139,1.0
222,140,1.0
222,141,1.0
222,142,1.0
222,143,1.0
222,144,1.0
222,145,1.0
222,146,1.0
222,147,1.0
222,223,0.0
222,224,7.0
222,225,0.0
222,226,0.0
222,227,0.0
222,228,0.0
222,229,0.0
222,230,0.0
222,231,1.0
222,232,1.0
222,233,1.0
222,234,2.0
222,235,2.0
222,236,2.0
222,237,3.0
222,238,3.0
222,239,3.0
222,240,3.0
222,241,4.0
222,242,4.0
222,243,4.0
222,244,8.0
222,245,15.0
222,246,24.0
222,247,30.0
222,248,37.0
222,249,45.0
222,250,53.0
222,251,60.0
222,252,68.0
222,253,75.0
222,254,82.0
222,255,89.0
222,256,96.0
222,257,96.0
222,258,96.0
222,259,96.0
222,260,96.0
222,261,96.0
222,262,96.0
222,263,96.0
222,264,97.0
222,265,97.0
222,266,97.0
222,267,97.0
222,268,97.0
222,269,97.0
222,270,97.0
222,271,98.0
222,272,97.0
222,273,97.0
222,274,97.0
222,275,97.0
222,276,97.0
222,277,96.0
222,278,96.0
222,279,96.0
222,280,96.0
222,281,96.0
222,282,97.0
222,283,97.0
222,284,97.0
222,285,97.0
222,286,-76.0
222,287,-125.0
222,288,97.0
222,289,97.0
222,290,-95.0
222,291,97.0
222,292,-125.0
222,293,-126.0
222,294,-14.0
222,295,-126.0
222,296,97.0
222,297,97.0
222,298,-126.0
222,299,-119.0
222,300,-119.0
222,301,-119.0
222,302,-119.0
222,303,-119.0
222,304,-120.0
222,305,-120.0
222,306,-120.0
222,307,-120.0
222,308,-120.0
222,309,-120.0
222,310,-120.0
222,311,-120.0
222,312,-120.0
222,313,97.0
222,314,97.0
222,315,97.0
222,316,97.0
222,317,97.0
222,318,97.0
222,319,97.0
222,320,97.0
222,321,-116.0
222,322,97.0
222,323,97.0
222,324,97.0
222,325,97.0
222,326,97.0
222,327,97.0
223,43,-8.0
223,45,-8.0
223,46,-8.0
223,51,1.0
223,52,2.0
223,53,2.0
223,54,57.0
223,55,55.0
223,56,50.0
223,57,50.0
223,58,50.0
223,59,49.0
223,60,48.0
223,61,1.0
223,62,31.0
223,63,1.0
223,64,0.0
223,65,0.0
223,66,0.0
223,67,0.0
223,68,0.0
223,69,0.0
223,70,-0.0
223,71,-0.0
223,72,-0.0
223,73,1.0
223,74,1.0
223,75,1.0
223,76,2.0
223,77,2.0
223,78,3.0
223,79,3.0
223,80,3.0
223,81,3.0
223,82,2.0
223,83,2.0
223,84,2.0
223,85,1.0
223,86,0.0
223,87,-0.0
223,88,-1.0
223,89,-1.0
223,90,-2.0
223,91,-3.0
223,92,-3.0
223,93,-4.0
223,94,-4.0
223,95,-4.0
223,96,-5.0
223,97,-5.0
223,98,-5.0
223,99,-5.0
223,100,-5.0
223,101,-4.0
223,102,-4.0
223,103,-4.0
223,104,-4.0
223,105,-4.0
223,106,-3.0
223,107,-3.0
223,108,17.0
223,109,-3.0
223,110,16.0
223,111,-2.0
223,112,-2.0
223,113,-2.0
223,114,-2.0
223,115,-2.0
223,116,-2.0
223,117,-3.0
223,118,-3.0
223,119,-3.0
223,120,-3.0
223,121,-3.0
223,122,-3.0
223,123,-3.0
223,124,-2.0
223,125,-2.0
223,126,-1.0
223,127,-1.0
223,128,-1.0
223,129,-1.0
223,130,-0.0
223,131,-0.0
223,132,-0.0
223,133,0.0
223,134,0.0
223,135,1.0
223,136,1.0
223,137,1.0
223,138,1.0
223,139,1.0
223,140,1.0
223,141,1.0
223,142,1.0
223,143,1.0
223,144,1.0
223,145,1.0
223,146,1.0
223,147,1.0
223,223,0.0
223,224,0.0
223,225,0.0
223,226,0.0
223,227,0.0
223,228,0.0
223,229,0.0
223,230,0.0
223,231,1.0
223,232,1.0
223,233,1.0
223,234,2.0
223,235,2.0
223,236,2.0
223,237,3.0
223,238,3.0
223,239,3.0
223,240,3.0
223,241,3.0
223,242,4.0
223,243,4.0
223,244,10.0
223,245,16.0
223,246,23.0
223,247,31.0
223,248,38.0
223,249,45.0
223,250,53.0
223,251,58.0
223,252,67.0
223,253,76.0
223,254,84.0
223,255,92.0
223,256,96.0
223,257,96.0
223,258,96.0
223,259,96.0
223,260,96.0
223,261,96.0
223,262,96.0
223,263,96.0
223,264,96.0
223,265,96.0
223,266,96.0
223,267,96.0
223,268,96.0
223,269,96.0
223,270,97.0
223,271,97.0
223,272,97.0
223,273,96.0
223,274,96.0
223,275,96.0
223,276,96.0
223,277,96.0
223,278,96.0
223,279,96.0
223,280,-125.0
223,281,-125.0
223,282,96.0
223,283,96.0
223,284,96.0
223,285,-125.0
223,286,-125.0
223,287,97.0
223,288,97.0
223,289,-99.0
223,290,-125.0
223,291,-106.0
223,292,-126.0
223,293,-126.0
223,294,-126.0
223,295,-126.0
223,296,-126.0
223,297,-126.0
223,298,-126.0
223,299,-119.0
223,300,-119.0
223,301,-119.0
223,302,96.0
223,303,-119.0
223,304,-120.0
223,305,-120.0
223,306,-120.0
223,307,-120.0
223,308,-120.0
223,309,-120.0
223,310,-120.0
223,311,-120.0
223,312,96.0
223,313,97.0
223,314,97.0
223,315,-120.0
223,316,97.0
223,317,-119.0
223,318,-118.0
223,319,97.0
223,320,97.0
223,321,97.0
223,322,97.0
223,323,97.0
223,324,97.0
223,325,97.0
223,326,97.0
223,327,97.0
223,328,97.0
223,329,97.0
223,331,97.0
224,43,-8.0
224,44,-8.0
224,45,-8.0
224,51,1.0
224,52,23.0
224,53,42.0
224,54,49.0
224,55,50.0
224,56,50.0
224,57,50.0
224,58,50.0
224,59,49.0
224,60,1.0
224,61,1.0
224,62,1.0
224,63,1.0
224,64,1.0
224,65,13.0
224,66,0.0
224,67,0.0
224,68,0.0
224,69,0.0
224,70,0.0
224,71,-0.0
224,72,0.0
224,73,1.0
224,74,1.0
224,75,3.0
224,76,6.0
224,77,6.0
224,78,6.0
224,79,4.0
224,80,4.0
224,81,3.0
224,82,3.0
224,83,3.0
224,84,2.0
224,85,1.0
224,86,1.0
224,87,0.0
224,88,-1.0
224,89,-2.0
224,90,-2.0
224,91,-3.0
224,92,-3.0
224,93,-4.0
224,94,-4.0
224,95,-4.0
224,96,-5.0
224,97,-5.0
224,98,-5.0
224,99,-5.0
224,100,-5.0
224,101,-5.0
224,102,-5.0
224,103,-4.0
224,104,-4.0
224,105,-4.0
224,106,-4.0
224,107,-3.0
224,108,-3.0
224,109,51.0
224,110,-3.0
224,111,-2.0
224,112,-2.0
224,113,-2.0
224,114,-2.0
224,115,-2.0
224,116,-3.0
224,117,-3.0
224,118,-4.0
224,119,-4.0
224,120,-4.0
224,121,-4.0
224,122,-3.0
224,123,-3.0
224,124,-3.0
224,125,-2.0
224,126,-2.0
224,127,-1.0
224,128,-1.0
224,129,-0.0
224,130,-0.0
224,131,0.0
224,132,0.0
224,133,0.0
224,134,1.0
224,135,1.0
224,136,1.0
224,137,1.0
224,138,1.0
224,140,1.0
224,141,1.0
224,142,1.0
224,143,1.0
224,144,1.0
224,145,1.0
224,146,1.0
224,147,1.0
224,223,0.0
224,224,0.0
224,225,0.0
224,226,0.0
224,227,0.0
224,228,0.0
224,229,0.0
224,230,1.0
224,231,1.0
224,232,1.0
224,233,1.0
224,234,2.0
224,235,2.0
224,236,2.0
224,237,3.0
224,238,3.0
224,239,3.0
224,240,3.0
224,241,3.0
224,242,3.0
224,243,3.0
224,244,9.0
224,245,16.0
224,246,25.0
224,247,33.0
224,248,42.0
224,249,50.0
224,250,57.0
224,251,66.0
224,252,74.0
224,253,84.0
224,254,91.0
224,255,96.0
224,256,98.0
224,257,98.0
224,258,98.0
224,259,98.0
224,260,97.0
224,261,96.0
224,262,96.0
224,263,96.0
224,264,96.0
224,265,96.0
224,266,96.0
224,267,96.0
224,268,96.0
224,269,96.0
224,270,96.0
224,271,96.0
224,272,96.0
224,273,96.0
224,274,96.0
224,275,96.0
224,276,96.0
224,277,96.0
224,278,96.0
224,279,96.0
224,280,-125.0
224,281,-125.0
224,282,96.0
224,283,96.0
224,284,96.0
224,285,96.0
224,286,-125.0
224,287,-125.0
224,288,96.0
224,289,-125.0
224,290,-125.0
224,291,-126.0
224,292,-126.0
224,293,97.0
224,294,-116.0
224,295,-126.0
224,296,-126.0
224,297,-126.0
224,298,-126.0
224,299,-120.0
224,300,-119.0
224,301,-119.0
224,302,-119.0
224,303,-119.0
224,304,-120.0
224,305,-121.0
224,306,-120.0
224,307,-120.0
224,308,-120.0
224,309,-120.0
224,310,-120.0
224,311,-120.0
224,312,-120.0
224,313,96.0
224,314,-120.0
224,315,96.0
224,316,96.0
224,317,96.0
224,318,-119.0
224,319,96.0
224,320,96.0
224,321,96.0
224,322,96.0
224,323,96.0
224,324,97.0
224,325,97.0
224,326,96.0
224,327,96.0
224,328,96.0
224,329,96.0
224,330,97.0
224,331,97.0
225,50,1.0
225,51,1.0
225,53,3.0
225,64,0.0
225,65,0.0
225,66,1.0
225,67,1.0
225,68,1.0
225,69,1.0
225,70,1.0
225,79,9.0
225,80,9.0
225,81,9.0
225,82,9.0
225,83,4.0
225,84,2.0
225,85,1.0
225,86,0.0
225,87,-0.0
225,88,-1.0
225,89,-2.0
225,90,-2.0
225,91,-3.0
225,92,-3.0
225,93,-4.0
225,94,-4.0
225,95,-4.0
225,96,-5.0
225,97,-5.0
225,98,-5.0
225,99,-5.0
225,100,-5.0
225,101,-5.0
225,102,-5.0
225,103,-5.0
225,104,-5.0
225,105,-4.0
225,106,-4.0
225,107,-3.0
225,108,-3.0
225,109,-3.0
225,110,-3.0
225,111,-3.0
225,112,-2.0
225,113,-2.0
225,114,-2.0
225,115,32.0
225,116,-3.0
225,117,-3.0
225,118,-4.0
225,119,-4.0
225,120,-4.0
225,121,-4.0
225,122,-4.0
225,123,-3.0
225,124,-3.0
225,125,14.0
225,126,-2.0
225,127,-1.0
225,128,-0.0
225,129,-0.0
225,130,-0.0
225,131,0.0
225,132,0.0
225,133,1.0
225,134,1.0
225,135,1.0
225,136,1.0
225,137,1.0
225,138,1.0
225,139,1.0
225,140,1.0
225,141,1.0
225,142,1.0
225,143,1.0
225,144,1.0
225,145,1.0
225,146,1.0
225,147,1.0
225,223,0.0
225,224,0.0
225,225,0.0
225,226,0.0
225,227,0.0
225,228,0.0
225,229,0.0
225,230,1.0
225,231,1.0
225,232,1.0
225,233,1.0
225,234,2.0
225,235,2.0
225,236,2.0
225,237,2.0
225,238,3.0
225,239,3.0
225,240,3.0
225,241,3.0
225,242,3.0
225,243,3.0
225,244,11.0
225,245,20.0
225,246,29.0
225,247,39.0
225,248,45.0
225,249,55.0
225,250,63.0
225,251,72.0
225,252,80.0
225,253,89.0
225,254,98.0
225,255,103.0
225,256,103.0
225,257,103.0
225,258,103.0
225,259,103.0
225,260,102.0
225,261,99.0
225,262,96.0
225,263,95.0
225,264,95.0
225,265,96.0
225,266,96.0
225,267,96.0
225,268,96.0
225,269,96.0
225,270,96.0
225,271,96.0
225,272,96.0
225,273,96.0
225,274,96.0
225,275,96.0
225,276,96.0
225,277,96.0
225,278,96.0
225,279,96.0
225,280,-125.0
225,281,-125.0
225,282,95.0
225,283,95.0
225,284,-125.0
225,285,96.0
225,286,-125.0
225,287,-125.0
225,288,96.0
225,289,-125.0
225,290,-126.0
225,291,-126.0
225,292,-126.0
225,293,-126.0
225,294,-126.0
225,295,-126.0
225,296,-126.0
225,297,-126.0
225,298,-126.0
225,299,-119.0
225,300,-119.0
225,301,-119.0
225,302,-119.0
225,303,-119.0
225,304,-120.0
225,305,-120.0
225,306,-120.0
225,307,-120.0
225,308,-120.0
225,309,-120.0
225,310,96.0
225,311,96.0
225,312,-120.0
225,313,-120.0
225,314,-120.0
225,315,96.0
225,316,96.0
225,317,96.0
225,318,-106.0
225,319,96.0
225,320,96.0
225,321,-116.0
225,322,96.0
225,323,96.0
225,324,96.0
225,325,96.0
225,326,96.0
225,327,96.0
225,328,96.0
225,329,96.0
225,330,96.0
225,331,103.0
226,50,1.0
226,51,1.0
226,52,2.0
226,54,3.0
226,79,9.0
226,80,9.0
226,81,9.0
226,82,9.0
226,83,9.0
226,84,2.0
226,85,1.0
226,86,-0.0
226,87,-0.0
226,88,-1.0
226,89,-2.0
226,90,-2.0
226,91,-3.0
226,92,-3.0
226,93,-4.0
226,94,-4.0
226,95,-4.0
226,96,-5.0
226,97,-5.0
226,98,-5.0
226,99,-5.0
226,100,-5.0
226,101,-5.0
226,102,-5.0
226,103,-5.0
226,104,-5.0
226,105,-4.0
226,106,-4.0
226,107,-4.0
226,108,-3.0
226,109,-3.0
226,110,-3.0
226,111,-3.0
226,112,-2.0
226,113,-2.0
226,114,-2.0
226,115,-3.0
226,116,-3.0
226,117,-3.0
226,118,-4.0
226,119,-4.0
226,120,-4.0
226,121,-4.0
226,122,-4.0
226,123,-3.0
226,124,-3.0
226,125,-2.0
226,126,-2.0
226,127,-1.0
226,128,-0.0
226,129,-0.0
226,130,0.0
226,131,0.0
226,132,1.0
226,133,1.0
226,134,1.0
226,135,1.0
226,136,1.0
226,137,1.0
226,138,1.0
226,139,2.0
226,141,2.0
226,142,2.0
226,143,2.0
226,144,2.0
226,145,2.0
226,146,2.0
226,147,2.0
226,223,0.0
226,224,0.0
226,225,0.0
226,226,0.0
226,227,0.0
226,228,0.0
226,229,0.0
226,230,1.0
226,231,1.0
226,232,1.0
226,233,1.0
226,234,2.0
226,235,2.0
226,236,2.0
226,237,2.0
226,238,3.0
226,239,3.0
226,240,3.0
226,241,3.0
226,242,3.0
226,243,6.0
226,244,10.0
226,245,22.0
226,246,30.0
226,247,37.0
226,248,46.0
226,249,55.0
226,250,61.0
226,251,71.0
226,252,79.0
226,253,89.0
226,254,95.0
226,255,103.0
226,256,103.0
226,257,103.0
226,258,103.0
226,259,103.0
226,260,102.0
226,261,99.0
226,262,95.0
226,263,95.0
226,264,95.0
226,265,95.0
226,266,96.0
226,267,96.0
226,268,96.0
226,269,96.0
226,270,96.0
226,271,96.0
226,272,96.0
226,273,96.0
226,274,96.0
226,275,96.0
226,276,96.0
226,277,96.0
226,278,96.0
226,279,96.0
226,280,-125.0
226,281,-125.0
226,282,14.0
226,283,95.0
226,284,-125.0
226,285,95.0
226,286,13.0
226,287,-85.0
226,288,-74.0
226,289,-125.0
226,290,-126.0
226,291,-126.0
226,292,-126.0
226,293,-126.0
226,294,-126.0
226,295,-126.0
226,296,-126.0
226,297,-126.0
226,298,-126.0
226,299,-122.0
226,300,-119.0
226,301,-119.0
226,302,-119.0
226,303,-119.0
226,304,-120.0
226,305,-121.0
226,306,-120.0
226,307,-120.0
226,308,-120.0
226,309,96.0
226,310,96.0
226,311,96.0
226,312,-120.0
226,313,-120.0
226,314,96.0
226,315,96.0
226,316,96.0
226,317,96.0
226,318,-119.0
226,319,96.0
226,320,96.0
226,321,96.0
226,322,96.0
226,323,96.0
226,324,96.0
226,325,96.0
226,326,96.0
226,327,96.0
226,328,96.0
226,329,96.0
226,330,96.0
226,331,100.0
226,332,104.0
226,333,104.0
227,48,-2.0
227,49,1.0
227,51,1.0
227,52,2.0
227,79,9.0
227,80,9.0
227,81,9.0
227,82,9.0
227,83,9.0
227,84,3.0
227,85,1.0
227,86,-0.0
227,87,-1.0
227,88,-1.0
227,89,-2.0
227,90,-2.0
227,91,-3.0
227,92,-3.0
227,93,-4.0
227,94,-4.0
227,95,-4.0
227,96,-5.0
227,97,-5.0
227,98,-5.0
227,99,-5.0
227,100,-5.0
227,101,-5.0
227,102,-5.0
227,103,-5.0
227,104,-5.0
227,105,-4.0
227,106,-4.0
227,107,-4.0
227,108,-4.0
227,109,-3.0
227,110,-3.0
227,111,-3.0
227,112,-2.0
227,114,-2.0
227,115,-3.0
227,116,-3.0
227,117,-3.0
227,118,-3.0
227,119,-4.0
227,120,-4.0
227,121,-4.0
227,122,-4.0
227,123,-3.0
227,124,-3.0
227,125,-2.0
227,126,-2.0
227,127,-1.0
227,128,-0.0
227,129,0.0
227,130,0.0
227,131,1.0
227,132,1.0
227,133,1.0
227,134,1.0
227,135,1.0
227,136,2.0
227,137,2.0
227,138,2.0
227,139,2.0
227,140,2.0
227,141,2.0
227,142,2.0
227,143,2.0
227,144,2.0
227,145,2.0
227,146,2.0
227,147,2.0
227,223,0.0
227,224,0.0
227,225,0.0
227,226,0.0
227,227,0.0
227,228,0.0
227,229,1.0
227,230,1.0
227,231,1.0
227,232,1.0
227,233,1.0
227,234,2.0
227,235,2.0
227,236,2.0
227,237,2.0
227,238,2.0
227,239,3.0
227,240,3.0
227,241,3.0
227,242,3.0
227,243,4.0
227,244,14.0
227,245,18.0
227,246,29.0
227,247,38.0
227,248,45.0
227,249,55.0
227,250,64.0
227,251,71.0
227,252,80.0
227,253,90.0
227,254,96.0
227,255,103.0
227,256,103.0
227,257,103.0
227,258,103.0
227,259,103.0
227,260,102.0
227,261,99.0
227,262,95.0
227,263,95.0
227,264,95.0
227,265,95.0
227,266,96.0
227,267,96.0
227,268,96.0
227,269,96.0
227,270,96.0
227,271,96.0
227,272,96.0
227,273,96.0
227,274,96.0
227,275,96.0
227,276,96.0
227,277,96.0
227,278,96.0
227,279,96.0
227,280,96.0
227,281,96.0
227,282,96.0
227,283,-15.0
227,284,95.0
227,285,95.0
227,286,95.0
227,287,95.0
227,288,96.0
227,289,96.0
227,290,-126.0
227,291,-126.0
227,292,96.0
227,293,-126.0
227,294,-126.0
227,295,-126.0
227,296,-126.0
227,297,-126.0
227,298,-126.0
227,299,-122.0
227,300,-119.0
227,301,-119.0
227,302,-119.0
227,303,-119.0
227,304,-120.0
227,305,-120.0
227,306,-120.0
227,307,-120.0
227,308,-120.0
227,309,-120.0
227,310,96.0
227,311,96.0
227,312,96.0
227,313,96.0
227,314,96.0
227,315,96.0
227,316,96.0
227,317,96.0
227,318,-11.0
227,319,96.0
227,320,96.0
227,321,96.0
227,322,96.0
227,323,96.0
227,324,96.0
227,325,96.0
227,326,96.0
227,327,96.0
227,328,96.0
227,329,96.0
227,330,96.0
227,331,102.0
227,332,104.0
227,333,104.0
227,334,104.0
228,49,1.0
228,50,1.0
228,51,1.0
228,52,2.0
228,54,3.0
228,79,9.0
228,80,9.0
228,81,9.0
228,82,9.0
228,83,9.0
228,84,3.0
228,85,1.0
228,86,-0.0
228,87,-1.0
228,88,-2.0
228,89,-2.0
228,90,-3.0
228,91,-3.0
228,92,-3.0
228,93,-4.0
228,94,-4.0
228,95,-4.0
228,96,-4.0
228,97,-5.0
228,98,-5.0
228,99,-5.0
228,100,-5.0
228,101,-5.0
228,102,-5.0
228,103,-5.0
228,104,-5.0
228,105,-5.0
228,106,-4.0
228,107,-4.0
228,108,-4.0
228,109,-3.0
228,110,-3.0
228,111,-3.0
228,112,-3.0
228,113,-3.0
228,114,-3.0
228,115,-3.0
228,116,-3.0
228,117,-3.0
228,118,-4.0
228,119,-4.0
228,120,-4.0
228,121,-4.0
228,122,-4.0
228,123,-4.0
228,124,-3.0
228,125,-2.0
228,126,-2.0
228,127,-1.0
228,128,-0.0
228,129,0.0
228,130,1.0
228,131,1.0
228,132,1.0
228,133,1.0
228,134,1.0
228,135,2.0
228,136,2.0
228,137,2.0
228,138,2.0
228,139,2.0
228,140,2.0
228,141,2.0
228,143,2.0
228,144,2.0
228,145,2.0
228,146,2.0
228,147,2.0
228,223,0.0
228,224,0.0
228,225,0.0
228,226,0.0
228,227,0.0
228,228,0.0
228,229,1.0
228,230,1.0
228,231,1.0
228,232,1.0
228,233,1.0
228,234,2.0
228,235,2.0
228,236,2.0
228,237,2.0
228,238,2.0
228,239,2.0
228,240,3.0
228,241,3.0
228,242,3.0
228,243,4.0
228,244,15.0
228,245,22.0
228,246,30.0
228,247,37.0
228,248,47.0
228,249,54.0
228,250,62.0
228,251,70.0
228,252,79.0
228,253,88.0
228,254,97.0
228,255,103.0
228,256,103.0
228,257,103.0
228,258,103.0
228,259,103.0
228,260,102.0
228,261,99.0
228,262,96.0
228,263,95.0
228,264,95.0
228,265,95.0
228,266,96.0
228,267,96.0
228,268,96.0
228,269,96.0
228,270,96.0
228,271,96.0
228,272,96.0
228,273,96.0
228,274,96.0
228,275,96.0
228,276,96.0
228,277,96.0
228,278,96.0
228,279,96.0
228,280,96.0
228,281,96.0
228,282,96.0
228,283,96.0
228,284,96.0
228,285,-126.0
228,286,-126.0
228,287,-126.0
228,288,-72.0
228,289,96.0
228,290,-127.0
228,291,-127.0
228,292,-126.0
228,293,-126.0
228,294,-126.0
228,295,-126.0
228,296,-127.0
228,297,-127.0
228,298,-127.0
228,299,-121.0
228,300,-119.0
228,301,-119.0
228,302,-119.0
228,303,-119.0
228,304,-120.0
228,305,-120.0
228,306,-120.0
228,307,-120.0
228,308,-120.0
228,309,-120.0
228,310,95.0
228,311,95.0
228,312,95.0
228,313,95.0
228,314,96.0
228,315,96.0
228,316,96.0
228,317,-119.0
228,318,95.0
228,319,95.0
228,320,95.0
228,321,95.0
228,322,95.0
228,323,95.0
228,324,96.0
228,325,96.0
228,326,96.0
228,327,96.0
228,328,96.0
228,329,96.0
228,330,96.0
228,331,96.0
228,332,96.0
228,333,96.0
228,334,97.0
229,50,1.0
229,51,1.0
229,53,2.0
229,54,3.0
229,79,9.0
229,80,9.0
229,81,9.0
229,82,9.0
229,83,9.0
229,84,4.0
229,85,1.0
229,86,30.0
229,87,-1.0
229,88,-2.0
229,89,-2.0
229,90,-3.0
229,91,-3.0
229,92,-3.0
229,93,-4.0
229,94,-4.0
229,95,-4.0
229,96,-4.0
229,97,-5.0
229,98,-5.0
229,99,-5.0
229,100,-5.0
229,101,-5.0
229,102,-5.0
229,103,-5.0
229,104,-5.0
229,105,-5.0
229,106,-4.0
229,107,-4.0
229,108,-4.0
229,109,-4.0
229,110,-3.0
229,111,-3.0
229,112,-3.0
229,113,-3.0
229,114,-3.0
229,115,-3.0
229,116,-3.0
229,117,-3.0
229,118,-4.0
229,119,-4.0
229,120,-4.0
229,121,-4.0
229,122,-4.0
229,123,-4.0
229,124,-3.0
229,125,-2.0
229,126,-2.0
229,127,-1.0
229,128,-0.0
229,129,0.0
229,130,1.0
229,131,1.0
229,132,1.0
229,133,2.0
229,136,2.0
229,137,2.0
229,138,2.0
229,139,2.0
229,140,2.0
229,141,2.0
229,142,2.0
229,143,2.0
229,144,2.0
229,145,2.0
229,146,2.0
229,147,2.0
229,223,106.0
229,224,75.0
229,229,1.0
229,230,1.0
229,231,1.0
229,232,1.0
229,233,1.0
229,234,1.0
229,235,2.0
229,236,2.0
229,237,2.0
229,238,2.0
229,239,2.0
229,240,2.0
229,241,3.0
229,242,3.0
229,243,5.0
229,244,12.0
229,245,22.0
229,246,27.0
229,247,37.0
229,248,46.0
229,249,55.0
229,250,64.0
229,251,72.0
229,252,80.0
229,253,88.0
229,254,97.0
229,255,103.0
229,256,103.0
229,257,103.0
229,258,103.0
229,259,103.0
229,260,103.0
229,261,99.0
229,262,96.0
229,263,96.0
229,264,96.0
229,265,96.0
229,266,96.0
229,267,96.0
229,268,96.0
229,269,96.0
229,270,96.0
229,271,133.0
229,272,146.0
229,273,135.0
229,274,133.0
229,275,133.0
229,276,133.0
229,277,137.0
229,278,133.0
229,279,142.0
229,280,96.0
229,281,96.0
229,282,96.0
229,283,-126.0
229,284,9.0
229,285,96.0
229,286,96.0
229,287,96.0
229,288,-129.0
229,289,96.0
229,290,-129.0
229,291,-130.0
229,292,-130.0
229,293,-130.0
229,294,-130.0
229,295,-130.0
229,296,-129.0
229,297,-128.0
229,298,-126.0
229,299,-120.0
229,300,-119.0
229,301,-119.0
229,302,-119.0
229,303,-119.0
229,304,-120.0
229,305,-120.0
229,306,-120.0
229,307,-120.0
229,308,-120.0
229,309,-120.0
229,310,95.0
229,311,95.0
229,312,-80.0
229,313,95.0
229,314,95.0
229,315,95.0
229,316,95.0
229,317,95.0
229,318,95.0
229,319,95.0
229,320,95.0
229,321,95.0
229,322,95.0
229,323,95.0
229,324,95.0
229,325,96.0
229,326,96.0
229,327,96.0
229,328,96.0
229,329,96.0
229,330,96.0
229,331,96.0
229,332,96.0
229,333,96.0
229,334,96.0
229,335,97.0
230,50,1.0
230,52,2.0
230,53,3.0
230,54,3.0
230,79,9.0
230,80,9.0
230,81,9.0
230,82,9.0
230,83,9.0
230,84,6.0
230,85,2.0
230,86,0.0
230,87,-1.0
230,88,-1.0
230,89,-2.0
230,90,-3.0
230,91,-3.0
230,92,-3.0
230,93,-4.0
230,94,-4.0
230,95,-4.0
230,96,-4.0
230,97,-5.0
230,98,-5.0
230,99,-5.0
230,100,-5.0
230,101,-5.0
230,102,-5.0
230,103,-5.0
230,104,-5.0
230,105,-5.0
230,106,-4.0
230,107,-4.0
230,108,-4.0
230,109,-4.0
230,110,-3.0
230,111,-3.0
230,112,-3.0
230,113,-3.0
230,114,-3.0
230,115,-3.0
230,116,-3.0
230,117,-4.0
230,118,-4.0
230,119,-4.0
230,120,-4.0
230,121,-4.0
230,122,-4.0
230,123,-4.0
230,124,-4.0
230,125,-3.0
230,126,-2.0
230,127,-1.0
230,128,-0.0
230,129,0.0
230,130,1.0
230,131,1.0
230,132,2.0
230,134,2.0
230,135,2.0
230,136,2.0
230,137,2.0
230,138,2.0
230,139,2.0
230,140,3.0
230,141,3.0
230,142,3.0
230,143,3.0
230,144,3.0
230,145,2.0
230,146,2.0
230,147,2.0
230,223,75.0
230,224,75.0
230,229,1.0
230,230,1.0
230,231,1.0
230,232,1.0
230,233,1.0
230,234,1.0
230,235,2.0
230,236,2.0
230,237,2.0
230,238,2.0
230,239,2.0
230,240,2.0
230,241,2.0
230,242,3.0
230,243,3.0
230,244,3.0
230,245,3.0
230,246,27.0
230,247,3.0
230,248,3.0
230,249,4.0
230,250,4.0
230,251,45.0
230,252,4.0
230,253,4.0
230,254,4.0
230,255,4.0
230,256,103.0
230,257,103.0
230,258,103.0
230,259,103.0
230,260,103.0
230,261,100.0
230,262,96.0
230,263,96.0
230,264,96.0
230,265,96.0
230,266,96.0
230,267,96.0
230,268,96.0
230,269,105.0
230,270,131.0
230,271,133.0
230,272,133.0
230,273,133.0
230,274,133.0
230,275,133.0
230,276,133.0
230,277,133.0
230,278,133.0
230,279,133.0
230,280,-126.0
230,281,-126.0
230,282,96.0
230,283,-126.0
230,284,96.0
230,285,96.0
230,286,-127.0
230,287,96.0
230,288,-129.0
230,289,-129.0
230,290,-129.0
230,291,-130.0
230,292,-130.0
230,293,-130.0
230,294,-130.0
230,295,-129.0
230,296,-129.0
230,297,-128.0
230,298,-126.0
230,299,-120.0
230,300,-119.0
230,301,-119.0
230,302,-119.0
230,303,-119.0
230,304,-120.0
230,305,-120.0
230,306,-120.0
230,307,-120.0
230,308,-120.0
230,309,-120.0
230,310,95.0
230,311,-120.0
230,312,-120.0
230,313,95.0
230,314,-12.0
230,315,95.0
230,316,95.0
230,317,95.0
230,318,95.0
230,319,95.0
230,320,95.0
230,321,95.0
230,322,95.0
230,323,95.0
230,324,95.0
230,325,95.0
230,326,95.0
230,327,95.0
230,328,95.0
230,329,96.0
230,330,96.0
230,331,96.0
230,332,96.0
230,333,96.0
230,334,96.0
230,335,97.0
230,336,97.0
231,54,3.0
231,79,9.0
231,80,9.0
231,81,9.0
231,82,9.0
231,83,9.0
231,84,3.0
231,85,2.0
231,86,0.0
231,87,-1.0
231,88,-1.0
231,89,-2.0
231,90,-3.0
231,91,-3.0
231,92,-3.0
231,93,-4.0
231,94,-4.0
231,95,-4.0
231,96,-4.0
231,97,-5.0
231,98,-5.0
231,99,-5.0
231,100,-5.0
231,101,-5.0
231,102,-5.0
231,103,-5.0
231,104,-5.0
231,105,-5.0
231,106,-5.0
231,107,-4.0
231,108,-4.0
231,109,-4.0
231,110,-4.0
231,111,-4.0
231,112,-3.0
231,113,-4.0
231,114,-3.0
231,115,-4.0
231,116,-4.0
231,117,-4.0
231,118,-4.0
231,119,-4.0
231,120,-4.0
231,121,-5.0
231,122,-4.0
231,123,-4.0
231,124,-4.0
231,125,-3.0
231,126,-2.0
231,127,-1.0
231,128,-0.0
231,129,0.0
231,130,1.0
231,131,1.0
231,132,2.0
231,133,5.0
231,139,3.0
231,140,3.0
231,141,3.0
231,142,3.0
231,143,3.0
231,144,3.0
231,145,3.0
231,146,2.0
231,147,2.0
231,223,75.0
231,224,75.0
231,229,1.0
231,230,1.0
231,231,1.0
231,232,1.0
231,233,1.0
231,234,1.0
231,235,2.0
231,236,2.0
231,237,2.0
231,238,2.0
231,239,2.0
231,240,2.0
231,241,2.0
231,242,2.0
231,243,3.0
231,244,3.0
231,245,3.0
231,246,3.0
231,247,3.0
231,248,3.0
231,249,4.0
231,250,4.0
231,251,4.0
231,252,4.0
231,253,4.0
231,254,4.0
231,255,4.0
231,256,103.0
231,257,103.0
231,258,103.0
231,259,103.0
231,260,102.0
231,261,99.0
231,262,96.0
231,263,96.0
231,264,96.0
231,265,96.0
231,266,96.0
231,267,96.0
231,268,96.0
231,269,104.0
231,270,130.0
231,271,133.0
231,272,133.0
231,273,133.0
231,274,133.0
231,275,133.0
231,276,133.0
231,277,133.0
231,278,133.0
231,279,133.0
231,280,124.0
231,281,-125.0
231,282,96.0
231,283,96.0
231,284,-126.0
231,285,-127.0
231,286,96.0
231,287,96.0
231,288,-64.0
231,289,-129.0
231,290,-129.0
231,291,-129.0
231,292,-130.0
231,293,-130.0
231,294,-130.0
231,295,-129.0
231,296,-129.0
231,297,-127.0
231,298,-126.0
231,299,-121.0
231,300,-119.0
231,301,-119.0
231,302,-119.0
231,303,-119.0
231,304,-120.0
231,305,-120.0
231,306,-120.0
231,307,-120.0
231,308,-120.0
231,309,-120.0
231,310,96.0
231,311,96.0
231,312,96.0
231,313,96.0
231,314,95.0
231,315,95.0
231,316,-10.0
231,317,95.0
231,318,95.0
231,319,95.0
231,320,95.0
231,321,95.0
231,322,95.0
231,323,95.0
231,324,95.0
231,325,95.0
231,326,95.0
231,327,95.0
231,328,95.0
231,329,95.0
231,330,96.0
231,331,96.0
231,332,96.0
231,333,96.0
231,334,96.0
231,335,97.0
231,336,97.0
231,337,97.0
232,79,9.0
232,80,9.0
232,81,9.0
232,82,9.0
232,83,9.0
232,84,3.0
232,85,2.0
232,86,-0.0
232,87,-1.0
232,88,-1.0
232,89,-2.0
232,90,-3.0
232,91,-3.0
232,92,-3.0
232,93,-4.0
232,94,-4.0
232,95,-4.0
232,96,-4.0
232,97,-5.0
232,98,-5.0
232,99,-5.0
232,100,-5.0
232,101,-5.0
232,102,-5.0
232,103,-5.0
232,104,-5.0
232,105,-5.0
232,106,-5.0
232,107,-5.0
232,108,-4.0
232,109,-4.0
232,110,-4.0
232,111,-4.0
232,112,-4.0
232,113,-4.0
232,114,-4.0
232,115,-4.0
232,116,-4.0
232,117,-4.0
232,118,-4.0
232,119,-5.0
232,120,-5.0
232,121,-5.0
232,122,-4.0
232,123,-4.0
232,124,-4.0
232,125,-3.0
232,126,-2.0
232,127,-1.0
232,128,-0.0
232,138,3.0
232,139,3.0
232,140,3.0
232,141,3.0
232,142,3.0
232,144,3.0
232,145,3.0
232,146,2.0
232,147,2.0
232,223,75.0
232,224,75.0
232,229,1.0
232,230,1.0
232,231,1.0
232,232,1.0
232,233,1.0
232,234,1.0
232,235,1.0
232,236,2.0
232,237,2.0
232,238,2.0
232,239,2.0
232,240,2.0
232,241,2.0
232,242,2.0
232,243,2.0
232,244,3.0
232,245,3.0
232,246,3.0
232,247,3.0
232,248,3.0
232,249,4.0
232,250,4.0
232,251,4.0
232,252,4.0
232,253,4.0
232,254,4.0
232,255,4.0
232,256,103.0
232,257,103.0
232,258,103.0
232,259,103.0
232,260,103.0
232,261,99.0
232,262,96.0
232,263,96.0
232,264,96.0
232,265,96.0
232,266,96.0
232,267,96.0
232,268,101.0
232,269,107.0
232,270,131.0
232,271,135.0
232,272,144.0
232,273,133.0
232,274,133.0
232,275,133.0
232,276,133.0
232,277,133.0
232,278,133.0
232,279,133.0
232,280,107.0
232,281,-125.0
232,282,96.0
232,283,96.0
232,284,96.0
232,285,-123.0
232,286,96.0
232,287,96.0
232,288,96.0
232,289,-128.0
232,290,-114.0
232,291,-129.0
232,292,-129.0
232,293,-129.0
232,294,-130.0
232,295,-129.0
232,296,-129.0
232,297,-127.0
232,298,-126.0
232,299,-121.0
232,300,-119.0
232,301,-119.0
232,302,-119.0
232,303,-119.0
232,304,-119.0
232,305,-119.0
232,306,96.0
232,307,-119.0
232,308,-119.0
232,309,-119.0
232,310,-119.0
232,311,96.0
232,312,96.0
232,313,-119.0
232,314,96.0
232,315,96.0
232,316,95.0
232,317,95.0
232,318,95.0
232,319,95.0
232,320,95.0
232,321,95.0
232,322,95.0
232,323,95.0
232,324,95.0
232,325,95.0
232,326,95.0
232,327,95.0
232,328,95.0
232,329,95.0
232,330,95.0
232,331,96.0
232,332,96.0
232,333,96.0
232,334,96.0
232,335,96.0
232,336,97.0
232,337,97.0
232,338,97.0
233,79,9.0
233,80,9.0
233,81,9.0
233,82,9.0
233,83,9.0
233,84,5.0
233,85,2.0
233,86,0.0
233,87,-1.0
233,88,-2.0
233,89,-2.0
233,90,-3.0
233,91,-3.0
233,92,-3.0
233,93,-4.0
233,94,-4.0
233,95,-4.0
233,96,-4.0
233,97,-5.0
233,98,-5.0
233,99,-5.0
233,100,-5.0
233,101,-5.0
233,102,-5.0
233,103,-5.0
233,104,-5.0
233,105,10.0
233,106,-5.0
233,107,-5.0
233,108,-5.0
233,109,-4.0
233,110,-4.0
233,111,-4.0
233,112,-4.0
233,113,-4.0
233,114,-4.0
233,115,-4.0
233,116,-5.0
233,117,-5.0
233,118,-5.0
233,119,-5.0
233,120,-5.0
233,121,-4.0
233,122,-4.0
233,123,-4.0
233,124,-3.0
233,125,-2.0
233,126,-1.0
233,127,-1.0
233,128,0.0
233,223,75.0
233,224,75.0
233,229,1.0
233,230,1.0
233,231,1.0
233,232,1.0
233,233,1.0
233,234,1.0
233,235,1.0
233,236,1.0
233,237,2.0
233,238,2.0
233,239,2.0
233,240,2.0
233,241,2.0
233,242,2.0
233,243,2.0
233,244,2.0
233,245,3.0
233,246,3.0
233,247,3.0
233,248,3.0
233,249,4.0
233,250,4.0
233,251,4.0
233,252,4.0
233,253,4.0
233,254,4.0
233,255,4.0
233,257,103.0
233,258,103.0
233,259,103.0
233,260,102.0
233,261,99.0
233,262,96.0
233,263,96.0
233,264,96.0
233,265,96.0
233,266,96.0
233,267,96.0
233,268,96.0
233,269,116.0
233,270,129.0
233,271,133.0
233,272,133.0
233,273,133.0
233,274,133.0
233,275,133.0
233,276,133.0
233,277,133.0
233,278,133.0
233,279,133.0
233,280,133.0
233,281,-125.0
233,282,-125.0
233,283,96.0
233,284,-126.0
233,285,96.0
233,286,96.0
233,287,-123.0
233,288,96.0
233,289,-128.0
233,290,-128.0
233,291,-129.0
233,292,-129.0
233,293,-129.0
233,294,-129.0
233,295,-129.0
233,296,-129.0
233,297,-128.0
233,298,-126.0
233,299,-121.0
233,300,-119.0
233,301,-119.0
233,302,-119.0
233,303,-119.0
233,304,-119.0
233,305,-119.0
233,306,-119.0
233,307,-119.0
233,308,-119.0
233,309,96.0
233,310,-119.0
233,311,96.0
233,312,96.0
233,313,96.0
233,314,96.0
233,315,96.0
233,316,96.0
233,317,96.0
233,318,95.0
233,319,95.0
233,320,95.0
233,321,95.0
233,322,95.0
233,323,95.0
233,324,95.0
233,325,95.0
233,326,95.0
233,327,95.0
233,328,95.0
233,329,95.0
233,330,95.0
233,331,95.0
233,332,96.0
233,333,96.0
233,334,96.0
233,335,96.0
233,336,97.0
233,337,97.0
233,338,97.0
233,339,97.0
234,79,8.0
234,80,9.0
234,81,9.0
234,82,9.0
234,83,9.0
234,84,5.0
234,85,2.0
234,86,1.0
234,87,-1.0
234,88,-2.0
234,89,-2.0
234,90,-3.0
234,91,-3.0
234,92,-4.0
234,93,-4.0
234,94,-4.0
234,95,-4.0
234,96,-4.0
234,97,-5.0
234,98,-5.0
234,99,-5.0
234,100,-5.0
234,101,-5.0
234,102,-5.0
234,103,-5.0
234,104,-5.0
234,105,-5.0
234,106,-5.0
234,107,-5.0
234,108,-5.0
234,109,-5.0
234,110,-5.0
234,111,-5.0
234,112,-5.0
234,113,-5.0
234,114,-5.0
234,115,-5.0
234,116,-5.0
234,117,-5.0
234,118,-5.0
234,119,-5.0
234,120,-5.0
234,121,-4.0
234,122,-3.0
234,123,-3.0
234,124,-2.0
234,125,-2.0
234,126,-1.0
234,127,0.0
234,128,1.0
234,223,75.0
234,224,75.0
234,225,75.0
234,226,75.0
234,229,1.0
234,230,1.0
234,231,1.0
234,232,1.0
234,233,1.0
234,234,1.0
234,235,1.0
234,236,1.0
234,237,1.0
234,238,1.0
234,239,2.0
234,240,2.0
234,241,2.0
234,242,2.0
234,243,2.0
234,244,2.0
234,245,2.0
234,246,3.0
234,247,3.0
234,248,3.0
234,249,4.0
234,250,4.0
234,251,4.0
234,252,4.0
234,253,4.0
234,254,5.0
234,255,5.0
234,256,103.0
234,257,103.0
234,258,103.0
234,259,103.0
234,260,102.0
234,261,99.0
234,262,97.0
234,263,97.0
234,264,97.0
234,265,97.0
234,266,97.0
234,267,96.0
234,268,96.0
234,269,106.0
234,270,130.0
234,271,132.0
234,272,133.0
234,273,133.0
234,274,133.0
234,275,133.0
234,276,133.0
234,277,133.0
234,278,133.0
234,279,133.0
234,280,133.0
234,281,-124.0
234,282,-123.0
234,283,96.0
234,284,-123.0
234,285,-123.0
234,286,-124.0
234,287,96.0
234,288,-127.0
234,289,-128.0
234,290,-128.0
234,291,-128.0
234,292,-129.0
234,293,-129.0
234,294,-129.0
234,295,-128.0
234,296,-128.0
234,297,-127.0
234,298,-126.0
234,299,-123.0
234,300,-119.0
234,301,-119.0
234,302,-119.0
234,303,-118.0
234,304,-118.0
234,305,-118.0
234,306,-119.0
234,307,-119.0
234,308,-119.0
234,309,96.0
234,310,96.0
234,311,96.0
234,312,96.0
234,313,96.0
234,314,96.0
234,315,96.0
234,316,-116.0
234,317,96.0
234,318,96.0
234,319,96.0
234,320,-106.0
234,321,96.0
234,322,106.0
234,323,96.0
234,324,96.0
234,326,96.0
234,327,96.0
234,328,95.0
234,329,95.0
234,330,95.0
234,331,95.0
234,332,95.0
234,333,96.0
234,334,96.0
234,335,96.0
234,336,96.0
234,337,97.0
234,338,97.0
234,339,97.0
235,79,8.0
235,80,8.0
235,81,9.0
235,82,9.0
235,83,9.0
235,84,5.0
235,85,2.0
235,86,1.0
235,87,-1.0
235,88,-2.0
235,89,-3.0
235,90,-3.0
235,91,-3.0
235,92,-4.0
235,93,-4.0
235,94,-4.0
235,96,-5.0
235,97,-5.0
235,98,-5.0
235,99,-5.0
235,100,-5.0
235,101,-5.0
235,102,-5.0
235,103,-5.0
235,104,-5.0
235,105,-5.0
235,106,-5.0
235,107,-5.0
235,108,-5.0
235,109,-5.0
235,110,-5.0
235,111,-5.0
235,112,-5.0
235,113,-5.0
235,114,-5.0
235,115,-5.0
235,116,-5.0
235,117,-5.0
235,118,-5.0
235,119,-5.0
235,120,-5.0
235,121,-4.0
235,122,-3.0
235,123,-2.0
235,124,-1.0
235,125,-1.0
235,126,-0.0
235,127,1.0
235,128,1.0
235,223,75.0
235,224,75.0
235,225,75.0
235,227,75.0
235,228,94.0
235,229,1.0
235,230,1.0
235,231,1.0
235,232,1.0
235,233,1.0
235,234,1.0
235,235,1.0
235,236,1.0
235,237,1.0
235,238,1.0
235,239,1.0
235,240,1.0
235,241,2.0
235,242,2.0
235,243,2.0
235,244,2.0
235,245,2.0
235,246,2.0
235,247,3.0
235,248,3.0
235,249,4.0
235,250,4.0
235,251,4.0
235,252,5.0
235,253,5.0
235,254,5.0
235,255,5.0
235,256,103.0
235,257,103.0
235,258,103.0
235,259,103.0
235,260,103.0
235,261,99.0
235,262,97.0
235,263,97.0
235,264,97.0
235,265,97.0
235,266,97.0
235,267,97.0
235,268,97.0
235,269,96.0
235,270,96.0
235,271,96.0
235,272,133.0
235,273,133.0
235,274,133.0
235,275,133.0
235,276,133.0
235,277,133.0
235,278,133.0
235,279,133.0
235,280,133.0
235,281,126.0
235,282,-121.0
235,283,119.0
235,284,96.0
235,285,123.0
235,286,-120.0
235,287,-121.0
235,288,-88.0
235,289,-127.0
235,290,-128.0
235,291,-100.0
235,292,-128.0
235,293,-128.0
235,294,-128.0
235,295,-127.0
235,296,-127.0
235,297,-126.0
235,298,-126.0
235,299,-124.0
235,300,-119.0
235,301,125.0
235,302,125.0
235,303,122.0
235,304,122.0
235,305,97.0
235,306,121.0
235,307,97.0
235,308,127.0
235,309,111.0
235,310,111.0
235,311,122.0
235,312,96.0
235,313,96.0
235,314,96.0
235,315,96.0
235,316,96.0
235,317,96.0
235,318,96.0
235,319,96.0
235,320,-106.0
235,321,96.0
235,322,113.0
235,323,96.0
235,324,96.0
235,325,96.0
235,326,96.0
235,327,96.0
235,328,95.0
235,329,95.0
235,330,95.0
235,331,95.0
235,332,95.0
235,333,95.0
235,334,96.0
235,335,96.0
235,336,96.0
235,337,97.0
235,338,97.0
235,339,97.0
236,79,8.0
236,80,8.0
236,81,8.0
236,82,8.0
236,83,7.0
236,84,4.0
236,85,1.0
236,86,0.0
236,87,-1.0
236,88,-2.0
236,89,-3.0
236,90,-3.0
236,91,-3.0
236,92,-4.0
236,93,-4.0
236,94,-4.0
236,95,-4.0
236,96,-5.0
236,97,-5.0
236,98,-5.0
236,99,-5.0
236,100,-5.0
236,101,-5.0
236,102,-5.0
236,103,-5.0
236,104,-5.0
236,105,-5.0
236,106,-5.0
236,107,-5.0
236,108,-5.0
236,109,-5.0
236,110,-5.0
236,111,-5.0
236,112,-5.0
236,113,-5.0
236,114,-5.0
236,115,-5.0
236,116,-5.0
236,117,-5.0
236,118,-5.0
236,119,-5.0
236,120,-5.0
236,121,-4.0
236,122,-3.0
236,123,-2.0
236,124,-1.0
236,125,-0.0
236,126,0.0
236,127,1.0
236,128,2.0
236,281,96.0
236,282,105.0
236,283,119.0
236,284,121.0
236,285,126.0
236,286,96.0
236,287,96.0
236,288,-120.0
236,289,96.0
236,290,-126.0
236,291,-127.0
236,292,-126.0
236,293,-126.0
236,294,-126.0
236,295,-125.0
236,296,-124.0
236,297,-123.0
236,298,-123.0
236,299,126.0
236,300,127.0
236,301,127.0
236,302,127.0
236,303,127.0
236,304,127.0
236,305,127.0
236,306,127.0
236,307,127.0
236,308,127.0
236,309,99.0
236,310,127.0
236,311,136.0
236,312,96.0
236,313,96.0
236,314,96.0
236,315,96.0
236,316,96.0
236,317,96.0
236,318,96.0
236,319,96.0
236,320,96.0
236,321,96.0
236,322,146.0
236,325,151.0
236,328,95.0
236,329,95.0
236,330,95.0
236,331,95.0
236,332,95.0
236,333,95.0
236,334,96.0
236,335,96.0
236,336,96.0
236,337,97.0
236,338,97.0
236,339,97.0
237,79,8.0
237,80,8.0
237,81,7.0
237,82,6.0
237,83,5.0
237,84,2.0
237,85,10.0
237,86,-0.0
237,87,-1.0
237,88,-2.0
237,89,-3.0
237,90,-3.0
237,91,-3.0
237,92,-4.0
237,93,-4.0
237,94,-4.0
237,95,-4.0
237,96,-5.0
237,97,-5.0
237,98,-5.0
237,100,-5.0
237,101,-5.0
237,102,-5.0
237,103,-5.0
237,104,-5.0
237,105,-5.0
237,106,-5.0
237,107,-5.0
237,108,-5.0
237,109,-5.0
237,110,-5.0
237,111,-5.0
237,112,-5.0
237,113,-5.0
237,114,-5.0
237,115,-5.0
237,116,-5.0
237,117,-5.0
237,118,-5.0
237,119,-5.0
237,120,-5.0
237,121,-4.0
237,122,-3.0
237,123,-2.0
237,124,-1.0
237,125,-0.0
237,126,1.0
237,127,1.0
237,128,2.0
237,176,2.0
237,177,2.0
237,178,2.0
237,179,2.0
237,180,2.0
237,181,2.0
237,182,2.0
237,183,2.0
237,184,2.0
237,185,2.0
237,186,2.0
237,187,2.0
237,188,1.0
237,189,1.0
237,281,127.0
237,282,127.0
237,283,127.0
237,284,127.0
237,285,127.0
237,286,127.0
237,287,127.0
237,288,127.0
237,289,127.0
237,290,127.0
237,291,-103.0
237,292,-124.0
237,293,-124.0
237,294,-123.0
237,295,127.0
237,296,-120.0
237,297,-119.0
237,298,-116.0
237,299,127.0
237,300,127.0
237,301,127.0
237,302,127.0
237,303,127.0
237,304,127.0
237,305,127.0
237,306,127.0
237,307,127.0
237,308,140.0
237,309,127.0
237,310,127.0
237,311,127.0
237,312,135.0
237,313,96.0
237,314,96.0
237,315,96.0
237,316,96.0
237,317,96.0
237,318,96.0
237,319,96.0
237,320,96.0
237,322,152.0
237,323,151.0
237,326,148.0
237,329,95.0
237,330,95.0
237,331,95.0
237,332,95.0
237,333,95.0
237,334,95.0
237,335,96.0
237,336,97.0
237,337,97.0
237,338,97.0
237,339,97.0
238,79,8.0
238,80,7.0
238,81,6.0
238,82,4.0
238,83,4.0
238,84,1.0
238,85,27.0
238,86,-0.0
238,87,-1.0
238,88,-2.0
238,89,-3.0
238,90,-3.0
238,91,-3.0
238,92,-4.0
238,93,0.0
238,94,-4.0
238,95,-4.0
238,96,-5.0
238,97,-5.0
238,98,-5.0
238,100,-5.0
238,101,-5.0
238,102,-5.0
238,103,-5.0
238,104,-5.0
238,105,-5.0
238,106,-5.0
238,107,-5.0
238,108,-5.0
238,109,-5.0
238,110,7.0
238,111,4.0
238,112,-5.0
238,113,-5.0
238,114,-5.0
238,115,-5.0
238,116,-5.0
238,117,-5.0
238,118,-5.0
238,119,-5.0
238,120,-5.0
238,121,-4.0
238,122,-3.0
238,123,-2.0
238,124,-1.0
238,125,-0.0
238,126,1.0
238,127,1.0
238,128,2.0
238,176,2.0
238,177,2.0
238,178,2.0
238,179,2.0
238,180,2.0
238,181,2.0
238,182,2.0
238,183,2.0
238,184,2.0
238,185,2.0
238,186,2.0
238,187,2.0
238,188,1.0
238,189,1.0
238,190,1.0
238,191,1.0
238,192,1.0
238,193,1.0
238,194,2.0
238,281,127.0
238,282,127.0
238,283,127.0
238,284,127.0
238,285,127.0
238,286,127.0
238,287,127.0
238,288,127.0
238,289,127.0
238,290,127.0
238,291,-122.0
238,292,127.0
238,293,-121.0
238,294,-120.0
238,295,127.0
238,296,-116.0
238,297,-114.0
238,298,127.0
238,299,127.0
238,300,127.0
238,301,127.0
238,302,127.0
238,303,127.0
238,304,127.0
238,305,127.0
238,306,127.0
238,307,127.0
238,308,127.0
238,309,127.0
238,310,127.0
238,311,127.0
238,312,127.0
238,313,112.0
238,314,96.0
238,315,96.0
238,316,96.0
238,317,96.0
238,318,96.0
238,319,96.0
238,320,151.0
238,322,138.0
238,323,150.0
238,327,142.0
238,328,151.0
238,329,95.0
238,330,95.0
238,331,96.0
238,332,96.0
238,333,96.0
238,334,96.0
238,335,96.0
238,336,97.0
238,337,97.0
238,338,97.0
238,339,97.0
239,79,8.0
239,80,7.0
239,81,6.0
239,82,3.0
239,83,3.0
239,84,2.0
239,85,1.0
239,86,-0.0
239,87,-1.0
239,88,-2.0
239,89,-3.0
239,90,-3.0
239,91,-3.0
239,92,-4.0
239,93,-4.0
239,94,-4.0
239,95,-4.0
239,96,-4.0
239,97,-5.0
239,98,-5.0
239,99,-5.0
239,100,-5.0
239,101,-5.0
239,104,-4.0
239,105,5.0
239,106,-4.0
239,107,-4.0
239,108,-5.0
239,109,-5.0
239,110,-5.0
239,111,-5.0
239,112,-5.0
239,113,-5.0
239,114,-5.0
239,115,-5.0
239,116,-5.0
239,117,-5.0
239,118,-5.0
239,119,-5.0
239,120,-4.0
239,121,-3.0
239,122,-3.0
239,123,-2.0
239,124,-1.0
239,125,-0.0
239,126,0.0
239,127,1.0
239,128,1.0
239,137,2.0
239,138,2.0
239,139,2.0
239,140,2.0
239,141,2.0
239,142,2.0
239,143,2.0
239,144,2.0
239,145,2.0
239,146,2.0
239,147,2.0
239,148,2.0
239,149,1.0
239,150,1.0
239,151,1.0
239,152,1.0
239,153,1.0
239,154,1.0
239,155,1.0
239,156,1.0
239,157,1.0
239,158,1.0
239,159,1.0
239,160,1.0
239,161,1.0
239,162,1.0
239,163,1.0
239,164,1.0
239,165,1.0
239,166,1.0
239,167,1.0
239,176,2.0
239,177,2.0
239,178,2.0
239,179,2.0
239,180,2.0
239,181,2.0
239,182,2.0
239,183,2.0
239,184,2.0
239,185,2.0
239,186,2.0
239,187,1.0
239,188,1.0
239,189,1.0
239,190,1.0
239,191,1.0
239,192,1.0
239,193,1.0
239,194,2.0
239,195,2.0
239,196,2.0
239,197,2.0
239,198,2.0
239,199,2.0
239,200,2.0
239,201,2.0
239,202,2.0
239,203,2.0
239,204,3.0
239,281,127.0
239,282,127.0
239,283,127.0
239,284,127.0
239,285,127.0
239,286,127.0
239,287,127.0
239,288,127.0
239,289,-115.0
239,290,20.0
239,291,127.0
239,292,127.0
239,293,127.0
239,294,-116.0
239,295,-114.0
239,296,-113.0
239,297,-109.0
239,298,127.0
239,299,127.0
239,300,127.0
239,301,127.0
239,302,127.0
239,303,127.0
239,304,127.0
239,305,127.0
239,306,127.0
239,307,127.0
239,308,127.0
239,309,127.0
239,310,127.0
239,311,127.0
239,312,127.0
239,313,110.0
239,314,97.0
239,315,97.0
239,316,96.0
239,317,96.0
239,318,96.0
239,319,96.0
239,321,149.0
239,322,138.0
239,323,138.0
239,324,145.0
239,327,138.0
239,328,131.0
239,329,95.0
239,330,96.0
239,331,96.0
239,332,96.0
239,333,96.0
239,334,96.0
239,335,97.0
239,336,97.0
239,337,97.0
239,338,97.0
239,339,97.0
240,79,8.0
240,80,7.0
240,81,6.0
240,82,4.0
240,83,3.0
240,84,2.0
240,86,0.0
240,87,-1.0
240,88,-2.0
240,89,-2.0
240,90,-3.0
240,91,-3.0
240,92,-4.0
240,93,-4.0
240,94,-4.0
240,95,-4.0
240,96,-4.0
240,97,-4.0
240,98,-4.0
240,99,-4.0
240,100,-4.0
240,101,-4.0
240,102,-4.0
240,103,-4.0
240,104,-4.0
240,105,-4.0
240,106,12.0
240,107,-4.0
240,108,-4.0
240,109,-4.0
240,110,-5.0
240,111,-5.0
240,112,-5.0
240,113,-5.0
240,114,-5.0
240,115,-5.0
240,116,-5.0
240,117,-5.0
240,118,-5.0
240,119,-5.0
240,120,-4.0
240,121,-3.0
240,122,-2.0
240,123,-1.0
240,124,-1.0
240,125,-0.0
240,126,0.0
240,127,1.0
240,128,1.0
240,137,2.0
240,138,2.0
240,139,2.0
240,140,2.0
240,141,1.0
240,142,1.0
240,143,1.0
240,144,1.0
240,145,1.0
240,146,1.0
240,147,1.0
240,148,1.0
240,149,1.0
240,150,1.0
240,151,1.0
240,152,1.0
240,153,1.0
240,154,1.0
240,155,1.0
240,156,1.0
240,157,1.0
240,158,1.0
240,159,1.0
240,160,1.0
240,161,1.0
240,162,1.0
240,163,1.0
240,164,1.0
240,165,1.0
240,166,1.0
240,167,1.0
240,176,2.0
240,177,2.0
240,178,2.0
240,179,2.0
240,180,2.0
240,181,2.0
240,182,2.0
240,183,1.0
240,184,1.0
240,185,1.0
240,186,1.0
240,187,1.0
240,188,1.0
240,189,1.0
240,190,1.0
240,191,1.0
240,192,1.0
240,193,1.0
240,194,2.0
240,195,2.0
240,196,2.0
240,197,2.0
240,198,2.0
240,199,2.0
240,200,2.0
240,201,2.0
240,202,2.0
240,203,2.0
240,204,2.0
240,205,3.0
240,206,2.0
240,281,127.0
240,282,127.0
240,283,127.0
240,284,127.0
240,285,127.0
240,286,127.0
240,287,127.0
240,288,127.0
240,289,-114.0
240,290,-114.0
240,291,-90.0
240,292,-115.0
240,293,-115.0
240,294,-114.0
240,295,-112.0
240,296,-109.0
240,297,-106.0
240,298,127.0
240,299,127.0
240,300,127.0
240,301,127.0
240,302,127.0
240,303,127.0
240,304,127.0
240,305,127.0
240,306,127.0
240,307,127.0
240,308,127.0
240,309,127.0
240,310,127.0
240,311,127.0
240,312,127.0
240,313,97.0
240,314,97.0
240,315,97.0
240,316,96.0
240,317,96.0
240,318,96.0
240,319,96.0
240,320,170.0
240,321,144.0
240,322,138.0
240,323,138.0
240,324,138.0
240,325,138.0
240,326,131.0
240,328,113.0
240,329,95.0
240,330,96.0
240,331,96.0
240,332,96.0
240,333,97.0
240,334,97.0
240,335,97.0
240,336,97.0
240,337,97.0
240,338,97.0
240,339,97.0
241,79,8.0
241,80,7.0
241,81,6.0
241,82,4.0
241,83,3.0
241,84,1.0
241,85,1.0
241,86,-0.0
241,87,-1.0
241,88,-2.0
241,89,-2.0
241,90,-3.0
241,91,-3.0
241,92,-3.0
241,93,-4.0
241,94,-4.0
241,95,22.0
241,96,-4.0
241,97,-4.0
241,98,-4.0
241,99,-4.0
241,100,-4.0
241,101,-4.0
241,102,-4.0
241,103,-4.0
241,104,-4.0
241,105,-4.0
241,106,-4.0
241,107,39.0
241,108,-4.0
241,109,-4.0
241,110,-4.0
241,111,-4.0
241,112,-4.0
241,113,-4.0
241,114,-4.0
241,115,-4.0
241,116,-4.0
241,117,-4.0
241,118,-4.0
241,119,-4.0
241,120,-4.0
241,121,-3.0
241,122,-2.0
241,123,-1.0
241,124,-1.0
241,125,-0.0
241,126,0.0
241,127,1.0
241,128,1.0
241,129,1.0
241,137,1.0
241,138,1.0
241,139,1.0
241,140,1.0
241,141,1.0
241,142,1.0
241,143,1.0
241,144,1.0
241,145,1.0
241,146,1.0
241,147,1.0
241,148,1.0
241,149,1.0
241,150,1.0
241,151,1.0
241,152,1.0
241,153,1.0
241,154,1.0
241,155,1.0
241,156,1.0
241,157,1.0
241,158,1.0
241,159,1.0
241,160,1.0
241,161,1.0
241,162,1.0
241,163,1.0
241,164,1.0
241,165,1.0
241,166,1.0
241,167,1.0
241,176,2.0
241,177,2.0
241,178,2.0
241,179,2.0
241,180,2.0
241,181,2.0
241,182,2.0
241,183,1.0
241,184,1.0
241,185,1.0
241,186,1.0
241,187,1.0
241,188,1.0
241,189,1.0
241,190,1.0
241,191,1.0
241,192,1.0
241,193,1.0
241,194,1.0
241,195,2.0
241,196,2.0
241,197,2.0
241,198,2.0
241,199,2.0
241,200,2.0
241,201,2.0
241,202,2.0
241,203,2.0
241,204,2.0
241,205,2.0
241,206,2.0
241,281,127.0
241,282,-103.0
241,283,-103.0
241,284,-95.0
241,285,-103.0
241,286,-103.0
241,287,-103.0
241,288,-107.0
241,289,-110.0
241,290,-114.0
241,291,-114.0
241,292,-113.0
241,293,-112.0
241,294,-110.0
241,295,-108.0
241,296,-106.0
241,297,-103.0
241,298,-99.0
241,299,131.0
241,300,130.0
241,301,131.0
241,302,127.0
241,303,29.0
241,304,127.0
241,305,127.0
241,306,125.0
241,307,67.0
241,308,127.0
241,309,127.0
241,310,127.0
241,311,127.0
241,312,127.0
241,313,97.0
241,314,111.0
241,315,97.0
241,316,96.0
241,317,96.0
241,318,96.0
241,319,96.0
241,321,138.0
241,322,160.0
241,323,138.0
241,324,138.0
241,325,135.0
241,326,131.0
241,328,95.0
241,329,95.0
241,330,96.0
241,331,96.0
241,332,97.0
241,333,97.0
241,334,97.0
241,335,97.0
241,336,97.0
241,337,97.0
241,338,97.0
241,339,97.0
242,76,8.0
242,77,8.0
242,78,8.0
242,79,8.0
242,80,7.0
242,81,6.0
242,82,5.0
242,83,3.0
242,84,3.0
242,85,1.0
242,86,0.0
242,87,-1.0
242,88,-1.0
242,89,-2.0
242,90,-2.0
242,91,-3.0
242,92,-3.0
242,93,-3.0
242,94,-4.0
242,95,-4.0
242,96,-4.0
242,97,-4.0
242,98,-4.0
242,99,-4.0
242,100,-4.0
242,101,-4.0
242,103,-3.0
242,104,-3.0
242,105,-3.0
242,106,-3.0
242,107,-3.0
242,108,-3.0
242,109,-3.0
242,110,-3.0
242,111,-4.0
242,112,-4.0
242,113,-4.0
242,114,-4.0
242,115,-4.0
242,116,-4.0
242,117,-4.0
242,118,-4.0
242,119,-4.0
242,120,-4.0
242,121,-3.0
242,122,-2.0
242,123,-1.0
242,124,-1.0
242,125,-0.0
242,126,-0.0
242,127,0.0
242,128,0.0
242,129,0.0
242,130,0.0
242,137,1.0
242,138,1.0
242,139,1.0
242,140,1.0
242,141,1.0
242,142,1.0
242,143,1.0
242,144,1.0
242,145,1.0
242,146,1.0
242,147,1.0
242,148,1.0
242,149,1.0
242,150,1.0
242,151,1.0
242,152,1.0
242,153,1.0
242,154,1.0
242,155,1.0
242,156,1.0
242,157,1.0
242,158,1.0
242,159,1.0
242,160,1.0
242,161,1.0
242,162,1.0
242,163,1.0
242,164,1.0
242,165,1.0
242,166,1.0
242,167,1.0
242,168,1.0
242,175,1.0
242,176,2.0
242,177,2.0
242,178,2.0
242,179,2.0
242,180,2.0
242,181,2.0
242,182,2.0
242,183,1.0
242,184,1.0
242,185,1.0
242,186,1.0
242,187,1.0
242,188,1.0
242,189,1.0
242,190,1.0
242,191,1.0
242,192,1.0
242,193,1.0
242,194,1.0
242,195,1.0
242,196,1.0
242,197,1.0
242,198,2.0
242,199,1.0
242,200,1.0
242,201,2.0
242,202,1.0
242,203,1.0
242,204,1.0
242,205,1.0
242,206,2.0
242,281,-99.0
242,282,-100.0
242,283,-100.0
242,284,-100.0
242,285,-100.0
242,286,-100.0
242,287,-101.0
242,288,-105.0
242,289,-108.0
242,290,-110.0
242,291,-111.0
242,292,-110.0
242,293,-108.0
242,294,-106.0
242,295,-105.0
242,296,-102.0
242,297,-99.0
242,298,-97.0
242,299,-22.0
242,300,125.0
242,301,122.0
242,302,111.0
242,303,97.0
242,304,83.0
242,305,67.0
242,306,67.0
242,307,91.0
242,308,127.0
242,309,127.0
242,310,127.0
242,311,127.0
242,312,127.0
242,313,97.0
242,314,97.0
242,315,97.0
242,316,96.0
242,317,96.0
242,318,96.0
242,319,96.0
242,320,96.0
242,322,138.0
242,323,156.0
242,324,138.0
242,325,96.0
242,326,96.0
242,327,105.0
242,328,95.0
242,329,95.0
242,330,96.0
242,331,96.0
242,332,97.0
242,333,97.0
243,76,8.0
243,77,8.0
243,78,8.0
243,79,8.0
243,80,7.0
243,81,6.0
243,82,5.0
243,83,3.0
243,84,1.0
243,85,1.0
243,86,0.0
243,87,-1.0
243,88,-1.0
243,89,-2.0
243,90,-2.0
243,91,-2.0
243,92,-3.0
243,93,-3.0
243,94,-3.0
243,95,-3.0
243,96,-4.0
243,97,-4.0
243,98,-4.0
243,99,-4.0
243,100,-4.0
243,101,-3.0
243,102,-3.0
243,103,-3.0
243,104,-3.0
243,105,-3.0
243,106,-3.0
243,107,-3.0
243,108,18.0
243,109,-3.0
243,110,-3.0
243,111,-3.0
243,112,-3.0
243,113,-3.0
243,114,-3.0
243,115,-3.0
243,116,-3.0
243,117,-3.0
243,118,-4.0
243,119,-3.0
243,120,-3.0
243,121,-3.0
243,122,-2.0
243,123,-1.0
243,124,-1.0
243,125,-1.0
243,126,-1.0
243,127,-1.0
243,128,-1.0
243,129,-0.0
243,130,0.0
243,131,1.0
243,132,1.0
243,138,1.0
243,139,1.0
243,140,1.0
243,141,1.0
243,142,1.0
243,143,1.0
243,144,1.0
243,145,1.0
243,146,1.0
243,147,1.0
243,148,1.0
243,149,1.0
243,150,1.0
243,151,1.0
243,152,1.0
243,153,1.0
243,154,1.0
243,155,1.0
243,156,1.0
243,157,1.0
243,158,1.0
243,159,1.0
243,160,1.0
243,161,1.0
243,162,1.0
243,163,1.0
243,164,1.0
243,165,1.0
243,166,1.0
243,167,1.0
243,168,1.0
243,169,1.0
243,170,1.0
243,175,1.0
243,177,2.0
243,178,2.0
243,179,2.0
243,180,2.0
243,181,1.0
243,182,1.0
243,183,1.0
243,184,1.0
243,185,1.0
243,186,0.0
243,187,0.0
243,188,0.0
243,189,0.0
243,190,0.0
243,191,1.0
243,192,1.0
243,193,1.0
243,194,1.0
243,195,1.0
243,196,1.0
243,197,1.0
243,198,1.0
243,199,1.0
243,200,1.0
243,201,1.0
243,202,1.0
243,203,1.0
243,204,1.0
243,205,2.0
243,206,2.0
243,281,33.0
243,282,-97.0
243,283,-96.0
243,284,-97.0
243,285,-97.0
243,286,-97.0
243,287,-99.0
243,288,-102.0
243,289,-105.0
243,290,-107.0
243,291,-107.0
243,292,-106.0
243,293,-104.0
243,294,-102.0
243,295,-101.0
243,296,-99.0
243,297,-96.0
243,298,-94.0
243,299,-56.0
243,300,52.0
243,301,60.0
243,302,29.0
243,303,99.0
243,304,77.0
243,305,67.0
243,306,67.0
243,307,70.0
243,308,127.0
243,309,127.0
243,310,127.0
243,311,127.0
243,312,127.0
243,313,97.0
243,314,117.0
243,315,97.0
243,316,96.0
243,317,96.0
243,318,96.0
243,319,96.0
243,320,96.0
243,321,96.0
243,322,96.0
243,323,96.0
243,324,96.0
243,325,115.0
243,326,109.0
243,327,95.0
243,328,95.0
243,329,95.0
243,330,96.0
243,331,96.0
243,332,96.0
243,333,97.0
244,75,9.0
244,77,8.0
244,78,8.0
244,79,8.0
244,80,7.0
244,81,5.0
244,82,4.0
244,83,3.0
244,84,2.0
244,85,1.0
244,86,0.0
244,87,-1.0
244,88,-1.0
244,89,-2.0
244,90,-2.0
244,91,-2.0
244,92,-3.0
244,93,-3.0
244,94,-3.0
244,95,-3.0
244,96,-3.0
244,97,-3.0
244,98,-4.0
244,99,-3.0
244,100,-3.0
244,101,-3.0
244,102,-3.0
244,103,-3.0
244,104,-2.0
244,105,-2.0
244,106,-2.0
244,108,51.0
244,109,43.0
244,110,39.0
244,113,-3.0
244,114,-3.0
244,115,-3.0
244,116,-3.0
244,117,-3.0
244,118,-3.0
244,119,-3.0
244,120,-3.0
244,121,-2.0
244,122,-2.0
244,123,-1.0
244,124,-1.0
244,125,-1.0
244,126,-1.0
244,127,-1.0
244,128,-1.0
244,129,-0.0
244,130,0.0
244,131,1.0
244,132,1.0
244,133,1.0
244,138,1.0
244,139,1.0
244,140,1.0
244,141,1.0
244,142,1.0
244,143,1.0
244,144,1.0
244,145,1.0
244,146,1.0
244,147,1.0
244,148,1.0
244,149,1.0
244,150,1.0
244,151,1.0
244,152,1.0
244,153,1.0
244,154,1.0
244,155,1.0
244,156,1.0
244,157,1.0
244,158,1.0
244,159,1.0
244,160,1.0
244,161,1.0
244,162,1.0
244,163,1.0
244,164,1.0
244,165,1.0
244,166,1.0
244,167,1.0
244,168,1.0
244,169,1.0
244,170,1.0
244,176,1.0
244,177,1.0
244,178,1.0
244,179,1.0
244,180,1.0
244,181,1.0
244,182,1.0
244,183,1.0
244,184,1.0
244,185,0.0
244,186,0.0
244,187,0.0
244,188,0.0
244,189,0.0
244,190,0.0
244,191,1.0
244,192,1.0
244,193,1.0
244,194,1.0
244,195,1.0
244,196,1.0
244,197,1.0
244,198,1.0
244,199,1.0
244,200,1.0
244,201,1.0
244,202,1.0
244,203,1.0
244,204,2.0
244,205,2.0
244,206,2.0
244,207,2.0
244,281,-93.0
244,282,-94.0
244,283,-94.0
244,284,-95.0
244,285,-94.0
244,286,-94.0
244,287,-96.0
244,288,-99.0
244,289,-102.0
244,290,-103.0
244,291,-103.0
244,292,-102.0
244,293,-101.0
244,294,-99.0
244,295,-98.0
244,296,-96.0
244,297,-93.0
244,298,-91.0
244,299,-10.0
244,300,15.0
244,301,-16.0
244,302,44.0
244,303,35.0
244,304,67.0
244,305,67.0
244,306,67.0
244,307,67.0
244,308,127.0
244,309,127.0
244,310,127.0
244,311,127.0
244,312,127.0
244,313,97.0
244,314,97.0
244,315,97.0
244,316,96.0
244,317,96.0
244,318,96.0
244,319,96.0
244,320,96.0
244,321,96.0
244,322,96.0
244,323,96.0
244,324,96.0
244,325,96.0
244,326,95.0
244,327,95.0
244,328,95.0
244,329,95.0
244,330,96.0
244,331,96.0
244,332,97.0
244,333,97.0
245,75,9.0
245,76,8.0
245,77,8.0
245,78,8.0
245,79,8.0
245,80,7.0
245,81,6.0
245,82,4.0
245,83,3.0
245,84,1.0
245,85,1.0
245,86,-0.0
245,87,-1.0
245,88,-1.0
245,89,-2.0
245,90,-2.0
245,91,-2.0
245,92,-2.0
245,93,-3.0
245,94,-3.0
245,95,-3.0
245,96,-3.0
245,98,59.0
245,107,57.0
245,108,49.0
245,110,49.0
245,114,51.0
245,115,13.0
245,116,-2.0
245,117,-3.0
245,118,-3.0
245,119,-3.0
245,120,-3.0
245,121,-2.0
245,122,-2.0
245,123,-1.0
245,124,-1.0
245,125,-1.0
245,126,-1.0
245,127,-1.0
245,128,-1.0
245,129,-0.0
245,130,0.0
245,131,1.0
245,132,1.0
245,133,1.0
245,134,1.0
245,139,1.0
245,140,1.0
245,141,1.0
245,142,1.0
245,143,1.0
245,144,1.0
245,145,1.0
245,146,1.0
245,147,1.0
245,148,1.0
245,149,1.0
245,150,1.0
245,151,1.0
245,152,1.0
245,153,1.0
245,154,1.0
245,155,1.0
245,156,1.0
245,157,1.0
245,158,1.0
245,159,1.0
245,160,1.0
245,161,1.0
245,162,1.0
245,163,1.0
245,164,1.0
245,165,1.0
245,166,1.0
245,167,1.0
245,168,1.0
245,169,1.0
245,170,1.0
245,171,1.0
245,176,1.0
245,177,1.0
245,178,1.0
245,179,1.0
245,180,1.0
245,181,1.0
245,182,1.0
245,183,0.0
245,184,0.0
245,185,0.0
245,186,0.0
245,187,0.0
245,188,0.0
245,189,0.0
245,190,0.0
245,191,1.0
245,192,1.0
245,193,1.0
245,194,1.0
245,195,1.0
245,196,1.0
245,197,1.0
245,198,1.0
245,199,1.0
245,200,1.0
245,201,1.0
245,202,1.0
245,203,2.0
245,204,2.0
245,205,2.0
245,206,2.0
245,207,2.0
245,281,-80.0
245,282,-91.0
245,283,-91.0
245,284,-91.0
245,285,-91.0
245,286,-91.0
245,287,-93.0
245,288,-96.0
245,289,-99.0
245,290,-101.0
245,291,-99.0
245,292,-99.0
245,293,-97.0
245,294,-96.0
245,295,-94.0
245,296,-92.0
245,297,-90.0
245,298,-87.0
245,299,-86.0
245,300,91.0
245,301,58.0
245,302,17.0
245,303,29.0
245,304,68.0
245,305,67.0
245,306,67.0
245,307,67.0
245,308,127.0
245,309,127.0
245,310,127.0
245,311,127.0
245,312,127.0
245,313,97.0
245,314,97.0
245,315,97.0
245,316,96.0
245,317,96.0
245,318,96.0
245,319,96.0
245,320,96.0
245,321,96.0
245,322,96.0
245,323,96.0
245,324,96.0
245,325,95.0
245,326,95.0
245,327,95.0
245,328,95.0
245,329,95.0
245,330,95.0
245,331,96.0
245,332,96.0
245,333,97.0
246,75,9.0
246,76,8.0
246,77,8.0
246,78,8.0
246,79,8.0
246,80,7.0
246,81,5.0
246,82,4.0
246,83,3.0
246,84,1.0
246,85,0.0
246,86,-0.0
246,87,-1.0
246,88,-1.0
246,89,-1.0
246,90,-1.0
246,91,-2.0
246,92,-2.0
246,93,-2.0
246,94,-2.0
246,95,50.0
246,99,61.0
246,100,61.0
246,106,61.0
246,107,57.0
246,108,55.0
246,111,44.0
246,113,39.0
246,114,39.0
246,115,51.0
246,116,-2.0
246,117,-2.0
246,118,-2.0
246,119,-2.0
246,120,-2.0
246,121,-2.0
246,122,-2.0
246,123,-1.0
246,124,-1.0
246,125,-1.0
246,126,-1.0
246,127,-1.0
246,128,-1.0
246,129,-0.0
246,130,0.0
246,131,1.0
246,132,1.0
246,133,1.0
246,134,1.0
246,139,1.0
246,140,1.0
246,141,1.0
246,142,1.0
246,143,1.0
246,144,1.0
246,145,1.0
246,146,1.0
246,147,1.0
246,148,1.0
246,149,1.0
246,150,1.0
246,151,1.0
246,152,1.0
246,153,1.0
246,154,1.0
246,155,1.0
246,156,1.0
246,157,1.0
246,158,1.0
246,159,1.0
246,160,1.0
246,161,1.0
246,162,1.0
246,163,1.0
246,164,1.0
246,165,1.0
246,166,1.0
246,167,1.0
246,168,1.0
246,169,1.0
246,170,1.0
246,171,1.0
246,172,1.0
246,176,1.0
246,177,1.0
246,178,1.0
246,179,1.0
246,180,0.0
246,181,0.0
246,182,0.0
246,183,0.0
246,184,0.0
246,185,-0.0
246,186,-0.0
246,187,-0.0
246,188,-0.0
246,189,0.0
246,190,0.0
246,191,0.0
246,192,0.0
246,193,1.0
246,194,1.0
246,195,1.0
246,196,1.0
246,197,1.0
246,198,1.0
246,199,1.0
246,200,1.0
246,201,1.0
246,202,2.0
246,203,2.0
246,204,2.0
246,205,2.0
246,206,2.0
246,207,3.0
246,281,-87.0
246,282,-88.0
246,283,-88.0
246,284,-89.0
246,285,-88.0
246,286,-88.0
246,287,-90.0
246,288,-93.0
246,289,-95.0
246,290,-97.0
246,291,-96.0
246,292,-96.0
246,293,-94.0
246,294,-93.0
246,295,-91.0
246,296,-89.0
246,297,-87.0
246,298,-85.0
246,299,-83.0
246,300,31.0
246,301,92.0
246,302,29.0
246,303,42.0
246,304,44.0
246,305,67.0
246,306,69.0
246,307,67.0
246,308,127.0
246,309,127.0
246,310,127.0
246,311,127.0
246,312,127.0
246,313,97.0
246,314,97.0
246,315,97.0
246,316,97.0
246,317,96.0
246,318,96.0
246,319,96.0
246,320,96.0
246,321,96.0
246,322,96.0
246,323,96.0
246,324,95.0
246,325,95.0
246,326,95.0
246,327,95.0
246,328,95.0
246,329,95.0
246,330,95.0
246,331,96.0
246,332,96.0
246,333,97.0
247,75,9.0
247,76,8.0
247,77,8.0
247,78,8.0
247,79,8.0
247,80,7.0
247,81,5.0
247,82,3.0
247,83,3.0
247,84,1.0
247,85,0.0
247,86,-0.0
247,87,-1.0
247,88,-1.0
247,89,-1.0
247,90,-1.0
247,91,-1.0
247,92,-2.0
247,93,-2.0
247,101,61.0
247,106,61.0
247,107,59.0
247,108,55.0
247,109,48.0
247,110,41.0
247,111,39.0
247,112,39.0
247,113,39.0
247,114,39.0
247,115,38.0
247,116,-1.0
247,117,-1.0
247,118,-2.0
247,119,-2.0
247,120,-2.0
247,121,-2.0
247,122,-2.0
247,123,-1.0
247,124,-1.0
247,125,-1.0
247,126,-1.0
247,127,-1.0
247,128,-1.0
247,129,-0.0
247,130,0.0
247,131,1.0
247,132,1.0
247,133,1.0
247,134,1.0
247,135,1.0
247,139,1.0
247,140,1.0
247,141,1.0
247,142,1.0
247,143,1.0
247,144,1.0
247,145,1.0
247,146,1.0
247,147,1.0
247,148,1.0
247,149,1.0
247,150,1.0
247,151,1.0
247,152,1.0
247,153,1.0
247,154,1.0
247,155,1.0
247,156,1.0
247,157,1.0
247,158,1.0
247,159,1.0
247,160,1.0
247,161,1.0
247,162,1.0
247,163,1.0
247,164,1.0
247,165,1.0
247,166,1.0
247,167,1.0
247,168,1.0
247,169,1.0
247,170,1.0
247,171,1.0
247,172,1.0
247,176,1.0
247,177,0.0
247,178,0.0
247,179,0.0
247,180,0.0
247,181,0.0
247,182,-0.0
247,183,-0.0
247,184,-0.0
247,185,-0.0
247,186,-0.0
247,187,-0.0
247,188,-0.0
247,189,-0.0
247,190,0.0
247,191,0.0
247,192,0.0
247,193,1.0
247,194,1.0
247,195,1.0
247,196,1.0
247,197,1.0
247,198,1.0
247,199,1.0
247,200,1.0
247,201,1.0
247,202,2.0
247,203,2.0
247,204,2.0
247,205,2.0
247,206,2.0
247,207,3.0
247,281,-85.0
247,282,-85.0
247,283,-85.0
247,284,-85.0
247,285,-85.0
247,286,-85.0
247,287,-87.0
247,288,-90.0
247,289,-93.0
247,290,-94.0
247,291,-94.0
247,292,-92.0
247,293,-91.0
247,294,-89.0
247,295,-88.0
247,296,-86.0
247,297,-83.0
247,298,-81.0
247,299,-55.0
247,300,-7.0
247,301,17.0
247,302,29.0
247,303,35.0
247,304,54.0
247,305,67.0
247,306,72.0
247,307,72.0
247,308,127.0
247,309,127.0
247,310,127.0
247,311,127.0
247,312,149.0
247,313,102.0
247,314,105.0
247,315,97.0
247,316,96.0
247,317,96.0
247,318,96.0
247,319,96.0
247,320,96.0
247,321,96.0
247,322,96.0
247,323,95.0
247,324,95.0
247,325,95.0
247,326,95.0
247,327,95.0
247,328,95.0
247,329,95.0
247,330,95.0
247,331,96.0
247,332,96.0
247,333,96.0
248,75,9.0
248,76,8.0
248,77,8.0
248,78,8.0
248,79,7.0
248,80,7.0
248,81,6.0
248,82,3.0
248,83,3.0
248,84,3.0
248,85,51.0
248,86,-0.0
248,87,-0.0
248,88,-1.0
248,89,-1.0
248,90,-1.0
248,91,-1.0
248,92,-2.0
248,93,-2.0
248,95,44.0
248,102,61.0
248,103,61.0
248,104,61.0
248,105,61.0
248,106,61.0
248,107,61.0
248,108,55.0
248,109,48.0
248,110,41.0
248,114,63.0
248,116,-1.0
248,117,-1.0
248,118,-1.0
248,119,-1.0
248,120,-1.0
248,121,-1.0
248,122,-1.0
248,123,-1.0
248,124,-1.0
248,125,-1.0
248,126,-1.0
248,127,-1.0
248,128,-1.0
248,129,-0.0
248,132,1.0
248,133,1.0
248,134,1.0
248,135,1.0
248,136,1.0
248,137,1.0
248,138,1.0
248,139,1.0
248,140,1.0
248,141,1.0
248,142,1.0
248,143,1.0
248,144,1.0
248,145,1.0
248,146,1.0
248,147,1.0
248,148,1.0
248,149,1.0
248,150,1.0
248,151,1.0
248,152,1.0
248,153,1.0
248,154,1.0
248,155,1.0
248,156,1.0
248,157,1.0
248,158,1.0
248,159,1.0
248,170,1.0
248,171,1.0
248,172,1.0
248,173,1.0
248,174,1.0
248,175,1.0
248,176,1.0
248,177,0.0
248,178,0.0
248,179,0.0
248,180,0.0
248,181,-0.0
248,182,-0.0
248,183,-0.0
248,184,-0.0
248,185,-0.0
248,186,-0.0
248,187,-0.0
248,188,-0.0
248,189,-0.0
248,190,-0.0
248,191,0.0
248,192,0.0
248,193,0.0
248,194,1.0
248,195,1.0
248,196,1.0
248,197,1.0
248,198,1.0
248,199,1.0
248,200,1.0
248,201,2.0
248,202,2.0
248,203,2.0
248,204,2.0
248,205,2.0
248,206,2.0
248,207,2.0
248,281,-82.0
248,282,-83.0
248,283,-82.0
248,284,-82.0
248,285,-82.0
248,286,-82.0
248,287,-84.0
248,288,-87.0
248,289,-90.0
248,290,-90.0
248,291,-89.0
248,292,-89.0
248,293,-87.0
248,294,-86.0
248,295,-84.0
248,296,-82.0
248,297,-80.0
248,298,-77.0
248,299,-49.0
248,300,-6.0
248,301,1.0
248,302,29.0
248,303,36.0
248,304,39.0
248,305,43.0
248,306,66.0
248,307,29.0
248,308,127.0
248,309,127.0
248,310,127.0
248,311,127.0
248,312,127.0
248,313,97.0
248,314,97.0
248,315,97.0
248,316,96.0
248,317,96.0
248,318,96.0
248,319,96.0
248,320,96.0
248,321,96.0
248,322,95.0
248,323,95.0
248,324,95.0
248,325,95.0
248,326,95.0
248,327,95.0
248,328,95.0
248,329,95.0
248,330,95.0
248,331,95.0
248,332,96.0
248,333,96.0
249,75,9.0
249,76,8.0
249,77,8.0
249,78,8.0
249,79,7.0
249,80,7.0
249,81,6.0
249,83,3.0
249,84,3.0
249,87,-0.0
249,89,-1.0
249,90,-1.0
249,91,-1.0
249,92,-1.0
249,93,-1.0
249,95,50.0
249,99,61.0
249,100,61.0
249,101,61.0
249,102,61.0
249,103,61.0
249,104,61.0
249,105,61.0
249,106,61.0
249,107,61.0
249,115,75.0
249,116,-0.0
249,117,-1.0
249,118,-1.0
249,119,-1.0
249,120,-1.0
249,121,-1.0
249,122,-1.0
249,123,-1.0
249,124,-1.0
249,125,-1.0
249,126,-1.0
249,127,-1.0
249,128,-1.0
249,129,-0.0
249,133,1.0
249,134,1.0
249,135,1.0
249,136,1.0
249,137,1.0
249,138,1.0
249,139,1.0
249,140,1.0
249,141,1.0
249,142,1.0
249,143,1.0
249,144,1.0
249,145,1.0
249,146,1.0
249,147,1.0
249,148,1.0
249,149,1.0
249,150,1.0
249,151,1.0
249,152,1.0
249,153,1.0
249,154,1.0
249,155,1.0
249,156,1.0
249,157,1.0
249,159,1.0
249,171,1.0
249,172,1.0
249,173,1.0
249,174,1.0
249,175,1.0
249,176,0.0
249,177,0.0
249,178,0.0
249,179,0.0
249,180,-0.0
249,181,-0.0
249,182,-0.0
249,183,-0.0
249,184,-0.0
249,185,-0.0
249,186,-0.0
249,187,-0.0
249,188,-0.0
249,189,-0.0
249,190,-0.0
249,191,-0.0
249,192,0.0
249,193,0.0
249,194,1.0
249,195,1.0
249,196,1.0
249,197,1.0
249,198,1.0
249,199,1.0
249,200,1.0
249,201,2.0
249,202,2.0
249,203,3.0
249,204,2.0
249,205,3.0
249,206,3.0
249,207,3.0
249,208,3.0
249,281,-79.0
249,282,-79.0
249,283,-79.0
249,284,-79.0
249,285,-79.0
249,286,-79.0
249,287,-81.0
249,288,-83.0
249,289,-86.0
249,290,-87.0
249,291,-86.0
249,292,-85.0
249,293,-83.0
249,294,-82.0
249,295,-80.0
249,296,-79.0
249,297,-76.0
249,298,-74.0
249,299,-35.0
249,300,-17.0
249,301,-2.0
249,302,10.0
249,303,6.0
249,304,8.0
249,305,14.0
249,306,47.0
249,307,3.0
249,308,127.0
249,309,127.0
249,310,127.0
249,311,127.0
249,312,127.0
249,313,97.0
249,314,97.0
249,315,97.0
249,316,96.0
249,317,96.0
249,318,96.0
249,319,96.0
249,320,96.0
249,321,96.0
249,322,95.0
249,323,95.0
249,324,95.0
249,325,95.0
249,326,95.0
249,327,95.0
249,328,94.0
249,329,95.0
249,330,95.0
249,331,95.0
249,332,96.0
249,333,96.0
250,75,9.0
250,76,8.0
250,78,8.0
250,80,7.0
250,81,7.0
250,82,6.0
250,83,4.0
250,84,3.0
250,85,1.0
250,87,0.0
250,88,0.0
250,90,-0.0
250,91,-1.0
250,92,-1.0
250,93,-1.0
250,94,54.0
250,95,47.0
250,96,54.0
250,97,49.0
250,98,58.0
250,101,61.0
250,102,61.0
250,103,61.0
250,105,61.0
250,106,61.0
250,107,61.0
250,113,39.0
250,114,52.0
250,115,-0.0
250,116,-0.0
250,117,-0.0
250,118,-0.0
250,119,-0.0
250,120,-0.0
250,121,-1.0
250,122,-1.0
250,123,-1.0
250,124,-1.0
250,125,-1.0
250,126,-1.0
250,127,-1.0
250,128,-1.0
250,129,-0.0
250,134,1.0
250,135,1.0
250,136,1.0
250,137,1.0
250,138,1.0
250,139,1.0
250,140,1.0
250,141,1.0
250,142,1.0
250,143,1.0
250,144,1.0
250,145,1.0
250,146,1.0
250,147,1.0
250,148,1.0
250,149,1.0
250,150,1.0
250,151,1.0
250,152,1.0
250,153,1.0
250,154,1.0
250,155,1.0
250,156,1.0
250,157,1.0
250,158,1.0
250,159,1.0
250,171,1.0
250,172,1.0
250,173,1.0
250,174,1.0
250,175,1.0
250,176,0.0
250,177,0.0
250,178,0.0
250,179,-0.0
250,180,-0.0
250,181,-0.0
250,182,-0.0
250,183,-0.0
250,184,-0.0
250,185,-0.0
250,186,-0.0
250,187,-0.0
250,188,-0.0
250,189,-0.0
250,190,-0.0
250,191,-0.0
250,192,0.0
250,193,0.0
250,194,0.0
250,195,1.0
250,196,1.0
250,197,1.0
250,198,1.0
250,199,1.0
250,200,1.0
250,201,2.0
250,202,2.0
250,203,3.0
250,204,3.0
250,205,4.0
250,206,4.0
250,207,3.0
250,208,4.0
250,281,-76.0
250,282,-77.0
250,283,-77.0
250,284,-76.0
250,285,-76.0
250,286,-77.0
250,287,-78.0
250,288,-80.0
250,289,-83.0
250,290,-83.0
250,291,-82.0
250,292,-81.0
250,293,-80.0
250,294,-78.0
250,295,-77.0
250,296,-75.0
250,297,-73.0
250,298,-58.0
250,299,-30.0
250,300,-28.0
250,301,1.0
250,302,12.0
250,303,10.0
250,304,4.0
250,305,4.0
250,306,4.0
250,307,63.0
250,308,127.0
250,309,127.0
250,310,127.0
250,311,127.0
250,312,127.0
250,313,97.0
250,314,97.0
250,315,97.0
250,316,96.0
250,317,96.0
250,318,96.0
250,319,96.0
250,320,96.0
250,321,96.0
250,322,95.0
250,323,95.0
250,324,95.0
250,325,95.0
250,326,95.0
250,327,94.0
250,328,94.0
250,329,94.0
250,330,95.0
250,331,95.0
250,332,96.0
250,333,96.0
251,75,9.0
251,76,32.0
251,77,8.0
251,78,8.0
251,79,8.0
251,80,7.0
251,81,7.0
251,82,6.0
251,83,4.0
251,84,4.0
251,85,1.0
251,86,1.0
251,87,1.0
251,88,1.0
251,89,1.0
251,90,0.0
251,91,0.0
251,92,0.0
251,93,-0.0
251,94,-0.0
251,95,56.0
251,96,40.0
251,97,52.0
251,98,56.0
251,99,61.0
251,100,61.0
251,101,61.0
251,103,61.0
251,104,61.0
251,105,61.0
251,106,61.0
251,107,61.0
251,108,61.0
251,109,54.0
251,110,47.0
251,111,39.0
251,112,39.0
251,113,55.0
251,114,39.0
251,115,38.0
251,116,0.0
251,117,1.0
251,118,10.0
251,120,0.0
251,121,-0.0
251,122,-0.0
251,123,-1.0
251,124,-0.0
251,125,-0.0
251,126,-0.0
251,127,-0.0
251,128,-0.0
251,129,-0.0
251,134,1.0
251,135,1.0
251,136,1.0
251,137,1.0
251,138,1.0
251,139,1.0
251,140,1.0
251,141,1.0
251,142,1.0
251,143,1.0
251,144,1.0
251,145,1.0
251,146,1.0
251,147,1.0
251,148,1.0
251,149,1.0
251,150,1.0
251,151,1.0
251,152,1.0
251,153,1.0
251,154,1.0
251,155,1.0
251,156,1.0
251,172,1.0
251,173,1.0
251,174,1.0
251,175,0.0
251,176,0.0
251,177,0.0
251,178,0.0
251,179,-0.0
251,180,-0.0
251,181,-0.0
251,182,-0.0
251,183,-0.0
251,184,-0.0
251,185,-0.0
251,186,-0.0
251,187,-0.0
251,188,-0.0
251,189,-0.0
251,190,-0.0
251,191,-0.0
251,192,0.0
251,193,0.0
251,194,0.0
251,195,0.0
251,196,1.0
251,197,1.0
251,198,1.0
251,199,1.0
251,200,1.0
251,201,2.0
251,202,2.0
251,203,3.0
251,204,3.0
251,205,4.0
251,206,4.0
251,207,4.0
251,208,4.0
251,281,-74.0
251,282,-73.0
251,283,-74.0
251,284,-74.0
251,285,-74.0
251,286,-74.0
251,287,-74.0
251,288,-78.0
251,289,-80.0
251,290,-80.0
251,291,-78.0
251,292,-77.0
251,293,-76.0
251,294,-74.0
251,295,-73.0
251,296,-71.0
251,297,-69.0
251,298,-66.0
251,299,-29.0
251,300,-27.0
251,301,-1.0
251,302,8.0
251,303,11.0
251,304,15.0
251,305,7.0
251,306,52.0
251,307,65.0
251,308,155.0
251,309,127.0
251,310,127.0
251,311,127.0
251,312,127.0
251,313,97.0
251,314,97.0
251,315,97.0
251,316,96.0
251,317,96.0
251,318,96.0
251,319,96.0
251,320,96.0
251,321,95.0
251,322,95.0
251,323,95.0
251,324,95.0
251,325,95.0
251,326,95.0
251,327,94.0
251,328,94.0
251,329,94.0
251,330,95.0
251,331,95.0
251,332,96.0
251,333,96.0
252,77,8.0
252,78,8.0
252,79,8.0
252,80,8.0
252,81,7.0
252,82,7.0
252,83,7.0
252,84,5.0
252,85,1.0
252,86,1.0
252,88,1.0
252,89,1.0
252,90,0.0
252,91,0.0
252,92,0.0
252,93,0.0
252,94,-0.0
252,95,61.0
252,98,54.0
252,99,61.0
252,100,61.0
252,101,61.0
252,102,61.0
252,103,61.0
252,104,61.0
252,105,61.0
252,106,61.0
252,107,61.0
252,108,61.0
252,109,54.0
252,110,48.0
252,111,58.0
252,112,58.0
252,113,71.0
252,114,55.0
252,115,30.0
252,116,1.0
252,117,1.0
252,118,1.0
252,119,1.0
252,120,13.0
252,121,1.0
252,122,1.0
252,123,0.0
252,124,0.0
252,125,-0.0
252,126,-0.0
252,127,0.0
252,128,-0.0
252,129,-0.0
252,135,1.0
252,136,1.0
252,137,1.0
252,138,1.0
252,139,1.0
252,140,1.0
252,141,1.0
252,142,1.0
252,143,1.0
252,144,1.0
252,145,1.0
252,146,1.0
252,147,1.0
252,148,1.0
252,149,1.0
252,150,1.0
252,151,1.0
252,152,1.0
252,153,1.0
252,154,1.0
252,155,1.0
252,156,1.0
252,172,1.0
252,173,1.0
252,174,1.0
252,175,0.0
252,176,0.0
252,177,0.0
252,178,-0.0
252,179,-0.0
252,180,-0.0
252,181,-0.0
252,182,-0.0
252,183,-0.0
252,184,-0.0
252,185,-0.0
252,186,-0.0
252,187,-0.0
252,188,-0.0
252,189,-0.0
252,190,-0.0
252,191,-0.0
252,192,0.0
252,193,0.0
252,194,0.0
252,195,0.0
252,196,1.0
252,197,1.0
252,198,1.0
252,199,1.0
252,200,1.0
252,201,95.0
252,202,95.0
252,203,95.0
252,204,95.0
252,205,95.0
252,206,95.0
252,281,-70.0
252,282,-70.0
252,283,-70.0
252,284,-70.0
252,285,-70.0
252,286,-70.0
252,287,-72.0
252,288,-75.0
252,289,-77.0
252,290,-77.0
252,291,-75.0
252,292,-73.0
252,293,-72.0
252,294,-71.0
252,295,-69.0
252,296,-67.0
252,297,-65.0
252,298,-63.0
252,299,-27.0
252,300,-25.0
252,301,-2.0
252,302,6.0
252,303,10.0
252,304,11.0
252,305,23.0
252,306,61.0
252,307,32.0
252,308,127.0
252,309,148.0
252,310,152.0
252,311,127.0
252,312,138.0
252,313,97.0
252,314,97.0
252,315,97.0
252,316,96.0
252,317,96.0
252,318,96.0
252,319,96.0
252,320,95.0
252,321,95.0
252,322,95.0
252,323,95.0
252,324,95.0
252,325,95.0
252,326,94.0
252,327,94.0
252,328,94.0
252,329,94.0
252,330,95.0
252,331,95.0
252,332,96.0
252,333,96.0
253,83,8.0
253,86,1.0
253,87,1.0
253,88,1.0
253,89,1.0
253,90,1.0
253,91,1.0
253,92,1.0
253,93,49.0
253,94,1.0
253,95,47.0
253,96,39.0
253,97,43.0
253,98,51.0
253,99,58.0
253,103,61.0
253,105,74.0
253,111,39.0
253,114,43.0
253,115,17.0
253,116,91.0
253,117,39.0
253,118,2.0
253,119,2.0
253,120,2.0
253,121,2.0
253,122,2.0
253,123,1.0
253,124,1.0
253,125,1.0
253,126,1.0
253,127,1.0
253,128,2.0
253,129,3.0
253,137,1.0
253,138,1.0
253,139,1.0
253,140,1.0
253,141,1.0
253,142,1.0
253,143,1.0
253,144,1.0
253,145,1.0
253,146,1.0
253,147,1.0
253,148,1.0
253,149,1.0
253,150,1.0
253,151,1.0
253,152,1.0
253,153,1.0
253,154,1.0
253,155,1.0
253,156,1.0
253,175,0.0
253,176,0.0
253,177,0.0
253,178,-0.0
253,179,-0.0
253,180,-0.0
253,181,-0.0
253,182,-0.0
253,183,-0.0
253,184,-0.0
253,185,-0.0
253,186,-0.0
253,187,-0.0
253,188,-0.0
253,189,-0.0
253,190,-0.0
253,191,-0.0
253,192,0.0
253,193,0.0
253,194,0.0
253,195,0.0
253,196,1.0
253,197,1.0
253,198,1.0
253,199,1.0
253,200,1.0
253,203,95.0
253,204,95.0
253,205,95.0
253,206,95.0
253,281,-68.0
253,282,-68.0
253,283,-68.0
253,284,-67.0
253,285,-67.0
253,286,-69.0
253,287,-68.0
253,288,-73.0
253,289,-73.0
253,290,-72.0
253,291,-71.0
253,292,-70.0
253,293,-69.0
253,294,-68.0
253,295,-66.0
253,296,-64.0
253,297,-62.0
253,298,-61.0
253,299,-28.0
253,300,-27.0
253,301,-10.0
253,302,6.0
253,303,6.0
253,304,10.0
253,305,24.0
253,306,49.0
253,307,29.0
253,308,127.0
253,309,127.0
253,310,138.0
253,311,138.0
253,312,138.0
253,313,138.0
253,314,138.0
253,315,138.0
253,316,96.0
253,317,96.0
253,318,96.0
253,319,95.0
253,320,95.0
253,321,95.0
253,322,95.0
253,323,95.0
253,324,95.0
253,325,94.0
253,326,94.0
253,327,94.0
253,328,94.0
253,329,94.0
253,330,94.0
253,331,95.0
253,332,96.0
253,333,96.0
254,83,9.0
254,84,9.0
254,86,1.0
254,87,2.0
254,88,3.0
254,89,5.0
254,90,3.0
254,91,4.0
254,92,1.0
254,93,5.0
254,94,7.0
254,97,46.0
254,98,50.0
254,103,61.0
254,104,61.0
254,106,73.0
254,109,9.0
254,112,19.0
254,113,8.0
254,114,5.0
254,116,16.0
254,118,35.0
254,119,7.0
254,120,5.0
254,121,6.0
254,122,9.0
254,123,9.0
254,124,4.0
254,125,7.0
254,126,6.0
254,127,7.0
254,128,6.0
254,129,8.0
254,137,1.0
254,138,1.0
254,139,1.0
254,140,1.0
254,141,1.0
254,142,1.0
254,143,1.0
254,144,1.0
254,145,1.0
254,146,1.0
254,147,1.0
254,148,1.0
254,149,1.0
254,150,1.0
254,151,1.0
254,152,1.0
254,153,1.0
254,154,1.0
254,155,1.0
254,156,1.0
254,176,0.0
254,177,0.0
254,178,-0.0
254,179,-0.0
254,180,-0.0
254,181,-0.0
254,182,-0.0
254,183,-0.0
254,184,-0.0
254,185,-0.0
254,186,-0.0
254,187,-0.0
254,188,-0.0
254,189,-0.0
254,190,-0.0
254,191,-0.0
254,192,0.0
254,193,0.0
254,194,0.0
254,195,0.0
254,196,0.0
254,197,1.0
254,198,1.0
254,204,123.0
254,205,123.0
254,207,123.0
254,281,-64.0
254,282,-64.0
254,283,-64.0
254,284,-64.0
254,285,-65.0
254,286,-64.0
254,287,-65.0
254,288,-69.0
254,289,-69.0
254,290,-68.0
254,291,-67.0
254,292,-66.0
254,293,-65.0
254,294,-64.0
254,295,-62.0
254,296,-60.0
254,297,-58.0
254,298,-57.0
254,299,-56.0
254,300,-27.0
254,301,-27.0
254,302,6.0
254,303,13.0
254,304,12.0
254,305,32.0
254,306,32.0
254,307,26.0
254,308,127.0
254,309,127.0
254,310,138.0
254,311,138.0
254,312,138.0
254,313,138.0
254,314,138.0
254,315,138.0
254,316,96.0
254,317,96.0
254,318,96.0
254,319,95.0
254,320,95.0
254,321,95.0
254,322,95.0
254,323,95.0
254,324,94.0
254,325,94.0
254,326,94.0
254,327,94.0
254,328,94.0
254,329,94.0
254,330,94.0
254,331,95.0
254,332,96.0
254,333,96.0
254,336,170.0
254,337,170.0
254,338,170.0
254,339,170.0
255,84,9.0
255,85,9.0
255,86,9.0
255,88,9.0
255,89,8.0
255,90,9.0
255,91,9.0
255,92,9.0
255,93,9.0
255,94,9.0
255,95,9.0
255,96,39.0
255,97,40.0
255,102,9.0
255,103,9.0
255,104,35.0
255,105,9.0
255,106,9.0
255,107,39.0
255,108,9.0
255,109,9.0
255,110,9.0
255,111,9.0
255,112,9.0
255,113,9.0
255,114,9.0
255,115,9.0
255,116,9.0
255,117,9.0
255,118,9.0
255,119,9.0
255,120,9.0
255,121,9.0
255,122,9.0
255,123,9.0
255,124,9.0
255,125,9.0
255,126,9.0
255,127,9.0
255,128,9.0
255,129,9.0
255,137,1.0
255,138,1.0
255,139,1.0
255,140,1.0
255,141,1.0
255,142,1.0
255,143,1.0
255,144,1.0
255,145,1.0
255,146,1.0
255,147,1.0
255,148,1.0
255,149,0.0
255,150,0.0
255,151,0.0
255,152,0.0
255,153,0.0
255,154,0.0
255,155,0.0
255,156,0.0
255,176,0.0
255,177,0.0
255,178,0.0
255,179,-0.0
255,180,-0.0
255,181,-0.0
255,182,-0.0
255,183,-0.0
255,184,-0.0
255,185,-0.0
255,186,-0.0
255,187,-0.0
255,188,-0.0
255,189,-0.0
255,190,-0.0
255,191,-0.0
255,192,0.0
255,193,0.0
255,194,0.0
255,195,0.0
255,196,0.0
255,197,0.0
255,198,1.0
255,199,123.0
255,200,123.0
255,201,123.0
255,202,123.0
255,203,123.0
255,208,126.0
255,281,-62.0
255,282,-61.0
255,283,-62.0
255,284,-61.0
255,285,-62.0
255,286,-61.0
255,287,-62.0
255,288,-65.0
255,289,-65.0
255,290,-64.0
255,291,-64.0
255,292,-62.0
255,293,-61.0
255,294,-60.0
255,295,-58.0
255,296,-57.0
255,297,-55.0
255,298,-54.0
255,299,-53.0
255,300,-52.0
255,301,-12.0
255,302,5.0
255,303,-48.0
255,304,7.0
255,305,27.0
255,306,27.0
255,307,27.0
255,308,127.0
255,309,127.0
255,310,138.0
255,311,138.0
255,312,138.0
255,313,138.0
255,314,138.0
255,315,138.0
255,316,96.0
255,317,96.0
255,318,96.0
255,319,95.0
255,320,95.0
255,321,95.0
255,322,95.0
255,323,94.0
255,324,94.0
255,325,94.0
255,326,94.0
255,327,94.0
255,328,94.0
255,329,94.0
255,330,95.0
255,331,95.0
255,332,96.0
255,333,96.0
255,334,170.0
255,335,170.0
255,336,170.0
255,337,170.0
255,338,170.0
255,339,170.0
256,87,9.0
256,88,9.0
256,89,9.0
256,90,9.0
256,91,9.0
256,92,9.0
256,93,14.0
256,94,9.0
256,95,9.0
256,96,9.0
256,97,9.0
256,98,9.0
256,99,9.0
256,100,9.0
256,101,9.0
256,102,9.0
256,103,9.0
256,104,9.0
256,105,9.0
256,106,9.0
256,107,9.0
256,108,9.0
256,109,9.0
256,110,9.0
256,111,9.0
256,112,9.0
256,113,9.0
256,114,9.0
256,115,9.0
256,116,9.0
256,117,9.0
256,118,9.0
256,119,9.0
256,120,9.0
256,121,9.0
256,122,9.0
256,123,9.0
256,124,9.0
256,125,9.0
256,126,9.0
256,127,9.0
256,128,9.0
256,129,9.0
256,137,1.0
256,138,1.0
256,139,1.0
256,140,1.0
256,141,1.0
256,142,0.0
256,143,0.0
256,144,0.0
256,145,0.0
256,146,0.0
256,147,0.0
256,148,0.0
256,149,0.0
256,150,0.0
256,151,0.0
256,152,0.0
256,153,0.0
256,154,0.0
256,155,0.0
256,156,0.0
256,176,0.0
256,177,0.0
256,178,0.0
256,179,-0.0
256,180,-0.0
256,181,-0.0
256,182,-0.0
256,183,-0.0
256,184,-0.0
256,185,-0.0
256,186,-0.0
256,187,-0.0
256,188,-0.0
256,189,-0.0
256,190,-0.0
256,191,0.0
256,192,0.0
256,193,0.0
256,194,0.0
256,195,0.0
256,196,0.0
256,197,0.0
256,198,0.0
256,208,145.0
256,281,-59.0
256,282,-59.0
256,283,-58.0
256,284,-58.0
256,285,-58.0
256,286,-59.0
256,287,-60.0
256,288,-62.0
256,289,-63.0
256,290,-61.0
256,291,-60.0
256,292,-59.0
256,293,-58.0
256,294,-56.0
256,295,-55.0
256,296,-54.0
256,297,-53.0
256,298,-51.0
256,299,-50.0
256,300,-48.0
256,301,0.0
256,302,-30.0
256,303,-46.0
256,304,-3.0
256,305,32.0
256,306,27.0
256,307,27.0
256,308,127.0
256,309,127.0
256,310,138.0
256,311,138.0
256,312,138.0
256,313,138.0
256,314,138.0
256,315,138.0
256,316,96.0
256,317,96.0
256,318,96.0
256,319,95.0
256,320,95.0
256,321,95.0
256,322,95.0
256,323,94.0
256,324,94.0
256,325,94.0
256,326,94.0
256,327,94.0
256,328,95.0
256,329,95.0
256,330,95.0
256,331,96.0
256,332,96.0
256,333,96.0
256,334,170.0
256,335,175.0
256,337,170.0
256,338,172.0
256,339,170.0
257,89,9.0
257,90,9.0
257,91,9.0
257,92,9.0
257,93,9.0
257,94,9.0
257,95,9.0
257,96,9.0
257,97,9.0
257,98,9.0
257,99,9.0
257,100,9.0
257,176,0.0
257,177,0.0
257,178,0.0
257,179,0.0
257,180,0.0
257,181,-0.0
257,182,-0.0
257,183,-0.0
257,184,-0.0
257,185,-0.0
257,186,-0.0
257,187,-0.0
257,188,-0.0
257,189,-0.0
257,190,0.0
257,191,0.0
257,192,0.0
257,193,0.0
257,194,0.0
257,195,0.0
257,196,0.0
257,197,0.0
257,198,0.0
257,208,145.0
257,281,-55.0
257,282,-55.0
257,283,-55.0
257,284,-55.0
257,285,-55.0
257,286,-56.0
257,287,-57.0
257,288,-59.0
257,289,-59.0
257,290,-58.0
257,291,-57.0
257,292,-56.0
257,293,-55.0
257,294,-53.0
257,295,-52.0
257,296,-51.0
257,297,-50.0
257,298,-49.0
257,299,-47.0
257,300,-46.0
257,301,-46.0
257,302,-36.0
257,303,6.0
257,304,26.0
257,305,36.0
257,306,33.0
257,307,27.0
257,308,127.0
257,309,127.0
257,310,127.0
257,311,138.0
257,312,138.0
257,313,138.0
257,314,143.0
257,315,142.0
257,316,96.0
257,317,96.0
257,318,95.0
257,319,95.0
257,320,95.0
257,321,95.0
257,322,95.0
257,323,94.0
257,324,94.0
257,325,94.0
257,326,94.0
257,327,95.0
257,328,95.0
257,329,95.0
257,330,95.0
257,331,96.0
257,332,96.0
257,333,96.0
257,334,96.0
257,335,133.0
257,336,188.0
257,337,193.0
257,338,170.0
257,339,101.0
258,176,0.0
258,177,53.0
258,178,0.0
258,179,0.0
258,180,0.0
258,181,0.0
258,182,-0.0
258,183,-0.0
258,184,-0.0
258,185,-0.0
258,186,-0.0
258,187,-0.0
258,188,-0.0
258,189,0.0
258,190,0.0
258,191,0.0
258,192,0.0
258,193,0.0
258,194,0.0
258,195,0.0
258,196,0.0
258,197,0.0
258,198,0.0
258,208,145.0
258,281,-53.0
258,282,-52.0
258,283,-52.0
258,284,-52.0
258,285,-52.0
258,286,-53.0
258,287,-54.0
258,288,-57.0
258,289,-56.0
258,290,-55.0
258,291,-53.0
258,292,-52.0
258,293,-51.0
258,294,-50.0
258,295,-48.0
258,296,-48.0
258,297,-46.0
258,298,-46.0
258,299,-44.0
258,300,-43.0
258,301,-42.0
258,302,-42.0
258,303,-39.0
258,304,-1.0
258,305,33.0
258,306,27.0
258,307,-19.0
258,308,127.0
258,309,127.0
258,310,138.0
258,311,138.0
258,312,138.0
258,313,138.0
258,314,138.0
258,315,149.0
258,316,96.0
258,317,96.0
258,318,95.0
258,319,95.0
258,320,95.0
258,321,95.0
258,322,95.0
258,323,94.0
258,324,95.0
258,325,95.0
258,326,95.0
258,327,95.0
258,328,95.0
258,329,95.0
258,330,95.0
258,331,95.0
258,332,96.0
258,333,96.0
258,334,96.0
258,335,96.0
258,336,96.0
258,338,100.0
258,339,101.0
259,177,0.0
259,178,0.0
259,179,0.0
259,180,0.0
259,181,0.0
259,182,-0.0
259,183,-0.0
259,184,-0.0
259,185,-0.0
259,186,-0.0
259,187,-0.0
259,188,-0.0
259,189,0.0
259,190,0.0
259,191,0.0
259,192,0.0
259,193,0.0
259,194,0.0
259,195,0.0
259,196,0.0
259,197,0.0
259,198,0.0
259,208,144.0
259,209,143.0
259,281,-50.0
259,282,-49.0
259,283,-49.0
259,284,-50.0
259,285,-50.0
259,286,-49.0
259,287,-51.0
259,288,-53.0
259,289,-52.0
259,290,-51.0
259,291,-50.0
259,292,-48.0
259,293,-48.0
259,294,-47.0
259,295,-46.0
259,296,-44.0
259,297,-43.0
259,298,-42.0
259,299,-41.0
259,300,-40.0
259,301,-39.0
259,302,-38.0
259,303,-37.0
259,304,-36.0
259,305,-35.0
259,306,-35.0
259,307,-8.0
259,308,127.0
259,309,127.0
259,310,138.0
259,311,138.0
259,312,138.0
259,313,138.0
259,314,138.0
259,315,143.0
259,316,96.0
259,317,96.0
259,318,95.0
259,319,95.0
259,320,94.0
259,321,95.0
259,322,95.0
259,323,95.0
259,324,95.0
259,325,95.0
259,326,95.0
259,327,95.0
259,328,95.0
259,329,95.0
259,330,95.0
259,331,95.0
259,332,96.0
259,333,96.0
259,334,96.0
259,335,96.0
259,336,96.0
259,337,96.0
259,338,99.0
259,339,101.0
260,176,0.0
260,177,0.0
260,178,0.0
260,179,0.0
260,180,0.0
260,181,0.0
260,182,0.0
260,183,-0.0
260,184,-0.0
260,185,-0.0
260,186,-0.0
260,187,0.0
260,188,0.0
260,189,0.0
260,190,0.0
260,191,0.0
260,192,0.0
260,193,0.0
260,194,0.0
260,195,0.0
260,196,0.0
260,197,0.0
260,198,0.0
260,209,142.0
260,281,-46.0
260,282,-46.0
260,283,-46.0
260,284,-46.0
260,285,-46.0
260,286,-47.0
260,287,-48.0
260,288,-50.0
260,289,-49.0
260,290,-47.0
260,291,-47.0
260,292,-45.0
260,293,-44.0
260,294,-43.0
260,295,-43.0
260,296,-41.0
260,297,-41.0
260,298,-40.0
260,299,-38.0
260,300,-37.0
260,301,-36.0
260,302,-36.0
260,303,-34.0
260,304,-33.0
260,305,-32.0
260,306,-31.0
260,307,-31.0
260,308,127.0
260,309,127.0
260,310,138.0
260,311,138.0
260,312,138.0
260,313,138.0
260,314,144.0
260,315,143.0
260,316,116.0
260,317,96.0
260,318,95.0
260,319,95.0
260,320,94.0
260,321,94.0
260,322,94.0
260,323,95.0
260,324,95.0
260,325,95.0
260,326,95.0
260,327,95.0
260,328,95.0
260,329,95.0
260,330,95.0
260,331,95.0
260,332,96.0
260,333,96.0
260,334,107.0
260,335,96.0
260,336,96.0
260,337,96.0
260,338,99.0
260,339,155.0
261,176,52.0
261,177,55.0
261,178,52.0
261,179,0.0
261,180,0.0
261,181,0.0
261,182,0.0
261,183,0.0
261,184,0.0
261,185,0.0
261,186,0.0
261,187,0.0
261,188,0.0
261,189,0.0
261,190,0.0
261,191,0.0
261,192,0.0
261,193,0.0
261,194,0.0
261,195,0.0
261,196,0.0
261,197,0.0
261,198,0.0
261,209,141.0
261,281,-43.0
261,282,-44.0
261,283,-43.0
261,284,-43.0
261,285,-43.0
261,286,-43.0
261,287,-46.0
261,288,-47.0
261,289,-45.0
261,290,-44.0
261,291,-43.0
261,292,-43.0
261,293,-40.0
261,294,-40.0
261,295,-39.0
261,296,-38.0
261,297,-37.0
261,298,-36.0
261,299,-35.0
261,300,-35.0
261,301,-33.0
261,302,-32.0
261,303,-31.0
261,304,-18.0
261,305,-30.0
261,306,-30.0
261,307,-30.0
261,308,127.0
261,309,127.0
261,310,127.0
261,311,138.0
261,312,138.0
261,313,138.0
261,314,148.0
261,315,144.0
261,316,96.0
261,317,96.0
261,318,95.0
261,319,94.0
261,320,94.0
261,321,94.0
261,322,94.0
261,323,95.0
261,324,95.0
261,325,95.0
261,326,95.0
261,327,95.0
261,328,95.0
261,329,95.0
261,330,95.0
261,331,95.0
261,332,96.0
261,333,96.0
261,334,96.0
261,335,96.0
261,336,96.0
261,337,97.0
261,338,99.0
261,339,129.0
262,176,47.0
262,177,47.0
262,178,56.0
262,179,0.0
262,180,0.0
262,181,0.0
262,182,0.0
262,183,0.0
262,184,0.0
262,185,0.0
262,186,0.0
262,187,0.0
262,188,0.0
262,189,0.0
262,190,0.0
262,191,0.0
262,192,0.0
262,193,0.0
262,194,0.0
262,195,0.0
262,196,0.0
262,197,0.0
262,198,0.0
262,209,139.0
262,281,-41.0
262,282,-40.0
262,283,-40.0
262,284,-40.0
262,285,-41.0
262,286,-40.0
262,287,-43.0
262,288,-44.0
262,289,-42.0
262,290,-41.0
262,291,-40.0
262,292,-39.0
262,293,-37.0
262,294,-37.0
262,295,-35.0
262,296,-34.0
262,297,-33.0
262,298,-33.0
262,299,-32.0
262,300,-31.0
262,301,-30.0
262,302,-30.0
262,303,-28.0
262,304,-28.0
262,305,-27.0
262,306,-26.0
262,307,-27.0
262,308,127.0
262,309,127.0
262,310,127.0
262,311,127.0
262,312,146.0
262,313,97.0
262,314,124.0
262,315,96.0
262,316,133.0
262,317,95.0
262,318,95.0
262,319,94.0
262,320,94.0
262,321,94.0
262,322,94.0
262,323,95.0
262,324,95.0
262,325,95.0
262,326,95.0
262,327,95.0
262,328,95.0
262,329,95.0
262,330,95.0
262,331,96.0
262,332,96.0
262,334,148.0
262,335,146.0
262,336,146.0
262,337,145.0
262,338,100.0
262,339,101.0
263,176,47.0
263,177,47.0
263,178,51.0
263,179,0.0
263,180,0.0
263,181,0.0
263,182,0.0
263,183,0.0
263,184,0.0
263,185,0.0
263,186,0.0
263,187,0.0
263,188,0.0
263,189,0.0
263,190,0.0
263,191,0.0
263,192,0.0
263,193,0.0
263,194,0.0
263,195,0.0
263,196,1.0
263,197,1.0
263,198,1.0
263,209,138.0
263,281,-37.0
263,282,-37.0
263,283,-37.0
263,284,-37.0
263,285,-37.0
263,286,-37.0
263,287,-38.0
263,288,-40.0
263,289,-38.0
263,290,-37.0
263,291,-36.0
263,292,-35.0
263,293,-34.0
263,294,-33.0
263,295,-32.0
263,296,-31.0
263,297,-30.0
263,298,-30.0
263,299,-28.0
263,300,-28.0
263,301,-27.0
263,302,-26.0
263,303,-25.0
263,304,-25.0
263,305,-25.0
263,306,-25.0
263,307,-25.0
263,308,127.0
263,309,127.0
263,310,127.0
263,311,127.0
263,312,140.0
263,313,132.0
263,314,136.0
263,315,137.0
263,316,96.0
263,317,105.0
263,318,95.0
263,319,94.0
263,320,94.0
263,321,94.0
263,322,94.0
263,323,95.0
263,324,95.0
263,325,95.0
263,326,95.0
263,327,95.0
263,328,95.0
263,329,95.0
263,330,95.0
263,331,96.0
263,332,96.0
263,335,151.0
263,336,151.0
263,337,149.0
263,338,100.0
263,339,102.0
264,175,47.0
264,176,47.0
264,177,47.0
264,178,53.0
264,179,0.0
264,180,0.0
264,181,0.0
264,182,0.0
264,183,0.0
264,184,0.0
264,185,0.0
264,186,0.0
264,187,0.0
264,188,0.0
264,189,0.0
264,190,0.0
264,191,0.0
264,192,0.0
264,193,0.0
264,194,0.0
264,195,1.0
264,196,1.0
264,197,1.0
264,198,1.0
264,209,130.0
264,281,-34.0
264,282,-34.0
264,283,-34.0
264,284,-35.0
264,285,-34.0
264,286,-35.0
264,287,-35.0
264,288,-35.0
264,289,-34.0
264,290,-33.0
264,291,-32.0
264,292,-31.0
264,293,-30.0
264,294,-29.0
264,295,-28.0
264,296,-27.0
264,297,-27.0
264,298,-26.0
264,299,-25.0
264,300,-25.0
264,301,-24.0
264,302,-23.0
264,303,-22.0
264,304,-22.0
264,305,-23.0
264,306,-22.0
264,307,-23.0
264,308,127.0
264,309,127.0
264,310,127.0
264,311,127.0
264,312,150.0
264,313,134.0
264,314,130.0
264,315,96.0
264,316,96.0
264,317,95.0
264,318,94.0
264,319,94.0
264,320,94.0
264,321,94.0
264,322,94.0
264,323,94.0
264,324,95.0
264,325,95.0
264,326,95.0
264,327,95.0
264,328,95.0
264,329,95.0
264,330,96.0
264,331,96.0
264,332,96.0
264,333,122.0
264,334,122.0
264,335,152.0
264,336,152.0
264,337,152.0
264,338,152.0
264,339,142.0
265,175,47.0
265,176,47.0
265,177,47.0
265,178,57.0
265,179,0.0
265,180,0.0
265,181,0.0
265,182,0.0
265,183,0.0
265,184,0.0
265,185,0.0
265,186,0.0
265,187,0.0
265,188,0.0
265,189,0.0
265,190,0.0
265,191,0.0
265,192,0.0
265,193,0.0
265,194,1.0
265,195,1.0
265,196,1.0
265,197,1.0
265,198,1.0
265,209,123.0
265,281,-32.0
265,282,-32.0
265,283,-32.0
265,284,-32.0
265,285,-32.0
265,286,-32.0
265,287,-33.0
265,288,-32.0
265,289,-31.0
265,290,-30.0
265,291,-29.0
265,292,-28.0
265,293,-27.0
265,294,-25.0
265,295,-25.0
265,296,-24.0
265,297,-24.0
265,298,-22.0
265,299,-22.0
265,300,-21.0
265,301,-21.0
265,302,-20.0
265,303,-20.0
265,304,-20.0
265,305,-20.0
265,306,-20.0
265,307,-21.0
265,308,134.0
265,309,127.0
265,310,127.0
265,311,127.0
265,312,147.0
265,313,139.0
265,314,121.0
265,315,122.0
265,316,109.0
265,317,95.0
265,318,95.0
265,319,94.0
265,320,94.0
265,321,94.0
265,322,94.0
265,323,95.0
265,324,95.0
265,325,95.0
265,326,95.0
265,327,95.0
265,328,95.0
265,329,95.0
265,330,96.0
265,331,96.0
265,332,96.0
265,334,139.0
265,335,142.0
265,336,142.0
265,337,148.0
265,338,142.0
265,339,142.0
266,175,4.0
266,176,1.0
266,177,44.0
266,178,0.0
266,179,0.0
266,180,0.0
266,181,0.0
266,182,0.0
266,183,0.0
266,184,0.0
266,185,0.0
266,186,0.0
266,187,0.0
266,188,0.0
266,189,0.0
266,190,0.0
266,191,0.0
266,192,0.0
266,193,0.0
266,194,1.0
266,195,1.0
266,196,1.0
266,197,1.0
266,198,1.0
266,209,123.0
266,281,-32.0
266,282,-32.0
266,283,-32.0
266,284,-32.0
266,285,-32.0
266,286,-31.0
266,287,-30.0
266,288,-29.0
266,289,-28.0
266,290,-27.0
266,291,-25.0
266,292,-24.0
266,293,-24.0
266,294,-22.0
266,295,-21.0
266,296,-20.0
266,297,-19.0
266,298,-19.0
266,299,-19.0
266,300,-17.0
266,301,-18.0
266,302,-17.0
266,303,-17.0
266,304,-17.0
266,305,-17.0
266,306,-18.0
266,307,-18.0
266,308,137.0
266,309,127.0
266,310,127.0
266,311,127.0
266,312,140.0
266,313,106.0
266,314,105.0
266,315,116.0
266,316,99.0
266,317,95.0
266,318,95.0
266,319,95.0
266,320,94.0
266,321,94.0
266,322,95.0
266,323,95.0
266,324,95.0
266,325,95.0
266,326,95.0
266,327,95.0
266,328,95.0
266,329,95.0
266,330,96.0
266,331,96.0
266,332,96.0
266,333,153.0
266,336,144.0
266,337,144.0
266,338,142.0
266,339,142.0
267,175,8.0
267,176,3.0
267,177,1.0
267,178,0.0
267,179,0.0
267,180,0.0
267,181,0.0
267,182,0.0
267,183,0.0
267,184,0.0
267,185,0.0
267,186,0.0
267,187,0.0
267,188,0.0
267,189,0.0
267,190,0.0
267,191,0.0
267,192,0.0
267,193,0.0
267,194,1.0
267,195,1.0
267,196,1.0
267,197,1.0
267,198,1.0
267,209,123.0
267,281,-32.0
267,282,-32.0
267,283,-32.0
267,284,-31.0
267,285,-28.0
267,286,-27.0
267,287,-26.0
267,288,-25.0
267,289,-24.0
267,290,-23.0
267,291,-22.0
267,292,-21.0
267,293,-20.0
267,294,-18.0
267,295,-17.0
267,296,-16.0
267,297,-16.0
267,298,-15.0
267,299,-15.0
267,300,-14.0
267,301,-14.0
267,302,-15.0
267,303,-14.0
267,304,-13.0
267,305,-15.0
267,306,-14.0
267,307,-16.0
267,308,150.0
267,309,127.0
267,310,127.0
267,311,127.0
267,312,182.0
267,313,103.0
267,314,138.0
267,315,96.0
267,316,96.0
267,317,103.0
267,318,95.0
267,319,95.0
267,320,95.0
267,321,95.0
267,322,95.0
267,323,95.0
267,324,95.0
267,325,95.0
267,326,95.0
267,327,95.0
267,328,95.0
267,329,95.0
267,330,96.0
267,331,96.0
267,332,96.0
267,333,142.0
267,334,142.0
267,337,142.0
267,338,142.0
267,339,142.0
268,175,9.0
268,176,4.0
268,177,1.0
268,178,1.0
268,179,1.0
268,180,1.0
268,181,1.0
268,182,1.0
268,183,1.0
268,184,0.0
268,185,0.0
268,186,0.0
268,187,0.0
268,188,0.0
268,189,0.0
268,190,0.0
268,191,0.0
268,192,0.0
268,193,0.0
268,194,1.0
268,195,1.0
268,196,1.0
268,197,1.0
268,198,1.0
268,208,123.0
268,281,-30.0
268,282,-30.0
268,283,-29.0
268,284,-26.0
268,285,-25.0
268,286,-24.0
268,287,-22.0
268,288,-21.0
268,289,-21.0
268,290,-20.0
268,291,-18.0
268,292,-17.0
268,293,-16.0
268,294,-14.0
268,295,-14.0
268,296,-13.0
268,297,-13.0
268,298,-12.0
268,299,-11.0
268,300,-11.0
268,301,-11.0
268,302,-11.0
268,303,-11.0
268,304,-11.0
268,305,-11.0
268,306,-11.0
268,307,-13.0
268,308,158.0
268,309,127.0
268,310,127.0
268,311,127.0
268,312,132.0
268,313,107.0
268,314,109.0
268,315,96.0
268,316,105.0
268,317,96.0
268,318,96.0
268,319,96.0
268,320,95.0
268,321,95.0
268,322,95.0
268,323,95.0
268,324,95.0
268,325,95.0
268,326,95.0
268,327,95.0
268,328,95.0
268,329,95.0
268,330,96.0
268,331,96.0
268,332,96.0
268,333,142.0
268,334,142.0
268,337,153.0
268,338,146.0
268,339,103.0
269,175,8.0
269,176,3.0
269,177,1.0
269,178,1.0
269,179,1.0
269,180,1.0
269,181,1.0
269,182,1.0
269,183,1.0
269,184,0.0
269,185,0.0
269,186,0.0
269,187,0.0
269,188,0.0
269,189,0.0
269,190,0.0
269,191,0.0
269,192,0.0
269,193,0.0
269,194,0.0
269,195,1.0
269,196,1.0
269,197,1.0
269,198,1.0
269,207,123.0
269,208,123.0
269,281,-27.0
269,282,-27.0
269,283,-25.0
269,284,-24.0
269,285,-22.0
269,286,-20.0
269,287,-19.0
269,288,-19.0
269,289,-18.0
269,290,-17.0
269,291,-15.0
269,292,-14.0
269,293,-13.0
269,294,-12.0
269,295,-11.0
269,296,-10.0
269,297,-8.0
269,298,-8.0
269,299,-8.0
269,300,-8.0
269,301,-7.0
269,302,-8.0
269,303,-8.0
269,304,-8.0
269,305,-8.0
269,306,-9.0
269,307,-9.0
269,308,136.0
269,309,127.0
269,310,127.0
269,311,127.0
269,312,127.0
269,313,139.0
269,314,97.0
269,315,97.0
269,316,96.0
269,317,99.0
269,318,96.0
269,319,96.0
269,320,96.0
269,321,96.0
269,322,95.0
269,323,95.0
269,324,95.0
269,325,95.0
269,326,95.0
269,327,95.0
269,328,95.0
269,329,95.0
269,330,96.0
269,331,96.0
269,332,96.0
269,333,152.0
269,335,159.0
269,337,143.0
269,338,121.0
269,339,103.0
270,175,9.0
270,176,3.0
270,177,1.0
270,178,1.0
270,179,1.0
270,180,1.0
270,181,1.0
270,182,1.0
270,183,1.0
270,184,1.0
270,185,0.0
270,186,0.0
270,187,0.0
270,188,0.0
270,189,0.0
270,190,0.0
270,191,0.0
270,192,0.0
270,193,0.0
270,194,0.0
270,195,1.0
270,196,1.0
270,197,1.0
270,198,1.0
270,199,1.0
270,200,1.0
270,201,1.0
270,202,1.0
270,203,1.0
270,205,36.0
270,206,84.0
270,207,36.0
270,208,36.0
270,209,36.0
270,279,-18.0
270,280,-19.0
270,281,-24.0
270,282,-24.0
270,283,-22.0
270,284,-20.0
270,285,-19.0
270,286,-18.0
270,287,-17.0
270,288,-16.0
270,289,-14.0
270,290,-14.0
270,291,-12.0
270,292,-12.0
270,293,-10.0
270,294,-9.0
270,295,-8.0
270,296,-7.0
270,297,-5.0
270,298,-4.0
270,299,-6.0
270,300,-4.0
270,301,-4.0
270,302,-5.0
270,303,-5.0
270,304,-5.0
270,305,-5.0
270,306,-6.0
270,307,-6.0
270,308,136.0
270,309,134.0
270,310,127.0
270,311,127.0
270,312,140.0
270,313,97.0
270,314,122.0
270,315,97.0
270,316,96.0
270,317,96.0
270,318,96.0
270,319,96.0
270,320,96.0
270,321,96.0
270,322,96.0
270,323,95.0
270,324,95.0
270,325,95.0
270,326,95.0
270,327,95.0
270,328,96.0
270,329,96.0
270,330,96.0
270,331,96.0
270,332,96.0
270,333,96.0
270,334,97.0
270,335,97.0
270,336,97.0
270,337,135.0
270,338,101.0
270,339,102.0
271,174,9.0
271,175,9.0
271,176,4.0
271,177,2.0
271,178,1.0
271,179,1.0
271,180,1.0
271,181,1.0
271,182,1.0
271,183,1.0
271,184,0.0
271,185,0.0
271,186,0.0
271,187,0.0
271,188,0.0
271,189,0.0
271,190,0.0
271,191,0.0
271,192,0.0
271,193,0.0
271,194,0.0
271,195,1.0
271,196,1.0
271,197,1.0
271,198,1.0
271,199,1.0
271,200,1.0
271,201,1.0
271,202,1.0
271,203,1.0
271,204,36.0
271,205,96.0
271,206,36.0
271,207,36.0
271,208,36.0
271,209,36.0
271,279,-17.0
271,280,-19.0
271,281,-21.0
271,282,-20.0
271,283,-18.0
271,284,-17.0
271,285,-16.0
271,286,-16.0
271,287,-15.0
271,288,-14.0
271,289,-12.0
271,290,-11.0
271,291,-10.0
271,292,-9.0
271,293,-8.0
271,294,-6.0
271,295,-4.0
271,296,-4.0
271,297,-3.0
271,298,-2.0
271,299,-1.0
271,300,-1.0
271,301,-1.0
271,302,-1.0
271,303,-1.0
271,304,-1.0
271,305,-2.0
271,306,-2.0
271,307,-3.0
271,308,137.0
271,309,127.0
271,310,127.0
271,311,127.0
271,312,127.0
271,313,127.0
271,314,133.0
271,315,97.0
271,316,96.0
271,317,96.0
271,318,96.0
271,319,96.0
271,320,96.0
271,321,96.0
271,322,96.0
271,323,96.0
271,324,96.0
271,325,96.0
271,326,96.0
271,327,96.0
271,328,96.0
271,329,96.0
271,330,96.0
271,331,96.0
271,332,96.0
271,333,96.0
271,334,118.0
271,335,140.0
271,336,98.0
271,337,98.0
271,338,100.0
271,339,102.0
272,173,9.0
272,174,9.0
272,175,9.0
272,176,4.0
272,177,2.0
272,178,1.0
272,179,1.0
272,180,1.0
272,181,1.0
272,182,1.0
272,183,1.0
272,184,0.0
272,185,0.0
272,186,0.0
272,187,0.0
272,188,0.0
272,189,0.0
272,190,0.0
272,191,0.0
272,192,0.0
272,193,0.0
272,194,0.0
272,195,0.0
272,196,1.0
272,197,1.0
272,198,1.0
272,199,1.0
272,200,1.0
272,201,1.0
272,202,1.0
272,203,1.0
272,204,54.0
272,205,62.0
272,206,36.0
272,207,36.0
272,208,36.0
272,209,36.0
272,279,-14.0
272,280,-16.0
272,281,-18.0
272,282,-17.0
272,283,-16.0
272,284,-14.0
272,285,-14.0
272,286,-13.0
272,287,-12.0
272,288,-11.0
272,289,-10.0
272,290,-9.0
272,291,-8.0
272,292,-6.0
272,293,-5.0
272,294,-3.0
272,295,-2.0
272,296,-1.0
272,297,0.0
272,298,1.0
272,299,2.0
272,300,3.0
272,301,2.0
272,302,2.0
272,303,3.0
272,304,2.0
272,305,3.0
272,306,1.0
272,307,2.0
272,308,136.0
272,309,127.0
272,310,127.0
272,311,127.0
272,312,127.0
272,313,127.0
272,314,159.0
272,315,96.0
272,316,96.0
272,317,96.0
272,318,96.0
272,319,96.0
272,320,96.0
272,321,96.0
272,322,96.0
272,323,96.0
272,324,96.0
272,325,96.0
272,326,96.0
272,327,96.0
272,328,96.0
272,329,96.0
272,330,96.0
272,331,96.0
272,332,96.0
272,333,97.0
272,334,97.0
272,335,97.0
272,336,98.0
272,337,108.0
272,338,101.0
272,339,102.0
273,172,9.0
273,173,9.0
273,174,9.0
273,175,9.0
273,176,4.0
273,177,2.0
273,178,1.0
273,179,1.0
273,180,1.0
273,181,1.0
273,182,1.0
273,183,1.0
273,184,0.0
273,185,0.0
273,186,0.0
273,187,0.0
273,188,0.0
273,189,0.0
273,190,0.0
273,191,0.0
273,192,0.0
273,193,0.0
273,194,0.0
273,195,0.0
273,196,1.0
273,197,1.0
273,198,1.0
273,199,1.0
273,200,1.0
273,201,1.0
273,202,1.0
273,203,1.0
273,204,36.0
273,205,36.0
273,206,36.0
273,207,36.0
273,208,36.0
273,209,36.0
273,279,-11.0
273,280,-14.0
273,281,-15.0
273,282,-15.0
273,283,-13.0
273,284,-12.0
273,285,-11.0
273,286,-10.0
273,287,-9.0
273,288,-9.0
273,289,-7.0
273,290,-7.0
273,291,-5.0
273,292,-4.0
273,293,-2.0
273,294,-1.0
273,295,1.0
273,296,3.0
273,297,4.0
273,298,5.0
273,299,6.0
273,300,6.0
273,301,5.0
273,302,6.0
273,303,6.0
273,304,31.0
273,305,6.0
273,306,5.0
273,307,5.0
273,308,151.0
273,309,127.0
273,310,127.0
273,311,127.0
273,312,148.0
273,313,127.0
273,314,137.0
273,315,96.0
273,316,96.0
273,317,96.0
273,318,96.0
273,319,96.0
273,320,96.0
273,321,96.0
273,322,96.0
273,323,96.0
273,324,96.0
273,325,96.0
273,326,96.0
273,327,96.0
273,328,96.0
273,329,96.0
273,330,96.0
273,331,96.0
273,332,96.0
273,333,96.0
273,334,97.0
273,335,97.0
273,336,97.0
273,337,98.0
273,338,104.0
273,339,101.0
274,171,9.0
274,172,9.0
274,173,9.0
274,174,9.0
274,175,9.0
274,176,4.0
274,177,2.0
274,178,2.0
274,179,1.0
274,180,1.0
274,181,1.0
274,182,1.0
274,183,0.0
274,184,0.0
274,185,0.0
274,186,0.0
274,187,0.0
274,188,0.0
274,189,0.0
274,190,0.0
274,191,0.0
274,192,0.0
274,193,0.0
274,194,0.0
274,195,0.0
274,196,0.0
274,197,1.0
274,198,1.0
274,199,1.0
274,200,1.0
274,201,1.0
274,202,1.0
274,203,1.0
274,204,36.0
274,205,36.0
274,206,36.0
274,207,36.0
274,208,36.0
274,209,49.0
274,279,-9.0
274,280,-11.0
274,281,-12.0
274,282,-12.0
274,283,-11.0
274,284,-10.0
274,285,-8.0
274,286,-8.0
274,287,-8.0
274,288,-7.0
274,289,-6.0
274,290,-4.0
274,291,-3.0
274,292,-2.0
274,293,-0.0
274,294,2.0
274,295,3.0
274,296,5.0
274,297,7.0
274,298,8.0
274,299,9.0
274,300,9.0
274,301,9.0
274,302,9.0
274,303,9.0
274,304,11.0
274,305,11.0
274,306,10.0
274,307,10.0
274,308,127.0
274,309,127.0
274,310,127.0
274,311,133.0
274,312,157.0
274,313,150.0
274,314,97.0
274,315,97.0
274,316,97.0
274,317,97.0
274,318,96.0
274,319,97.0
274,320,96.0
274,321,96.0
274,322,96.0
274,323,96.0
274,324,96.0
274,325,96.0
274,326,97.0
274,327,96.0
274,328,96.0
274,329,96.0
274,330,96.0
274,331,96.0
274,332,96.0
274,333,96.0
274,334,96.0
274,335,97.0
274,336,112.0
274,337,98.0
274,338,99.0
274,339,100.0
275,127,13.0
275,128,12.0
275,129,12.0
275,130,11.0
275,131,10.0
275,132,10.0
275,133,9.0
275,134,9.0
275,135,9.0
275,136,9.0
275,137,9.0
275,139,9.0
275,140,9.0
275,141,9.0
275,142,9.0
275,143,8.0
275,144,8.0
275,145,8.0
275,146,8.0
275,147,8.0
275,148,8.0
275,149,8.0
275,150,8.0
275,151,9.0
275,152,9.0
275,153,9.0
275,154,9.0
275,155,10.0
275,156,10.0
275,157,10.0
275,158,10.0
275,170,8.0
275,171,8.0
275,172,9.0
275,173,9.0
275,174,9.0
275,175,9.0
275,176,4.0
275,177,2.0
275,178,1.0
275,179,1.0
275,180,1.0
275,181,1.0
275,182,1.0
275,183,0.0
275,184,0.0
275,185,0.0
275,186,0.0
275,187,0.0
275,188,0.0
275,189,0.0
275,190,0.0
275,191,0.0
275,192,0.0
275,193,0.0
275,194,0.0
275,195,0.0
275,196,0.0
275,197,1.0
275,198,1.0
275,199,1.0
275,200,1.0
275,201,1.0
275,202,1.0
275,203,1.0
275,204,49.0
275,205,36.0
275,206,36.0
275,207,45.0
275,208,36.0
275,209,45.0
275,279,-5.0
275,280,-8.0
275,281,-9.0
275,282,-9.0
275,283,-9.0
275,284,-8.0
275,285,-7.0
275,286,-7.0
275,287,-6.0
275,288,-5.0
275,289,-4.0
275,290,-2.0
275,291,-1.0
275,292,-0.0
275,293,2.0
275,294,4.0
275,295,6.0
275,296,7.0
275,297,10.0
275,298,11.0
275,299,12.0
275,300,12.0
275,301,13.0
275,302,14.0
275,303,15.0
275,304,16.0
275,305,15.0
275,306,14.0
275,307,14.0
275,308,150.0
275,309,127.0
275,310,127.0
275,311,156.0
275,312,158.0
275,313,182.0
275,314,97.0
275,315,97.0
275,316,97.0
275,317,97.0
275,318,97.0
275,319,97.0
275,320,97.0
275,321,97.0
275,322,97.0
275,323,97.0
275,324,97.0
275,325,97.0
275,326,97.0
275,327,97.0
275,328,97.0
275,329,97.0
275,330,96.0
275,331,96.0
275,332,96.0
275,333,96.0
275,334,96.0
275,335,97.0
275,336,97.0
275,337,98.0
275,338,98.0
275,339,100.0
276,127,13.0
276,128,12.0
276,129,12.0
276,130,11.0
276,131,20.0
276,132,15.0
276,133,9.0
276,134,9.0
276,135,9.0
276,136,9.0
276,137,9.0
276,138,9.0
276,139,9.0
276,140,8.0
276,141,8.0
276,142,8.0
276,143,8.0
276,144,8.0
276,145,8.0
276,146,8.0
276,147,8.0
276,148,8.0
276,149,7.0
276,150,8.0
276,151,8.0
276,152,8.0
276,153,9.0
276,154,9.0
276,155,9.0
276,156,9.0
276,157,10.0
276,158,10.0
276,159,10.0
276,160,10.0
276,161,10.0
276,162,10.0
276,163,10.0
276,164,9.0
276,165,9.0
276,166,9.0
276,167,9.0
276,168,9.0
276,169,8.0
276,170,8.0
276,171,7.0
276,172,9.0
276,173,9.0
276,174,9.0
276,175,9.0
276,176,5.0
276,177,2.0
276,178,1.0
276,179,1.0
276,180,1.0
276,181,1.0
276,182,1.0
276,183,0.0
276,184,0.0
276,185,0.0
276,186,0.0
276,187,0.0
276,188,-0.0
276,189,0.0
276,190,-0.0
276,191,0.0
276,192,0.0
276,193,0.0
276,194,0.0
276,195,0.0
276,196,0.0
276,197,0.0
276,198,1.0
276,199,1.0
276,200,1.0
276,201,1.0
276,202,1.0
276,203,1.0
276,204,36.0
276,205,36.0
276,206,1.0
276,207,51.0
276,208,36.0
276,209,1.0
276,279,-5.0
276,280,-6.0
276,281,-7.0
276,282,-7.0
276,283,-7.0
276,284,-6.0
276,285,-5.0
276,286,-5.0
276,287,-4.0
276,288,-3.0
276,289,-2.0
276,290,-1.0
276,291,1.0
276,292,2.0
276,293,4.0
276,294,5.0
276,295,8.0
276,296,9.0
276,297,12.0
276,298,13.0
276,299,14.0
276,300,15.0
276,301,16.0
276,302,17.0
276,303,19.0
276,304,20.0
276,305,19.0
276,306,18.0
276,307,19.0
276,308,127.0
276,309,127.0
276,310,127.0
276,311,145.0
276,312,152.0
276,313,148.0
276,314,97.0
276,315,97.0
276,316,97.0
276,317,97.0
276,318,97.0
276,319,97.0
276,320,97.0
276,321,97.0
276,322,97.0
276,323,97.0
276,324,97.0
276,325,97.0
276,326,97.0
276,327,97.0
276,328,97.0
276,329,96.0
276,330,96.0
276,331,96.0
276,332,96.0
276,333,96.0
276,334,96.0
276,335,97.0
276,336,97.0
276,337,97.0
276,338,98.0
276,339,104.0
277,127,13.0
277,129,28.0
277,130,11.0
277,131,11.0
277,132,10.0
277,133,9.0
277,134,9.0
277,135,9.0
277,136,9.0
277,137,9.0
277,138,8.0
277,139,8.0
277,140,8.0
277,144,8.0
277,145,8.0
277,146,7.0
277,147,7.0
277,148,6.0
277,149,7.0
277,150,7.0
277,151,7.0
277,152,8.0
277,153,8.0
277,154,8.0
277,155,9.0
277,156,9.0
277,157,9.0
277,158,9.0
277,159,9.0
277,160,9.0
277,161,9.0
277,162,9.0
277,163,9.0
277,164,9.0
277,165,8.0
277,166,8.0
277,167,8.0
277,168,8.0
277,169,7.0
277,170,7.0
277,171,8.0
277,172,9.0
277,173,9.0
277,174,9.0
277,175,9.0
277,176,4.0
277,177,2.0
277,178,1.0
277,179,1.0
277,180,1.0
277,181,1.0
277,182,0.0
277,183,0.0
277,184,0.0
277,185,0.0
277,186,0.0
277,187,-0.0
277,188,-0.0
277,189,-0.0
277,190,-0.0
277,191,-0.0
277,192,-0.0
277,193,0.0
277,194,0.0
277,195,0.0
277,196,0.0
277,197,0.0
277,198,1.0
277,199,1.0
277,200,1.0
277,201,1.0
277,202,1.0
277,203,1.0
277,204,1.0
277,205,13.0
277,206,1.0
277,207,1.0
277,208,1.0
277,209,1.0
277,279,-2.0
277,280,-3.0
277,281,-4.0
277,282,-5.0
277,283,-5.0
277,284,-5.0
277,285,-4.0
277,286,-4.0
277,287,-3.0
277,288,-2.0
277,289,-1.0
277,290,0.0
277,291,2.0
277,292,3.0
277,293,6.0
277,294,7.0
277,295,10.0
277,296,12.0
277,297,14.0
277,298,16.0
277,299,18.0
277,300,18.0
277,301,21.0
277,302,21.0
277,303,22.0
277,304,22.0
277,305,23.0
277,306,24.0
277,307,23.0
277,308,127.0
277,309,127.0
277,310,127.0
277,311,178.0
277,312,181.0
277,313,177.0
277,314,172.0
277,315,178.0
277,320,97.0
277,321,97.0
277,322,97.0
277,323,97.0
277,324,97.0
277,325,97.0
277,326,97.0
277,327,97.0
277,328,97.0
277,329,97.0
277,330,96.0
277,331,96.0
277,332,96.0
277,333,96.0
277,334,96.0
277,335,97.0
277,336,97.0
277,337,97.0
277,338,99.0
277,339,108.0
278,127,13.0
278,128,31.0
278,129,12.0
278,130,11.0
278,131,11.0
278,132,10.0
278,133,20.0
278,134,9.0
278,135,9.0
278,136,9.0
278,137,9.0
278,138,8.0
278,139,8.0
278,140,8.0
278,141,8.0
278,142,8.0
278,143,8.0
278,144,8.0
278,145,7.0
278,146,7.0
278,147,6.0
278,148,6.0
278,149,6.0
278,150,6.0
278,151,6.0
278,152,7.0
278,153,7.0
278,154,8.0
278,155,8.0
278,156,8.0
278,157,8.0
278,158,8.0
278,159,8.0
278,160,9.0
278,161,8.0
278,162,8.0
278,163,8.0
278,164,8.0
278,165,8.0
278,166,8.0
278,167,8.0
278,168,7.0
278,169,7.0
278,170,7.0
278,171,7.0
278,172,9.0
278,173,9.0
278,174,9.0
278,175,9.0
278,176,5.0
278,177,1.0
278,178,1.0
278,179,1.0
278,180,1.0
278,181,1.0
278,182,0.0
278,183,0.0
278,184,0.0
278,185,0.0
278,186,-0.0
278,187,-0.0
278,188,-0.0
278,189,-0.0
278,190,-0.0
278,191,-0.0
278,192,-0.0
278,193,-0.0
278,194,-0.0
278,195,-0.0
278,196,0.0
278,197,0.0
278,198,0.0
278,199,0.0
278,200,1.0
278,201,1.0
278,202,1.0
278,203,1.0
278,204,1.0
278,205,1.0
278,206,1.0
278,207,1.0
278,208,1.0
278,209,1.0
278,210,1.0
278,279,0.0
278,280,-2.0
278,281,-2.0
278,282,-3.0
278,283,-3.0
278,284,-3.0
278,285,-3.0
278,286,-2.0
278,287,-2.0
278,288,-0.0
278,289,0.0
278,290,2.0
278,291,3.0
278,292,5.0
278,293,7.0
278,294,9.0
278,295,11.0
278,296,13.0
278,297,16.0
278,298,18.0
278,299,20.0
278,300,21.0
278,301,23.0
278,302,24.0
278,303,26.0
278,304,27.0
278,305,28.0
278,306,28.0
278,307,27.0
278,308,127.0
278,309,127.0
278,310,127.0
278,311,182.0
278,312,177.0
278,313,170.0
278,314,170.0
278,315,170.0
278,316,170.0
278,317,170.0
278,318,170.0
278,319,152.0
278,320,152.0
278,321,152.0
278,322,152.0
278,323,124.0
278,324,97.0
278,325,97.0
278,326,97.0
278,327,97.0
278,328,97.0
278,329,96.0
278,330,96.0
278,331,96.0
278,332,96.0
278,333,96.0
278,334,96.0
278,335,97.0
278,336,97.0
278,337,97.0
278,338,103.0
278,339,111.0
279,127,14.0
279,128,13.0
279,129,12.0
279,130,11.0
279,131,10.0
279,132,10.0
279,133,25.0
279,134,28.0
279,135,9.0
279,136,8.0
279,137,8.0
279,138,8.0
279,139,8.0
279,142,8.0
279,143,8.0
279,144,7.0
279,145,7.0
279,146,6.0
279,147,6.0
279,148,5.0
279,149,5.0
279,150,6.0
279,151,6.0
279,152,6.0
279,153,7.0
279,154,7.0
279,155,7.0
279,156,7.0
279,157,8.0
279,158,7.0
279,159,8.0
279,160,8.0
279,161,8.0
279,162,33.0
279,163,8.0
279,164,8.0
279,165,7.0
279,166,7.0
279,167,7.0
279,168,7.0
279,169,7.0
279,170,7.0
279,171,7.0
279,172,9.0
279,173,9.0
279,174,9.0
279,175,9.0
279,176,5.0
279,177,1.0
279,178,1.0
279,179,1.0
279,180,0.0
279,181,0.0
279,182,0.0
279,183,0.0
279,184,-0.0
279,185,-0.0
279,186,-0.0
279,187,-0.0
279,188,-0.0
279,189,-0.0
279,190,-0.0
279,191,-0.0
279,192,-0.0
279,193,-0.0
279,194,-0.0
279,195,-0.0
279,196,-0.0
279,197,0.0
279,198,0.0
279,199,0.0
279,200,0.0
279,201,0.0
279,202,1.0
279,203,1.0
279,204,1.0
279,205,1.0
279,206,1.0
279,207,1.0
279,208,1.0
279,209,1.0
279,210,1.0
279,279,1.0
279,280,0.0
279,281,-1.0
279,282,-2.0
279,283,-2.0
279,284,-3.0
279,285,-2.0
279,286,-2.0
279,287,-1.0
279,288,0.0
279,289,1.0
279,290,3.0
279,291,4.0
279,292,6.0
279,293,8.0
279,294,10.0
279,295,12.0
279,296,14.0
279,297,16.0
279,298,18.0
279,299,20.0
279,300,127.0
279,301,127.0
279,302,127.0
279,303,139.0
279,304,162.0
279,305,154.0
279,306,127.0
279,307,127.0
279,308,127.0
279,309,127.0
279,310,146.0
279,311,170.0
279,312,174.0
279,313,170.0
279,314,170.0
279,315,170.0
279,316,170.0
279,317,170.0
279,318,170.0
279,319,152.0
279,320,152.0
279,321,152.0
279,322,152.0
279,323,152.0
279,324,152.0
279,325,97.0
279,326,97.0
279,327,97.0
279,328,97.0
279,329,97.0
279,330,96.0
279,331,96.0
279,332,96.0
279,333,96.0
279,334,96.0
279,335,96.0
279,336,97.0
279,337,97.0
279,338,103.0
279,339,109.0
280,127,14.0
280,128,13.0
280,129,12.0
280,130,11.0
280,131,10.0
280,132,10.0
280,133,9.0
280,134,9.0
280,135,26.0
280,136,29.0
280,137,8.0
280,138,8.0
280,139,8.0
280,140,7.0
280,141,7.0
280,142,7.0
280,143,7.0
280,144,7.0
280,145,7.0
280,146,6.0
280,147,6.0
280,149,5.0
280,150,5.0
280,151,6.0
280,152,6.0
280,153,6.0
280,154,7.0
280,155,7.0
280,156,7.0
280,157,7.0
280,158,7.0
280,159,7.0
280,160,7.0
280,161,7.0
280,162,8.0
280,163,7.0
280,164,7.0
280,165,7.0
280,166,7.0
280,167,7.0
280,168,7.0
280,169,7.0
280,170,7.0
280,171,7.0
280,172,9.0
280,173,9.0
280,174,9.0
280,175,9.0
280,176,5.0
280,177,1.0
280,178,1.0
280,179,0.0
280,180,0.0
280,181,0.0
280,182,0.0
280,183,0.0
280,184,-0.0
280,185,-0.0
280,186,-0.0
280,187,-0.0
280,188,-0.0
280,189,-1.0
280,190,-1.0
280,191,-1.0
280,192,-1.0
280,193,-1.0
280,194,-0.0
280,195,-0.0
280,196,-0.0
280,197,-0.0
280,198,-0.0
280,199,0.0
280,200,0.0
280,201,0.0
280,202,0.0
280,203,0.0
280,204,0.0
280,205,0.0
280,206,0.0
280,207,1.0
280,208,0.0
280,209,0.0
280,210,1.0
280,279,2.0
280,280,1.0
280,281,0.0
280,282,-1.0
280,283,-1.0
280,284,-2.0
280,285,-2.0
280,286,-1.0
280,287,-0.0
280,288,1.0
280,289,2.0
280,290,4.0
280,291,5.0
280,292,6.0
280,293,8.0
280,294,10.0
280,295,12.0
280,296,14.0
280,297,17.0
280,298,19.0
280,299,20.0
280,301,127.0
280,302,127.0
280,303,127.0
280,304,127.0
280,305,127.0
280,306,127.0
280,307,127.0
280,308,128.0
280,309,127.0
280,310,127.0
280,311,170.0
280,312,170.0
280,313,170.0
280,314,170.0
280,315,170.0
280,316,170.0
280,317,170.0
280,318,170.0
280,319,152.0
280,320,152.0
280,321,162.0
280,322,206.0
280,323,152.0
280,324,152.0
280,325,97.0
280,326,97.0
280,327,97.0
280,328,97.0
280,329,97.0
280,330,96.0
280,331,96.0
280,332,95.0
280,333,95.0
280,334,96.0
280,335,96.0
280,336,97.0
280,337,97.0
280,338,103.0
280,339,110.0
281,127,14.0
281,128,13.0
281,129,12.0
281,130,11.0
281,131,10.0
281,132,9.0
281,133,9.0
281,134,9.0
281,135,9.0
281,136,8.0
281,137,8.0
281,138,8.0
281,139,7.0
281,140,7.0
281,141,7.0
281,142,6.0
281,144,7.0
281,145,6.0
281,147,5.0
281,148,5.0
281,149,4.0
281,150,5.0
281,151,5.0
281,152,5.0
281,153,6.0
281,154,6.0
281,155,6.0
281,156,6.0
281,157,7.0
281,158,7.0
281,159,7.0
281,160,7.0
281,161,7.0
281,162,7.0
281,163,7.0
281,164,7.0
281,165,7.0
281,166,7.0
281,167,7.0
281,168,7.0
281,169,7.0
281,170,7.0
281,171,7.0
281,172,9.0
281,173,9.0
281,174,9.0
281,175,9.0
281,176,6.0
281,177,1.0
281,178,0.0
281,179,0.0
281,180,0.0
281,181,0.0
281,182,-0.0
281,183,-0.0
281,184,-0.0
281,185,-0.0
281,186,-1.0
281,187,-1.0
281,188,-1.0
281,189,-1.0
281,190,-1.0
281,191,-1.0
281,192,-1.0
281,193,-1.0
281,194,-1.0
281,195,-1.0
281,196,-1.0
281,197,-0.0
281,198,-0.0
281,199,-0.0
281,200,0.0
281,201,0.0
281,202,0.0
281,203,0.0
281,204,0.0
281,205,0.0
281,206,0.0
281,207,0.0
281,208,0.0
281,209,1.0
281,210,1.0
281,279,3.0
281,280,2.0
281,281,1.0
281,282,0.0
281,283,-0.0
281,284,-1.0
281,285,-1.0
281,286,-0.0
281,287,0.0
281,288,1.0
281,289,3.0
281,290,4.0
281,291,5.0
281,292,7.0
281,293,8.0
281,294,10.0
281,295,13.0
281,296,15.0
281,297,17.0
281,298,19.0
281,299,20.0
281,300,127.0
281,301,127.0
281,302,127.0
281,303,127.0
281,304,127.0
281,305,127.0
281,306,153.0
281,307,128.0
281,308,127.0
281,309,131.0
281,310,127.0
281,311,178.0
281,312,170.0
281,313,170.0
281,314,170.0
281,315,170.0
281,316,170.0
281,317,170.0
281,318,170.0
281,319,152.0
281,320,152.0
281,321,156.0
281,322,152.0
281,323,152.0
281,325,97.0
281,326,97.0
281,327,97.0
281,328,97.0
281,329,96.0
281,330,96.0
281,331,95.0
281,332,95.0
281,333,95.0
281,334,96.0
281,335,96.0
281,336,96.0
281,337,97.0
281,338,102.0
281,339,111.0
282,127,14.0
282,128,14.0
282,129,13.0
282,130,11.0
282,131,10.0
282,132,9.0
282,133,9.0
282,134,9.0
282,135,8.0
282,136,8.0
282,137,8.0
282,138,20.0
282,139,7.0
282,142,6.0
282,143,6.0
282,144,6.0
282,146,5.0
282,147,4.0
282,148,4.0
282,149,4.0
282,150,4.0
282,151,5.0
282,152,5.0
282,153,6.0
282,154,6.0
282,155,6.0
282,156,6.0
282,157,6.0
282,158,7.0
282,159,7.0
282,160,7.0
282,161,7.0
282,163,7.0
282,164,7.0
282,165,6.0
282,166,6.0
282,167,6.0
282,168,7.0
282,169,7.0
282,170,7.0
282,171,7.0
282,172,9.0
282,173,9.0
282,174,9.0
282,175,9.0
282,176,5.0
282,177,1.0
282,178,0.0
282,179,0.0
282,180,0.0
282,181,-0.0
282,182,-0.0
282,183,-0.0
282,184,-0.0
282,185,-1.0
282,186,-1.0
282,187,-1.0
282,188,-1.0
282,189,-1.0
282,190,-1.0
282,191,-1.0
282,192,-1.0
282,193,-1.0
282,194,-1.0
282,195,-1.0
282,196,-1.0
282,197,-1.0
282,198,-0.0
282,199,-0.0
282,200,-0.0
282,201,-0.0
282,202,-0.0
282,203,0.0
282,204,0.0
282,205,0.0
282,206,0.0
282,207,0.0
282,208,0.0
282,209,0.0
282,210,1.0
282,279,3.0
282,280,2.0
282,281,1.0
282,282,0.0
282,283,0.0
282,284,-1.0
282,285,-1.0
282,286,0.0
282,287,1.0
282,288,2.0
282,289,3.0
282,290,4.0
282,291,5.0
282,292,7.0
282,293,9.0
282,294,10.0
282,295,12.0
282,296,15.0
282,297,17.0
282,298,19.0
282,299,20.0
282,300,127.0
282,301,127.0
282,302,127.0
282,303,127.0
282,304,127.0
282,305,151.0
282,306,146.0
282,307,131.0
282,308,151.0
282,309,150.0
282,310,135.0
282,311,170.0
282,312,170.0
282,313,170.0
282,314,170.0
282,315,200.0
282,316,170.0
282,317,170.0
282,318,170.0
282,319,152.0
282,320,152.0
282,321,152.0
282,322,152.0
282,323,152.0
282,324,96.0
282,325,96.0
282,326,97.0
282,327,97.0
282,328,97.0
282,329,97.0
282,330,96.0
282,331,95.0
282,332,95.0
282,333,95.0
282,334,95.0
282,335,96.0
282,336,96.0
282,337,97.0
282,338,101.0
282,339,111.0
282,340,116.0
282,341,126.0
282,342,127.0
282,343,127.0
282,344,127.0
282,345,127.0
282,346,127.0
282,347,128.0
282,348,128.0
282,349,128.0
282,350,128.0
282,351,129.0
282,352,129.0
282,353,129.0
282,354,129.0
282,355,129.0
282,356,129.0
282,357,129.0
282,358,129.0
282,359,130.0
282,360,130.0
282,361,130.0
282,362,130.0
282,363,131.0
282,364,131.0
283,127,14.0
283,128,14.0
283,129,12.0
283,130,12.0
283,131,11.0
283,132,10.0
283,133,9.0
283,134,8.0
283,135,8.0
283,136,8.0
283,137,24.0
283,138,7.0
283,139,7.0
283,140,7.0
283,141,6.0
283,142,6.0
283,143,6.0
283,144,5.0
283,145,5.0
283,146,5.0
283,147,4.0
283,148,4.0
283,149,4.0
283,150,4.0
283,151,23.0
283,152,5.0
283,153,5.0
283,154,6.0
283,155,6.0
283,156,6.0
283,157,6.0
283,158,6.0
283,159,6.0
283,160,6.0
283,161,7.0
283,162,7.0
283,163,6.0
283,165,6.0
283,166,6.0
283,167,6.0
283,168,6.0
283,169,7.0
283,170,7.0
283,171,7.0
283,172,9.0
283,173,9.0
283,174,9.0
283,175,9.0
283,176,5.0
283,177,1.0
283,178,0.0
283,179,0.0
283,180,0.0
283,181,-0.0
283,182,-0.0
283,183,-0.0
283,184,-1.0
283,185,-1.0
283,186,-1.0
283,187,-1.0
283,188,-1.0
283,189,-1.0
283,190,-1.0
283,191,-2.0
283,192,-1.0
283,193,-1.0
283,194,-1.0
283,195,-1.0
283,196,-1.0
283,197,-1.0
283,198,-1.0
283,199,-1.0
283,200,-0.0
283,201,-0.0
283,202,-0.0
283,203,-0.0
283,204,0.0
283,205,0.0
283,206,0.0
283,207,0.0
283,208,0.0
283,209,0.0
283,210,1.0
283,279,3.0
283,280,2.0
283,281,1.0
283,282,1.0
283,283,0.0
283,284,-0.0
283,285,-0.0
283,286,1.0
283,287,1.0
283,288,2.0
283,289,3.0
283,290,4.0
283,291,5.0
283,292,7.0
283,293,8.0
283,294,10.0
283,295,13.0
283,296,15.0
283,297,17.0
283,298,18.0
283,299,20.0
283,300,127.0
283,301,127.0
283,302,127.0
283,303,127.0
283,304,152.0
283,305,127.0
283,306,99.0
283,307,137.0
283,308,144.0
283,309,146.0
283,310,137.0
283,313,170.0
283,314,170.0
283,315,170.0
283,316,170.0
283,317,170.0
283,318,170.0
283,319,152.0
283,320,152.0
283,321,152.0
283,322,152.0
283,323,152.0
283,324,96.0
283,325,96.0
283,326,97.0
283,327,97.0
283,328,97.0
283,329,97.0
283,330,96.0
283,331,95.0
283,332,95.0
283,333,95.0
283,334,95.0
283,335,96.0
283,336,97.0
283,337,97.0
283,338,101.0
283,339,110.0
283,340,115.0
283,341,126.0
283,342,127.0
283,343,127.0
283,344,127.0
283,345,127.0
283,346,127.0
283,347,127.0
283,348,128.0
283,349,128.0
283,350,128.0
283,351,128.0
283,352,128.0
283,353,128.0
283,354,128.0
283,355,129.0
283,356,129.0
283,357,129.0
283,358,129.0
283,359,130.0
283,360,130.0
283,361,130.0
283,362,130.0
283,363,130.0
283,364,131.0
284,127,14.0
284,128,14.0
284,129,12.0
284,130,12.0
284,131,11.0
284,132,10.0
284,133,9.0
284,134,9.0
284,135,8.0
284,136,8.0
284,137,7.0
284,138,7.0
284,139,7.0
284,140,6.0
284,141,6.0
284,142,6.0
284,143,5.0
284,144,10.0
284,145,5.0
284,146,5.0
284,147,4.0
284,150,4.0
284,151,4.0
284,152,5.0
284,153,5.0
284,154,5.0
284,155,6.0
284,156,6.0
284,157,6.0
284,158,6.0
284,159,6.0
284,160,6.0
284,162,6.0
284,163,6.0
284,164,6.0
284,165,6.0
284,166,6.0
284,167,6.0
284,168,6.0
284,169,6.0
284,170,7.0
284,171,7.0
284,172,9.0
284,173,9.0
284,174,9.0
284,175,9.0
284,176,5.0
284,177,1.0
284,178,1.0
284,179,0.0
284,180,0.0
284,181,0.0
284,182,-0.0
284,183,-0.0
284,184,-1.0
284,185,-1.0
284,186,-1.0
284,187,-1.0
284,188,-1.0
284,189,-2.0
284,190,-2.0
284,191,-2.0
284,192,-2.0
284,193,-2.0
284,194,-2.0
284,195,-2.0
284,196,-1.0
284,197,-1.0
284,198,-1.0
284,199,-1.0
284,200,-1.0
284,201,-0.0
284,202,-0.0
284,203,-0.0
284,204,-0.0
284,205,0.0
284,206,0.0
284,207,0.0
284,208,0.0
284,209,0.0
284,210,1.0
284,279,3.0
284,280,2.0
284,281,1.0
284,282,1.0
284,283,1.0
284,284,0.0
284,285,0.0
284,286,1.0
284,287,1.0
284,288,2.0
284,289,3.0
284,290,4.0
284,291,5.0
284,292,7.0
284,293,8.0
284,294,10.0
284,295,12.0
284,296,14.0
284,297,16.0
284,298,17.0
284,299,19.0
284,301,127.0
284,302,127.0
284,303,127.0
284,304,149.0
284,305,121.0
284,306,99.0
284,307,99.0
284,308,127.0
284,309,126.0
284,310,148.0
284,311,186.0
284,312,184.0
284,313,184.0
284,314,170.0
284,315,170.0
284,316,170.0
284,317,170.0
284,318,170.0
284,319,152.0
284,320,152.0
284,321,152.0
284,322,152.0
284,323,152.0
284,324,133.0
284,325,96.0
284,326,96.0
284,327,97.0
284,328,97.0
284,329,96.0
284,330,96.0
284,331,95.0
284,332,95.0
284,333,95.0
284,334,95.0
284,335,96.0
284,336,97.0
284,337,97.0
284,338,102.0
284,339,109.0
284,340,115.0
284,341,122.0
284,342,127.0
284,343,127.0
284,344,127.0
284,345,127.0
284,346,127.0
284,347,127.0
284,348,128.0
284,349,128.0
284,350,128.0
284,351,128.0
284,352,128.0
284,353,128.0
284,354,128.0
284,355,129.0
284,356,129.0
284,357,129.0
284,358,129.0
284,359,129.0
284,360,130.0
284,361,130.0
284,362,130.0
284,363,130.0
284,364,131.0
285,127,14.0
285,128,13.0
285,129,13.0
285,130,12.0
285,131,11.0
285,132,10.0
285,133,9.0
285,134,9.0
285,135,8.0
285,136,8.0
285,137,7.0
285,138,7.0
285,139,7.0
285,140,6.0
285,141,6.0
285,142,6.0
285,143,5.0
285,144,5.0
285,145,5.0
285,146,5.0
285,147,4.0
285,148,4.0
285,149,4.0
285,150,4.0
285,151,5.0
285,152,5.0
285,153,5.0
285,154,6.0
285,155,6.0
285,156,6.0
285,157,6.0
285,158,6.0
285,160,6.0
285,161,6.0
285,162,6.0
285,163,6.0
285,164,6.0
285,165,6.0
285,166,6.0
285,167,6.0
285,168,6.0
285,169,6.0
285,170,7.0
285,171,7.0
285,172,9.0
285,173,9.0
285,174,9.0
285,175,9.0
285,176,6.0
285,177,1.0
285,178,1.0
285,179,0.0
285,180,0.0
285,181,0.0
285,182,-0.0
285,183,-0.0
285,184,-1.0
285,185,-1.0
285,186,-1.0
285,187,-1.0
285,188,-1.0
285,189,-2.0
285,190,-2.0
285,191,-2.0
285,192,-2.0
285,193,-2.0
285,194,-2.0
285,195,-2.0
285,196,-2.0
285,197,-2.0
285,198,-1.0
285,199,-1.0
285,200,-1.0
285,201,-1.0
285,202,-0.0
285,203,-0.0
285,204,-0.0
285,205,0.0
285,206,0.0
285,207,0.0
285,208,0.0
285,209,0.0
285,279,2.0
285,280,2.0
285,281,1.0
285,282,1.0
285,283,1.0
285,284,1.0
285,285,1.0
285,286,1.0
285,287,1.0
285,288,2.0
285,289,3.0
285,290,4.0
285,291,5.0
285,292,7.0
285,293,8.0
285,294,10.0
285,295,12.0
285,296,13.0
285,297,15.0
285,298,16.0
285,299,17.0
285,300,127.0
285,301,127.0
285,302,127.0
285,303,127.0
285,304,145.0
285,305,121.0
285,306,122.0
285,307,98.0
285,308,113.0
285,309,98.0
285,310,106.0
285,311,97.0
285,312,96.0
285,313,96.0
285,314,96.0
285,315,96.0
285,316,96.0
285,317,96.0
285,318,96.0
285,319,96.0
285,321,152.0
285,322,152.0
285,324,96.0
285,325,96.0
285,326,97.0
285,327,97.0
285,328,97.0
285,329,97.0
285,330,96.0
285,331,95.0
285,332,95.0
285,333,95.0
285,334,95.0
285,335,96.0
285,336,97.0
285,337,98.0
285,338,100.0
285,339,110.0
285,340,117.0
285,341,124.0
285,342,127.0
285,343,127.0
285,344,127.0
285,345,127.0
285,346,127.0
285,347,127.0
285,348,127.0
285,349,128.0
285,350,128.0
285,351,128.0
285,352,128.0
285,353,128.0
285,354,128.0
285,355,128.0
285,356,129.0
285,357,129.0
285,358,129.0
285,359,129.0
285,360,129.0
285,361,130.0
285,362,130.0
285,363,131.0
285,364,131.0
286,127,13.0
286,128,13.0
286,129,12.0
286,130,11.0
286,131,11.0
286,132,9.0
286,133,9.0
286,134,9.0
286,135,8.0
286,136,8.0
286,137,7.0
286,138,7.0
286,139,7.0
286,140,7.0
286,141,6.0
286,142,6.0
286,143,6.0
286,144,5.0
286,145,5.0
286,146,5.0
286,147,5.0
286,148,5.0
286,149,4.0
286,150,5.0
286,151,5.0
286,152,5.0
286,153,5.0
286,154,6.0
286,155,6.0
286,156,6.0
286,157,6.0
286,158,6.0
286,159,6.0
286,160,6.0
286,161,6.0
286,162,6.0
286,163,6.0
286,164,6.0
286,165,6.0
286,166,6.0
286,168,6.0
286,169,7.0
286,170,7.0
286,171,7.0
286,172,9.0
286,173,9.0
286,174,9.0
286,175,9.0
286,176,5.0
286,177,1.0
286,178,1.0
286,179,1.0
286,180,0.0
286,181,0.0
286,182,0.0
286,183,-0.0
286,184,-1.0
286,185,-1.0
286,186,-1.0
286,187,-1.0
286,188,-2.0
286,189,-2.0
286,190,-2.0
286,191,-2.0
286,192,-2.0
286,193,-3.0
286,194,-2.0
286,195,-2.0
286,196,-2.0
286,197,-2.0
286,198,-1.0
286,199,-1.0
286,200,-1.0
286,201,-1.0
286,202,-0.0
286,203,-0.0
286,204,-0.0
286,205,0.0
286,206,0.0
286,207,0.0
286,208,0.0
286,209,0.0
286,279,2.0
286,280,2.0
286,281,1.0
286,282,1.0
286,283,1.0
286,284,1.0
286,285,1.0
286,286,1.0
286,287,2.0
286,288,2.0
286,289,3.0
286,290,4.0
286,291,5.0
286,292,6.0
286,293,8.0
286,294,9.0
286,295,11.0
286,296,13.0
286,297,13.0
286,298,14.0
286,299,15.0
286,300,134.0
286,301,127.0
286,302,127.0
286,303,127.0
286,304,157.0
286,305,147.0
286,306,98.0
286,307,97.0
286,308,97.0
286,309,97.0
286,310,99.0
286,311,97.0
286,312,96.0
286,313,96.0
286,314,96.0
286,315,96.0
286,316,96.0
286,317,96.0
286,318,96.0
286,319,96.0
286,320,96.0
286,321,96.0
286,322,96.0
286,323,96.0
286,324,96.0
286,325,96.0
286,326,97.0
286,327,97.0
286,328,97.0
286,329,96.0
286,330,96.0
286,331,95.0
286,332,94.0
286,333,94.0
286,334,95.0
286,335,96.0
286,336,97.0
286,337,98.0
286,338,100.0
286,339,110.0
286,340,118.0
286,341,125.0
286,342,127.0
286,343,127.0
286,344,127.0
286,345,127.0
286,346,127.0
286,347,127.0
286,348,127.0
286,349,128.0
286,350,128.0
286,351,128.0
286,352,128.0
286,353,128.0
286,354,128.0
286,355,128.0
286,356,129.0
286,357,129.0
286,358,129.0
286,359,129.0
286,360,129.0
286,361,130.0
286,362,130.0
286,363,131.0
286,364,131.0
287,127,13.0
287,128,13.0
287,129,12.0
287,130,11.0
287,131,10.0
287,132,10.0
287,133,9.0
287,134,9.0
287,135,8.0
287,136,8.0
287,137,8.0
287,138,7.0
287,139,7.0
287,140,7.0
287,141,7.0
287,142,35.0
287,143,18.0
287,144,6.0
287,145,5.0
287,146,6.0
287,147,5.0
287,148,5.0
287,149,5.0
287,150,5.0
287,151,5.0
287,152,6.0
287,153,6.0
287,155,6.0
287,157,6.0
287,158,6.0
287,159,6.0
287,161,6.0
287,162,7.0
287,163,7.0
287,164,6.0
287,165,6.0
287,166,6.0
287,167,7.0
287,168,7.0
287,169,7.0
287,170,7.0
287,171,8.0
287,172,9.0
287,173,9.0
287,174,9.0
287,175,9.0
287,176,5.0
287,177,1.0
287,178,1.0
287,179,1.0
287,180,0.0
287,181,0.0
287,182,0.0
287,183,-0.0
287,184,-1.0
287,185,-1.0
287,186,-1.0
287,187,-1.0
287,188,-1.0
287,189,-2.0
287,190,-2.0
287,191,-2.0
287,192,-3.0
287,193,-3.0
287,194,-3.0
287,195,-3.0
287,196,-2.0
287,197,-2.0
287,198,-2.0
287,199,-1.0
287,200,-1.0
287,201,-1.0
287,202,-0.0
287,203,-0.0
287,204,0.0
287,205,0.0
287,206,0.0
287,207,0.0
287,208,0.0
287,209,0.0
287,279,2.0
287,280,2.0
287,281,1.0
287,282,1.0
287,283,1.0
287,284,1.0
287,285,1.0
287,286,1.0
287,287,2.0
287,288,2.0
287,289,3.0
287,290,4.0
287,291,5.0
287,292,6.0
287,293,7.0
287,294,9.0
287,295,10.0
287,296,11.0
287,297,12.0
287,298,13.0
287,299,14.0
287,300,139.0
287,301,127.0
287,302,127.0
287,303,127.0
287,304,127.0
287,305,140.0
287,306,118.0
287,307,111.0
287,308,109.0
287,309,113.0
287,310,107.0
287,311,96.0
287,312,96.0
287,313,96.0
287,314,96.0
287,315,95.0
287,316,96.0
287,317,96.0
287,318,96.0
287,319,96.0
287,320,96.0
287,321,96.0
287,322,96.0
287,323,96.0
287,324,96.0
287,325,96.0
287,326,97.0
287,327,97.0
287,328,97.0
287,329,97.0
287,330,96.0
287,331,95.0
287,332,94.0
287,333,94.0
287,334,95.0
287,335,96.0
287,336,97.0
287,337,98.0
287,338,101.0
287,339,112.0
287,340,115.0
287,341,126.0
287,342,127.0
287,343,127.0
287,344,127.0
287,345,127.0
287,346,127.0
287,347,127.0
287,348,127.0
287,349,128.0
287,350,128.0
287,351,128.0
287,352,128.0
287,353,137.0
287,354,128.0
287,355,128.0
287,356,129.0
287,357,129.0
287,358,129.0
287,359,129.0
287,360,129.0
287,361,130.0
287,362,130.0
287,363,130.0
287,364,131.0
288,128,12.0
288,129,11.0
288,130,11.0
288,131,10.0
288,132,10.0
288,133,9.0
288,134,9.0
288,135,9.0
288,136,8.0
288,137,8.0
288,138,8.0
288,139,7.0
288,140,7.0
288,141,7.0
288,142,7.0
288,143,7.0
288,144,6.0
288,146,6.0
288,147,6.0
288,149,6.0
288,150,5.0
288,151,6.0
288,152,6.0
288,153,6.0
288,154,6.0
288,155,6.0
288,156,6.0
288,157,6.0
288,158,6.0
288,159,7.0
288,160,7.0
288,161,7.0
288,162,7.0
288,163,7.0
288,164,7.0
288,165,7.0
288,166,7.0
288,167,7.0
288,168,7.0
288,169,7.0
288,170,7.0
288,171,8.0
288,172,9.0
288,173,9.0
288,174,9.0
288,175,9.0
288,176,4.0
288,177,1.0
288,178,1.0
288,179,1.0
288,180,0.0
288,181,0.0
288,182,0.0
288,183,-0.0
288,184,-0.0
288,185,-1.0
288,186,-1.0
288,187,-1.0
288,188,-1.0
288,189,-2.0
288,190,-2.0
288,191,-2.0
288,192,-3.0
288,193,-3.0
288,194,-3.0
288,195,-3.0
288,196,-3.0
288,197,-2.0
288,198,-2.0
288,199,-1.0
288,200,-1.0
288,201,-1.0
288,202,-1.0
288,203,-0.0
288,204,0.0
288,205,0.0
288,206,0.0
288,207,0.0
288,208,0.0
288,209,0.0
288,279,2.0
288,280,2.0
288,281,1.0
288,282,1.0
288,283,1.0
288,284,1.0
288,285,1.0
288,286,1.0
288,287,2.0
288,288,2.0
288,289,3.0
288,290,4.0
288,291,5.0
288,292,6.0
288,293,7.0
288,294,8.0
288,295,10.0
288,296,10.0
288,297,11.0
288,298,11.0
288,299,12.0
288,300,127.0
288,301,127.0
288,302,127.0
288,303,127.0
288,304,135.0
288,305,144.0
288,306,98.0
288,307,97.0
288,308,96.0
288,309,98.0
288,310,96.0
288,311,96.0
288,312,96.0
288,313,96.0
288,314,95.0
288,315,95.0
288,316,96.0
288,317,96.0
288,318,96.0
288,319,96.0
288,320,96.0
288,321,96.0
288,322,96.0
288,323,96.0
288,324,96.0
288,325,96.0
288,326,96.0
288,327,97.0
288,328,97.0
288,329,97.0
288,330,96.0
288,331,95.0
288,332,94.0
288,333,94.0
288,334,95.0
288,335,96.0
288,336,97.0
288,337,98.0
288,338,102.0
288,339,111.0
288,340,116.0
288,341,127.0
288,342,127.0
288,343,127.0
288,344,127.0
288,345,127.0
288,346,127.0
288,347,127.0
288,348,127.0
288,349,128.0
288,350,128.0
288,351,128.0
288,352,128.0
288,353,128.0
288,354,128.0
288,355,128.0
288,356,129.0
288,357,129.0
288,358,129.0
288,359,129.0
288,360,129.0
288,361,130.0
288,362,130.0
288,363,130.0
288,364,131.0
289,127,12.0
289,128,12.0
289,129,11.0
289,130,11.0
289,131,10.0
289,132,10.0
289,133,10.0
289,134,9.0
289,135,9.0
289,136,9.0
289,137,8.0
289,138,8.0
289,139,8.0
289,140,7.0
289,141,7.0
289,142,7.0
289,143,7.0
289,144,7.0
289,145,7.0
289,146,6.0
289,147,7.0
289,148,6.0
289,150,6.0
289,151,6.0
289,152,6.0
289,153,7.0
289,154,7.0
289,155,7.0
289,156,7.0
289,159,7.0
289,160,7.0
289,161,7.0
289,162,7.0
289,163,7.0
289,164,7.0
289,165,7.0
289,166,7.0
289,167,7.0
289,168,7.0
289,169,7.0
289,170,7.0
289,171,8.0
289,172,9.0
289,173,9.0
289,174,9.0
289,175,9.0
289,176,6.0
289,177,1.0
289,178,1.0
289,179,1.0
289,180,0.0
289,181,0.0
289,182,-0.0
289,183,-0.0
289,184,-0.0
289,185,-1.0
289,186,-1.0
289,187,-1.0
289,188,-1.0
289,189,-2.0
289,190,-2.0
289,191,-2.0
289,192,-3.0
289,193,-3.0
289,194,-3.0
289,195,-3.0
289,196,-3.0
289,197,-2.0
289,198,-2.0
289,199,-1.0
289,200,-1.0
289,201,-1.0
289,202,-1.0
289,203,-0.0
289,204,0.0
289,205,0.0
289,206,0.0
289,207,0.0
289,208,0.0
289,209,0.0
289,279,2.0
289,280,2.0
289,281,2.0
289,282,1.0
289,283,1.0
289,284,1.0
289,285,1.0
289,286,1.0
289,287,2.0
289,288,2.0
289,289,3.0
289,290,4.0
289,291,5.0
289,292,6.0
289,293,7.0
289,294,8.0
289,295,9.0
289,296,9.0
289,297,10.0
289,298,10.0
289,299,10.0
289,300,127.0
289,301,127.0
289,302,127.0
289,303,127.0
289,304,127.0
289,305,127.0
289,306,98.0
289,307,97.0
289,308,96.0
289,309,96.0
289,310,96.0
289,311,96.0
289,312,104.0
289,313,96.0
289,314,95.0
289,315,95.0
289,316,96.0
289,317,96.0
289,318,96.0
289,319,95.0
289,320,95.0
289,321,96.0
289,322,96.0
289,323,96.0
289,324,96.0
289,325,96.0
289,326,97.0
289,327,97.0
289,328,97.0
289,329,97.0
289,330,96.0
289,331,95.0
289,332,94.0
289,333,94.0
289,334,96.0
289,335,97.0
289,336,98.0
289,337,99.0
289,338,103.0
289,339,109.0
289,340,116.0
289,341,122.0
289,342,127.0
289,343,127.0
289,344,127.0
289,345,127.0
289,346,127.0
289,347,127.0
289,348,127.0
289,349,128.0
289,350,128.0
289,351,128.0
289,352,128.0
289,353,128.0
289,354,128.0
289,355,128.0
289,356,128.0
289,357,129.0
289,358,129.0
289,359,129.0
289,360,129.0
289,361,129.0
289,362,130.0
289,363,130.0
289,364,130.0
290,127,12.0
290,128,12.0
290,129,12.0
290,130,11.0
290,131,11.0
290,132,10.0
290,133,10.0
290,134,9.0
290,135,9.0
290,136,9.0
290,137,9.0
290,138,8.0
290,139,8.0
290,140,8.0
290,141,8.0
290,142,8.0
290,143,9.0
290,144,7.0
290,145,7.0
290,146,7.0
290,147,7.0
290,148,7.0
290,149,6.0
290,150,7.0
290,151,7.0
290,152,7.0
290,153,7.0
290,154,7.0
290,155,7.0
290,156,7.0
290,157,7.0
290,158,7.0
290,159,7.0
290,160,7.0
290,161,7.0
290,162,7.0
290,163,7.0
290,164,8.0
290,165,8.0
290,166,8.0
290,167,8.0
290,168,8.0
290,169,8.0
290,171,7.0
290,172,9.0
290,173,9.0
290,174,9.0
290,175,8.0
290,176,4.0
290,177,1.0
290,178,1.0
290,179,1.0
290,180,0.0
290,181,0.0
290,182,0.0
290,183,-0.0
290,184,-0.0
290,185,-1.0
290,186,-1.0
290,187,-1.0
290,188,-1.0
290,189,-1.0
290,190,-2.0
290,191,-2.0
290,192,-2.0
290,193,-3.0
290,194,-3.0
290,195,-3.0
290,196,-3.0
290,197,-2.0
290,198,-2.0
290,199,-1.0
290,200,-1.0
290,201,-1.0
290,202,-0.0
290,203,-0.0
290,204,-0.0
290,205,0.0
290,206,0.0
290,207,0.0
290,208,0.0
290,209,0.0
290,279,2.0
290,280,2.0
290,281,2.0
290,282,1.0
290,283,1.0
290,284,1.0
290,285,1.0
290,286,1.0
290,287,2.0
290,288,2.0
290,289,3.0
290,290,3.0
290,291,4.0
290,292,5.0
290,293,6.0
290,294,7.0
290,295,8.0
290,296,9.0
290,297,9.0
290,298,9.0
290,299,10.0
290,300,127.0
290,301,127.0
290,302,127.0
290,303,127.0
290,304,134.0
290,305,113.0
290,306,133.0
290,307,98.0
290,308,96.0
290,309,96.0
290,310,96.0
290,311,111.0
290,312,96.0
290,313,96.0
290,314,96.0
290,315,95.0
290,316,95.0
290,317,95.0
290,318,95.0
290,319,95.0
290,320,96.0
290,321,96.0
290,322,96.0
290,323,96.0
290,324,96.0
290,325,97.0
290,326,97.0
290,327,97.0
290,328,97.0
290,329,97.0
290,330,96.0
290,331,95.0
290,332,95.0
290,333,95.0
290,334,96.0
290,335,97.0
290,336,98.0
290,337,99.0
290,338,102.0
290,339,110.0
290,340,117.0
290,341,123.0
290,342,127.0
290,343,127.0
290,344,127.0
290,345,127.0
290,346,127.0
290,347,127.0
290,348,127.0
290,349,128.0
290,350,128.0
290,351,128.0
290,352,128.0
290,353,128.0
290,354,128.0
290,355,128.0
290,356,128.0
290,357,129.0
290,358,129.0
290,359,129.0
290,360,129.0
290,361,129.0
290,362,130.0
290,363,130.0
290,364,130.0
291,128,12.0
291,129,12.0
291,130,11.0
291,131,11.0
291,132,10.0
291,133,10.0
291,134,9.0
291,135,9.0
291,136,9.0
291,137,9.0
291,138,30.0
291,139,8.0
291,141,8.0
291,142,8.0
291,143,10.0
291,144,50.0
291,145,8.0
291,146,7.0
291,147,7.0
291,148,7.0
291,149,7.0
291,150,8.0
291,151,7.0
291,152,7.0
291,153,8.0
291,154,8.0
291,155,8.0
291,156,8.0
291,158,7.0
291,159,7.0
291,160,7.0
291,161,8.0
291,162,8.0
291,163,8.0
291,164,8.0
291,165,9.0
291,166,8.0
291,167,8.0
291,168,8.0
291,169,8.0
291,170,7.0
291,171,7.0
291,172,9.0
291,173,9.0
291,174,9.0
291,175,8.0
291,176,5.0
291,177,1.0
291,178,1.0
291,179,1.0
291,180,0.0
291,181,0.0
291,182,-0.0
291,183,-0.0
291,184,-0.0
291,185,-1.0
291,186,-1.0
291,187,-1.0
291,188,-1.0
291,189,-1.0
291,190,-2.0
291,191,-2.0
291,192,-2.0
291,193,-2.0
291,194,-3.0
291,195,-3.0
291,196,-3.0
291,197,-2.0
291,198,-2.0
291,199,-1.0
291,200,-1.0
291,201,-1.0
291,202,-0.0
291,203,-0.0
291,204,0.0
291,205,0.0
291,206,0.0
291,207,0.0
291,208,0.0
291,209,0.0
291,279,2.0
291,280,2.0
291,281,1.0
291,282,1.0
291,283,1.0
291,284,1.0
291,285,1.0
291,286,1.0
291,287,2.0
291,288,2.0
291,289,3.0
291,290,3.0
291,291,4.0
291,292,5.0
291,293,6.0
291,294,6.0
291,295,7.0
291,296,8.0
291,297,8.0
291,298,9.0
291,299,9.0
291,300,127.0
291,301,127.0
291,302,127.0
291,303,127.0
291,304,127.0
291,305,100.0
291,306,125.0
291,307,131.0
291,308,97.0
291,309,96.0
291,310,96.0
291,311,96.0
291,312,96.0
291,313,96.0
291,314,96.0
291,315,96.0
291,316,95.0
291,317,95.0
291,318,95.0
291,319,96.0
291,320,96.0
291,321,96.0
291,322,96.0
291,323,97.0
291,324,97.0
291,325,97.0
291,326,97.0
291,327,97.0
291,328,97.0
291,329,97.0
291,330,96.0
291,331,96.0
291,332,95.0
291,333,95.0
291,334,96.0
291,335,97.0
291,336,98.0
291,337,99.0
291,338,102.0
291,339,109.0
291,340,118.0
291,341,124.0
291,342,127.0
291,343,127.0
291,344,127.0
291,345,127.0
291,346,127.0
291,347,127.0
291,348,127.0
291,349,128.0
291,350,128.0
291,351,128.0
291,352,128.0
291,353,128.0
291,354,128.0
291,355,128.0
291,356,128.0
291,357,129.0
291,358,129.0
291,359,129.0
291,360,129.0
291,361,129.0
291,362,129.0
291,363,129.0
291,364,130.0
292,128,12.0
292,130,11.0
292,131,11.0
292,132,10.0
292,133,10.0
292,136,9.0
292,137,9.0
292,138,9.0
292,139,8.0
292,142,8.0
292,143,8.0
292,144,8.0
292,145,8.0
292,146,51.0
292,147,8.0
292,148,8.0
292,149,8.0
292,150,8.0
292,151,8.0
292,152,8.0
292,153,8.0
292,154,8.0
292,155,8.0
292,156,8.0
292,157,8.0
292,158,8.0
292,159,8.0
292,160,8.0
292,161,8.0
292,162,8.0
292,163,8.0
292,164,8.0
292,165,8.0
292,166,8.0
292,167,8.0
292,168,8.0
292,169,8.0
292,170,8.0
292,171,11.0
292,172,9.0
292,173,9.0
292,174,9.0
292,175,9.0
292,176,4.0
292,177,1.0
292,178,1.0
292,179,1.0
292,180,0.0
292,181,0.0
292,182,0.0
292,183,-0.0
292,184,-0.0
292,185,-1.0
292,186,-1.0
292,187,-1.0
292,188,-1.0
292,189,-1.0
292,190,-1.0
292,191,-1.0
292,192,-1.0
292,193,-1.0
292,194,-2.0
292,195,-3.0
292,196,-3.0
292,197,-2.0
292,198,-2.0
292,199,-1.0
292,200,-1.0
292,201,-1.0
292,202,-0.0
292,203,-0.0
292,204,-0.0
292,205,0.0
292,206,0.0
292,207,0.0
292,208,0.0
292,209,0.0
292,279,2.0
292,280,2.0
292,281,2.0
292,282,1.0
292,283,1.0
292,284,1.0
292,285,1.0
292,286,1.0
292,287,2.0
292,288,2.0
292,289,3.0
292,290,3.0
292,291,4.0
292,292,5.0
292,293,6.0
292,294,6.0
292,295,7.0
292,296,7.0
292,297,8.0
292,298,9.0
292,299,9.0
292,300,141.0
292,301,127.0
292,302,127.0
292,303,127.0
292,304,127.0
292,305,125.0
292,306,125.0
292,307,108.0
292,308,97.0
292,309,97.0
292,310,96.0
292,311,98.0
292,312,96.0
292,313,96.0
292,314,96.0
292,316,96.0
292,317,95.0
292,318,96.0
292,319,96.0
292,320,96.0
292,321,96.0
292,322,97.0
292,323,97.0
292,324,97.0
292,325,97.0
292,326,97.0
292,327,97.0
292,328,97.0
292,329,97.0
292,330,96.0
292,331,96.0
292,332,95.0
292,333,95.0
292,334,96.0
292,335,97.0
292,336,98.0
292,337,99.0
292,338,102.0
292,339,109.0
292,340,118.0
292,341,125.0
292,342,127.0
292,343,127.0
292,344,127.0
292,345,127.0
292,346,127.0
292,347,127.0
292,348,128.0
292,349,128.0
292,350,128.0
292,351,128.0
292,352,128.0
292,353,128.0
292,354,128.0
292,355,128.0
292,356,128.0
292,357,129.0
292,358,129.0
292,359,129.0
292,360,129.0
292,361,129.0
292,362,129.0
292,363,129.0
292,364,129.0
293,128,12.0
293,129,12.0
293,130,11.0
293,131,11.0
293,132,10.0
293,133,10.0
293,134,10.0
293,135,10.0
293,136,9.0
293,137,9.0
293,138,9.0
293,139,9.0
293,140,9.0
293,142,8.0
293,143,8.0
293,144,8.0
293,145,8.0
293,146,8.0
293,147,8.0
293,148,9.0
293,149,9.0
293,150,9.0
293,151,9.0
293,152,9.0
293,153,8.0
293,154,8.0
293,155,9.0
293,156,8.0
293,157,8.0
293,158,8.0
293,159,8.0
293,160,8.0
293,161,8.0
293,162,8.0
293,163,8.0
293,164,10.0
293,165,23.0
293,166,9.0
293,167,8.0
293,168,8.0
293,169,8.0
293,170,8.0
293,171,9.0
293,172,9.0
293,173,9.0
293,174,9.0
293,175,9.0
293,176,4.0
293,177,1.0
293,178,1.0
293,179,0.0
293,180,0.0
293,181,0.0
293,182,-0.0
293,183,-0.0
293,184,-0.0
293,185,-1.0
293,186,-1.0
293,187,-1.0
293,188,-1.0
293,189,-1.0
293,190,-0.0
293,191,-0.0
293,192,-0.0
293,193,-0.0
293,194,-1.0
293,195,-2.0
293,196,-2.0
293,197,-2.0
293,198,-2.0
293,199,-1.0
293,200,-1.0
293,201,-1.0
293,202,-0.0
293,203,-0.0
293,204,-0.0
293,205,0.0
293,206,0.0
293,207,0.0
293,208,0.0
293,209,0.0
293,279,2.0
293,280,2.0
293,281,2.0
293,282,1.0
293,283,1.0
293,284,1.0
293,285,1.0
293,286,1.0
293,287,1.0
293,288,2.0
293,289,3.0
293,290,3.0
293,291,4.0
293,292,5.0
293,293,5.0
293,294,6.0
293,295,7.0
293,296,8.0
293,297,8.0
293,298,9.0
293,299,10.0
293,300,127.0
293,301,127.0
293,302,127.0
293,303,127.0
293,304,136.0
293,305,100.0
293,306,111.0
293,307,125.0
293,308,102.0
293,309,99.0
293,310,97.0
293,311,99.0
293,312,105.0
293,313,96.0
293,314,96.0
293,316,181.0
293,317,172.0
293,318,172.0
293,319,172.0
293,320,206.0
293,322,97.0
293,323,97.0
293,324,97.0
293,325,97.0
293,326,97.0
293,327,97.0
293,328,97.0
293,329,97.0
293,330,96.0
293,331,96.0
293,332,95.0
293,333,96.0
293,334,96.0
293,335,97.0
293,336,98.0
293,337,99.0
293,338,102.0
293,339,108.0
293,340,119.0
293,341,122.0
293,342,127.0
293,343,127.0
293,344,127.0
293,345,127.0
293,346,127.0
293,347,127.0
293,348,127.0
293,349,128.0
293,350,128.0
293,351,128.0
293,352,128.0
293,353,128.0
293,354,128.0
293,355,128.0
293,356,128.0
293,357,128.0
293,359,129.0
293,360,129.0
293,361,129.0
293,362,129.0
293,363,129.0
293,364,129.0
294,127,12.0
294,129,11.0
294,132,11.0
294,133,10.0
294,134,10.0
294,135,10.0
294,138,36.0
294,139,9.0
294,140,9.0
294,141,9.0
294,142,8.0
294,143,9.0
294,144,18.0
294,145,9.0
294,146,9.0
294,147,18.0
294,148,9.0
294,149,10.0
294,150,9.0
294,151,15.0
294,152,9.0
294,153,9.0
294,154,9.0
294,155,9.0
294,156,8.0
294,157,8.0
294,158,8.0
294,159,8.0
294,160,41.0
294,161,28.0
294,162,40.0
294,163,38.0
294,164,19.0
294,165,20.0
294,166,10.0
294,167,8.0
294,168,8.0
294,169,8.0
294,170,8.0
294,171,9.0
294,172,9.0
294,173,9.0
294,174,9.0
294,175,9.0
294,176,4.0
294,177,1.0
294,178,0.0
294,179,0.0
294,180,0.0
294,181,-0.0
294,182,-0.0
294,183,-0.0
294,184,-1.0
294,185,-1.0
294,186,-1.0
294,187,-1.0
294,188,-0.0
294,189,-0.0
294,190,-0.0
294,191,-0.0
294,192,-0.0
294,193,-0.0
294,194,-0.0
294,195,-1.0
294,196,-2.0
294,197,-2.0
294,198,-1.0
294,199,-1.0
294,200,-1.0
294,201,-1.0
294,202,-0.0
294,203,-0.0
294,204,-0.0
294,205,0.0
294,206,0.0
294,207,0.0
294,208,0.0
294,209,0.0
294,279,2.0
294,280,2.0
294,281,2.0
294,282,1.0
294,283,1.0
294,284,1.0
294,285,1.0
294,286,1.0
294,287,1.0
294,288,2.0
294,289,2.0
294,290,3.0
294,291,4.0
294,292,5.0
294,293,6.0
294,294,7.0
294,295,7.0
294,296,8.0
294,297,8.0
294,298,9.0
294,299,10.0
294,300,127.0
294,301,127.0
294,302,127.0
294,303,127.0
294,304,144.0
294,305,100.0
294,306,119.0
294,307,121.0
294,308,113.0
294,309,105.0
294,310,105.0
294,311,113.0
294,312,115.0
294,313,182.0
294,314,97.0
294,315,172.0
294,317,193.0
294,318,196.0
294,319,194.0
294,320,195.0
294,321,173.0
294,322,97.0
294,323,97.0
294,324,97.0
294,325,97.0
294,326,97.0
294,327,97.0
294,328,97.0
294,329,97.0
294,330,97.0
294,331,96.0
294,332,96.0
294,333,96.0
294,334,96.0
294,335,97.0
294,336,98.0
294,337,99.0
294,338,103.0
294,339,109.0
294,340,117.0
294,341,123.0
294,342,127.0
294,343,127.0
294,344,127.0
294,345,127.0
294,346,127.0
294,347,127.0
294,348,128.0
294,349,128.0
294,350,128.0
294,351,128.0
294,352,128.0
294,353,128.0
294,354,128.0
294,355,128.0
294,356,128.0
294,357,128.0
294,358,128.0
294,359,129.0
294,360,129.0
294,361,129.0
294,362,128.0
294,363,128.0
294,364,128.0
295,127,12.0
295,128,11.0
295,129,11.0
295,132,11.0
295,134,10.0
295,135,10.0
295,136,10.0
295,137,9.0
295,138,9.0
295,139,9.0
295,140,9.0
295,141,11.0
295,142,9.0
295,143,9.0
295,144,9.0
295,145,9.0
295,146,9.0
295,147,9.0
295,148,23.0
295,149,35.0
295,150,24.0
295,151,33.0
295,152,9.0
295,153,34.0
295,154,42.0
295,155,9.0
295,156,9.0
295,157,22.0
295,158,22.0
295,159,57.0
295,160,8.0
295,161,16.0
295,162,51.0
295,163,51.0
295,164,29.0
295,165,22.0
295,166,25.0
295,167,10.0
295,168,8.0
295,169,26.0
295,170,26.0
295,171,11.0
295,172,9.0
295,173,9.0
295,174,9.0
295,175,9.0
295,176,4.0
295,177,1.0
295,178,0.0
295,179,-0.0
295,180,-0.0
295,181,-0.0
295,182,-0.0
295,183,-0.0
295,184,-1.0
295,185,-1.0
295,186,-1.0
295,187,-1.0
295,188,-0.0
295,189,-0.0
295,190,-0.0
295,191,0.0
295,192,0.0
295,193,0.0
295,194,0.0
295,195,0.0
295,196,-1.0
295,197,-1.0
295,198,-1.0
295,199,-1.0
295,200,-1.0
295,201,-1.0
295,202,-0.0
295,203,-0.0
295,204,-0.0
295,205,-0.0
295,206,0.0
295,207,0.0
295,208,0.0
295,209,0.0
295,279,2.0
295,280,2.0
295,281,2.0
295,282,1.0
295,283,1.0
295,284,1.0
295,285,1.0
295,286,1.0
295,287,1.0
295,288,1.0
295,289,2.0
295,290,3.0
295,291,3.0
295,292,4.0
295,293,6.0
295,294,7.0
295,295,8.0
295,296,9.0
295,297,10.0
295,298,11.0
295,299,11.0
295,300,127.0
295,301,127.0
295,302,127.0
295,303,127.0
295,304,127.0
295,305,126.0
295,306,122.0
295,307,124.0
295,308,110.0
295,309,121.0
295,310,121.0
295,311,125.0
295,312,126.0
295,313,186.0
295,314,141.0
295,318,178.0
295,319,172.0
295,320,172.0
295,322,98.0
295,323,98.0
295,324,98.0
295,325,98.0
295,326,98.0
295,327,98.0
295,328,97.0
295,329,97.0
295,330,97.0
295,331,97.0
295,332,96.0
295,333,96.0
295,334,97.0
295,335,97.0
295,336,97.0
295,337,98.0
295,338,103.0
295,339,111.0
295,340,116.0
295,341,125.0
295,342,127.0
295,343,127.0
295,344,127.0
295,345,127.0
295,346,127.0
295,347,127.0
295,348,127.0
295,349,128.0
295,350,128.0
295,351,128.0
295,352,128.0
295,353,128.0
295,354,128.0
295,355,128.0
295,356,128.0
295,357,128.0
295,358,128.0
295,359,128.0
295,360,128.0
295,361,128.0
295,362,128.0
295,363,128.0
295,364,128.0
296,127,12.0
296,128,11.0
296,129,11.0
296,132,11.0
296,133,11.0
296,137,10.0
296,138,9.0
296,139,9.0
296,140,9.0
296,141,9.0
296,142,9.0
296,143,9.0
296,144,9.0
296,145,9.0
296,146,9.0
296,147,9.0
296,148,12.0
296,149,9.0
296,150,21.0
296,151,9.0
296,152,9.0
296,153,9.0
296,154,20.0
296,155,9.0
296,156,27.0
296,157,21.0
296,158,32.0
296,159,45.0
296,160,30.0
296,161,42.0
296,162,32.0
296,163,61.0
296,164,32.0
296,165,30.0
296,166,31.0
296,169,32.0
296,170,31.0
296,171,31.0
296,172,30.0
296,173,9.0
296,174,9.0
296,175,8.0
296,176,2.0
296,177,0.0
296,178,0.0
296,179,-0.0
296,180,-0.0
296,181,-0.0
296,182,-0.0
296,183,-0.0
296,184,-0.0
296,185,-0.0
296,186,-1.0
296,187,-0.0
296,188,-0.0
296,189,-0.0
296,190,-0.0
296,191,0.0
296,192,0.0
296,193,0.0
296,194,0.0
296,195,0.0
296,196,0.0
296,197,-0.0
296,198,-1.0
296,199,-1.0
296,200,-1.0
296,201,-1.0
296,202,-0.0
296,203,-0.0
296,204,-0.0
296,205,-0.0
296,206,0.0
296,207,0.0
296,208,0.0
296,209,0.0
296,279,2.0
296,280,2.0
296,281,1.0
296,282,1.0
296,283,1.0
296,284,1.0
296,285,1.0
296,286,1.0
296,287,1.0
296,288,1.0
296,289,2.0
296,290,2.0
296,291,3.0
296,292,5.0
296,293,6.0
296,294,7.0
296,295,8.0
296,296,9.0
296,297,10.0
296,298,11.0
296,299,13.0
296,300,136.0
296,301,127.0
296,302,127.0
296,303,127.0
296,304,127.0
296,305,100.0
296,306,149.0
296,307,127.0
296,308,125.0
296,309,126.0
296,310,136.0
296,311,126.0
296,312,146.0
296,313,111.0
296,314,135.0
296,315,172.0
296,316,172.0
296,317,172.0
296,318,172.0
296,319,172.0
296,320,172.0
296,321,173.0
296,322,99.0
296,323,99.0
296,324,99.0
296,325,99.0
296,326,99.0
296,327,98.0
296,328,97.0
296,329,97.0
296,330,97.0
296,331,98.0
296,332,97.0
296,333,98.0
296,334,97.0
296,335,108.0
296,336,97.0
296,337,98.0
296,338,103.0
296,339,109.0
296,340,117.0
296,341,121.0
296,342,127.0
296,343,127.0
296,344,127.0
296,345,127.0
296,346,127.0
296,347,127.0
296,349,128.0
296,350,128.0
296,351,128.0
296,352,128.0
296,353,128.0
296,354,128.0
296,355,128.0
296,356,128.0
296,357,128.0
296,358,128.0
296,359,128.0
296,361,128.0
296,362,128.0
296,363,128.0
296,364,128.0
297,140,56.0
297,141,37.0
297,143,32.0
297,144,32.0
297,145,32.0
297,146,45.0
297,147,48.0
297,148,54.0
297,149,34.0
297,150,56.0
297,151,50.0
297,152,57.0
297,153,49.0
297,154,57.0
297,155,32.0
297,156,32.0
297,157,32.0
297,158,55.0
297,159,32.0
297,160,32.0
297,161,32.0
297,162,32.0
297,163,32.0
297,164,32.0
297,165,32.0
297,166,32.0
297,167,32.0
297,168,45.0
297,169,32.0
297,170,32.0
297,171,32.0
297,176,3.0
297,177,0.0
297,178,0.0
297,179,0.0
297,180,-0.0
297,181,-0.0
297,182,-0.0
297,183,-0.0
297,184,-0.0
297,185,-0.0
297,186,-1.0
297,187,-1.0
297,188,-0.0
297,189,-0.0
297,190,-0.0
297,191,0.0
297,192,0.0
297,193,0.0
297,194,0.0
297,195,0.0
297,196,0.0
297,197,0.0
297,198,-0.0
297,199,-0.0
297,200,-1.0
297,201,-1.0
297,202,-0.0
297,203,-0.0
297,204,-0.0
297,205,-0.0
297,206,0.0
297,207,0.0
297,208,0.0
297,209,0.0
297,253,1.0
297,254,1.0
297,279,2.0
297,280,2.0
297,281,1.0
297,282,1.0
297,283,1.0
297,284,1.0
297,285,0.0
297,286,0.0
297,287,0.0
297,288,1.0
297,289,2.0
297,290,2.0
297,291,3.0
297,292,5.0
297,293,6.0
297,294,7.0
297,295,9.0
297,296,10.0
297,297,11.0
297,298,12.0
297,299,13.0
297,300,127.0
297,301,127.0
297,302,127.0
297,303,127.0
297,304,127.0
297,305,151.0
297,306,100.0
297,307,136.0
297,308,127.0
297,309,135.0
297,310,127.0
297,311,146.0
297,312,162.0
297,313,149.0
297,314,98.0
297,315,172.0
297,316,172.0
297,317,172.0
297,318,172.0
297,319,172.0
297,320,172.0
297,321,176.0
297,322,100.0
297,323,100.0
297,324,127.0
297,325,99.0
297,326,127.0
297,327,127.0
297,328,127.0
297,329,99.0
297,330,99.0
297,331,124.0
297,332,127.0
297,333,127.0
297,334,124.0
297,335,99.0
297,336,127.0
297,337,112.0
297,338,104.0
297,339,110.0
297,340,120.0
297,341,123.0
297,342,127.0
297,343,127.0
297,344,127.0
297,345,127.0
297,346,127.0
297,348,127.0
297,349,128.0
297,350,128.0
297,351,128.0
297,352,128.0
297,353,128.0
297,354,128.0
297,355,128.0
297,356,128.0
297,357,128.0
297,358,128.0
297,359,128.0
297,360,128.0
297,361,128.0
297,362,129.0
297,363,129.0
297,364,129.0
298,138,56.0
298,141,32.0
298,144,32.0
298,145,32.0
298,146,32.0
298,147,32.0
298,148,32.0
298,149,32.0
298,150,32.0
298,151,32.0
298,152,32.0
298,153,32.0
298,154,45.0
298,155,33.0
298,156,32.0
298,157,32.0
298,158,32.0
298,159,32.0
298,160,32.0
298,161,32.0
298,162,32.0
298,163,32.0
298,164,32.0
298,165,32.0
298,166,32.0
298,167,32.0
298,168,32.0
298,169,32.0
298,170,32.0
298,171,32.0
298,176,0.0
298,177,0.0
298,178,0.0
298,179,0.0
298,180,-0.0
298,181,-0.0
298,182,-0.0
298,183,-0.0
298,184,-0.0
298,185,-0.0
298,186,-0.0
298,187,-0.0
298,188,-0.0
298,189,-0.0
298,190,0.0
298,191,0.0
298,192,0.0
298,193,0.0
298,194,0.0
298,195,0.0
298,196,0.0
298,197,0.0
298,198,-0.0
298,199,-0.0
298,200,-1.0
298,201,-1.0
298,202,-0.0
298,203,-0.0
298,204,-0.0
298,205,-0.0
298,206,0.0
298,207,0.0
298,208,0.0
298,209,0.0
298,238,2.0
298,239,2.0
298,240,27.0
298,241,1.0
298,242,1.0
298,243,1.0
298,244,1.0
298,245,1.0
298,246,1.0
298,247,1.0
298,248,0.0
298,249,0.0
298,250,0.0
298,251,1.0
298,252,1.0
298,253,1.0
298,254,1.0
298,255,2.0
298,279,2.0
298,280,2.0
298,281,1.0
298,282,1.0
298,283,1.0
298,284,0.0
298,285,0.0
298,286,-0.0
298,287,-0.0
298,288,1.0
298,289,1.0
298,290,2.0
298,291,3.0
298,292,5.0
298,293,6.0
298,294,7.0
298,295,9.0
298,296,10.0
298,297,11.0
298,298,13.0
298,299,13.0
298,300,127.0
298,301,127.0
298,302,127.0
298,303,127.0
298,304,127.0
298,305,127.0
298,306,127.0
298,307,127.0
298,308,127.0
298,309,127.0
298,310,137.0
298,311,127.0
298,312,149.0
298,313,127.0
298,315,172.0
298,316,172.0
298,317,201.0
298,318,172.0
298,319,172.0
298,320,172.0
298,321,172.0
298,322,156.0
298,323,127.0
298,324,145.0
298,325,127.0
298,326,127.0
298,327,127.0
298,328,143.0
298,329,130.0
298,330,127.0
298,331,137.0
298,332,127.0
298,333,127.0
298,334,145.0
298,335,127.0
298,336,127.0
298,337,127.0
298,338,127.0
298,339,127.0
298,340,127.0
298,341,127.0
298,342,127.0
298,343,127.0
298,344,127.0
298,345,127.0
298,346,127.0
298,347,127.0
298,349,183.0
298,350,128.0
298,351,128.0
298,352,128.0
298,353,128.0
298,354,128.0
298,355,128.0
298,356,128.0
298,357,128.0
298,358,128.0
298,359,128.0
298,360,128.0
298,362,129.0
298,363,129.0
298,364,129.0
299,138,47.0
299,141,32.0
299,142,32.0
299,143,32.0
299,144,32.0
299,145,61.0
299,146,33.0
299,147,32.0
299,148,32.0
299,149,32.0
299,150,32.0
299,151,32.0
299,152,32.0
299,153,32.0
299,154,32.0
299,155,32.0
299,156,32.0
299,157,32.0
299,158,32.0
299,159,32.0
299,160,32.0
299,161,32.0
299,162,32.0
299,163,32.0
299,164,32.0
299,165,32.0
299,166,32.0
299,167,32.0
299,168,32.0
299,169,32.0
299,170,32.0
299,171,32.0
299,176,0.0
299,177,0.0
299,178,0.0
299,179,0.0
299,180,0.0
299,181,-0.0
299,182,-0.0
299,183,-0.0
299,184,-0.0
299,185,-0.0
299,186,-0.0
299,187,-0.0
299,188,-0.0
299,189,-0.0
299,190,0.0
299,191,0.0
299,192,0.0
299,193,0.0
299,194,0.0
299,195,0.0
299,196,0.0
299,197,0.0
299,198,-0.0
299,199,-0.0
299,200,-1.0
299,201,-1.0
299,202,-0.0
299,203,-0.0
299,204,-0.0
299,205,0.0
299,206,0.0
299,207,0.0
299,208,0.0
299,209,0.0
299,215,1.0
299,216,1.0
299,217,1.0
299,218,1.0
299,219,1.0
299,220,1.0
299,221,1.0
299,238,2.0
299,239,2.0
299,240,1.0
299,241,1.0
299,242,1.0
299,243,1.0
299,244,1.0
299,245,1.0
299,246,1.0
299,247,1.0
299,248,0.0
299,249,0.0
299,250,0.0
299,251,0.0
299,252,0.0
299,253,1.0
299,254,2.0
299,255,2.0
299,256,2.0
299,257,3.0
299,279,2.0
299,280,2.0
299,281,1.0
299,282,1.0
299,283,0.0
299,284,0.0
299,285,-0.0
299,286,-0.0
299,287,-0.0
299,288,0.0
299,289,1.0
299,290,2.0
299,291,3.0
299,292,5.0
299,293,6.0
299,294,7.0
299,295,9.0
299,296,10.0
299,297,11.0
299,298,12.0
299,299,14.0
299,300,127.0
299,301,127.0
299,302,127.0
299,303,127.0
299,304,127.0
299,305,127.0
299,306,127.0
299,307,127.0
299,308,127.0
299,309,127.0
299,310,127.0
299,311,127.0
299,312,138.0
299,313,162.0
299,314,194.0
299,315,172.0
299,316,172.0
299,317,172.0
299,318,172.0
299,319,172.0
299,320,172.0
299,321,172.0
299,322,132.0
299,323,127.0
299,324,127.0
299,325,127.0
299,326,127.0
299,327,137.0
299,328,140.0
299,329,127.0
299,330,127.0
299,331,127.0
299,332,127.0
299,333,127.0
299,334,127.0
299,335,127.0
299,336,127.0
299,337,129.0
299,338,127.0
299,339,127.0
299,340,127.0
299,341,127.0
299,342,127.0
299,343,127.0
299,344,127.0
299,345,127.0
299,346,127.0
299,347,127.0
299,348,128.0
299,349,128.0
299,350,128.0
299,351,128.0
299,352,128.0
299,353,128.0
299,354,128.0
299,355,128.0
299,356,128.0
299,357,128.0
299,358,128.0
299,359,128.0
299,360,128.0
299,361,128.0
299,362,129.0
299,363,129.0
299,364,129.0
300,139,35.0
300,140,40.0
300,141,32.0
300,142,32.0
300,143,45.0
300,144,32.0
300,145,32.0
300,146,32.0
300,147,32.0
300,148,32.0
300,149,32.0
300,150,32.0
300,151,32.0
300,152,32.0
300,153,32.0
300,154,32.0
300,155,32.0
300,156,32.0
300,157,32.0
300,158,32.0
300,159,32.0
300,160,32.0
300,161,32.0
300,162,32.0
300,163,32.0
300,164,32.0
300,165,32.0
300,166,32.0
300,167,32.0
300,168,32.0
300,169,32.0
300,170,32.0
300,171,41.0
300,176,0.0
300,177,0.0
300,178,0.0
300,179,0.0
300,180,0.0
300,181,0.0
300,182,0.0
300,183,0.0
300,184,-0.0
300,185,-0.0
300,186,-0.0
300,187,-0.0
300,188,-0.0
300,189,-0.0
300,190,0.0
300,191,0.0
300,192,0.0
300,193,0.0
300,194,0.0
300,195,0.0
300,196,0.0
300,197,0.0
300,198,-0.0
300,199,-0.0
300,200,-1.0
300,201,-1.0
300,202,-1.0
300,203,-0.0
300,204,0.0
300,205,0.0
300,206,0.0
300,207,0.0
300,208,0.0
300,209,0.0
300,210,0.0
300,211,0.0
300,212,0.0
300,213,0.0
300,214,0.0
300,215,0.0
300,216,-0.0
300,217,-0.0
300,218,-0.0
300,219,0.0
300,220,0.0
300,221,1.0
300,222,1.0
300,223,1.0
300,224,1.0
300,225,1.0
300,226,1.0
300,227,0.0
300,228,0.0
300,229,0.0
300,230,0.0
300,231,1.0
300,232,1.0
300,233,1.0
300,234,2.0
300,235,2.0
300,236,2.0
300,237,2.0
300,238,2.0
300,239,2.0
300,240,1.0
300,241,1.0
300,242,1.0
300,243,1.0
300,244,1.0
300,245,0.0
300,246,1.0
300,247,0.0
300,248,0.0
300,249,0.0
300,250,0.0
300,251,0.0
300,252,0.0
300,253,1.0
300,254,1.0
300,255,2.0
300,256,3.0
300,257,3.0
300,258,3.0
300,259,3.0
300,260,3.0
300,261,2.0
300,262,2.0
300,263,1.0
300,264,2.0
300,265,2.0
300,266,2.0
300,267,2.0
300,268,2.0
300,269,2.0
300,270,2.0
300,271,1.0
300,272,1.0
300,273,1.0
300,274,1.0
300,275,1.0
300,276,2.0
300,277,2.0
300,278,1.0
300,279,1.0
300,280,1.0
300,281,1.0
300,282,1.0
300,283,0.0
300,284,0.0
300,285,-0.0
300,286,-0.0
300,287,-0.0
300,288,-0.0
300,289,1.0
300,290,2.0
300,291,4.0
300,292,5.0
300,293,6.0
300,294,7.0
300,295,8.0
300,296,10.0
300,297,11.0
300,298,13.0
300,299,14.0
300,300,127.0
300,301,127.0
300,302,127.0
300,303,127.0
300,304,127.0
300,305,127.0
300,306,127.0
300,307,127.0
300,308,127.0
300,309,127.0
300,310,127.0
300,311,127.0
300,312,127.0
300,313,127.0
300,314,127.0
300,315,127.0
300,316,127.0
300,317,127.0
300,318,127.0
300,319,127.0
300,320,130.0
300,321,150.0
300,322,127.0
300,323,127.0
300,324,131.0
300,325,127.0
300,326,127.0
300,327,136.0
300,328,127.0
300,329,133.0
300,330,127.0
300,331,127.0
300,332,127.0
300,333,127.0
300,334,127.0
300,335,127.0
300,336,127.0
300,337,127.0
300,338,127.0
300,339,127.0
300,340,127.0
300,341,127.0
300,342,127.0
300,343,127.0
300,344,127.0
300,345,127.0
300,346,127.0
300,347,155.0
300,348,156.0
300,349,128.0
300,350,128.0
300,351,128.0
300,352,128.0
300,353,128.0
300,354,128.0
300,355,128.0
300,356,128.0
300,357,128.0
300,358,128.0
300,359,128.0
300,361,128.0
300,362,128.0
300,364,129.0
301,141,32.0
301,143,52.0
301,146,39.0
301,147,32.0
301,148,32.0
301,149,32.0
301,150,32.0
301,152,70.0
301,153,32.0
301,154,32.0
301,155,55.0
301,156,84.0
301,157,74.0
301,158,32.0
301,159,32.0
301,160,32.0
301,161,32.0
301,162,32.0
301,163,32.0
301,164,35.0
301,165,37.0
301,166,32.0
301,167,32.0
301,168,38.0
301,169,33.0
301,170,34.0
301,171,32.0
301,172,50.0
301,176,-1.0
301,177,-0.0
301,178,-0.0
301,179,-0.0
301,180,-0.0
301,181,0.0
301,182,1.0
301,183,1.0
301,184,1.0
301,185,1.0
301,186,-0.0
301,187,-1.0
301,188,-0.0
301,189,-0.0
301,190,0.0
301,191,0.0
301,192,-1.0
301,193,-0.0
301,194,-0.0
301,195,0.0
301,196,0.0
301,197,0.0
301,198,-0.0
301,199,-0.0
301,200,-1.0
301,201,-1.0
301,202,-1.0
301,203,0.0
301,204,1.0
301,205,1.0
301,206,1.0
301,207,1.0
301,208,1.0
301,209,1.0
301,210,1.0
301,211,1.0
301,212,1.0
301,213,1.0
301,214,1.0
301,215,1.0
301,216,1.0
301,217,1.0
301,218,1.0
301,219,1.0
301,220,1.0
301,221,1.0
301,222,1.0
301,223,1.0
301,224,1.0
301,225,1.0
301,226,1.0
301,227,1.0
301,228,1.0
301,229,1.0
301,230,1.0
301,231,1.0
301,232,1.0
301,233,1.0
301,234,1.0
301,235,1.0
301,236,2.0
301,237,1.0
301,238,2.0
301,239,1.0
301,240,1.0
301,241,1.0
301,242,1.0
301,243,1.0
301,244,1.0
301,245,1.0
301,246,1.0
301,247,1.0
301,248,1.0
301,249,1.0
301,250,1.0
301,251,1.0
301,252,1.0
301,253,1.0
301,254,1.0
301,255,1.0
301,256,2.0
301,257,3.0
301,258,2.0
301,259,3.0
301,260,2.0
301,261,2.0
301,262,1.0
301,263,1.0
301,264,1.0
301,265,1.0
301,266,2.0
301,267,2.0
301,268,2.0
301,269,1.0
301,270,2.0
301,271,1.0
301,272,1.0
301,273,1.0
301,274,1.0
301,275,1.0
301,276,1.0
301,277,1.0
301,278,1.0
301,279,1.0
301,280,1.0
301,281,1.0
301,282,0.0
301,283,0.0
301,284,-0.0
301,285,-0.0
301,286,-0.0
301,287,-0.0
301,288,-0.0
301,289,1.0
301,290,2.0
301,291,3.0
301,292,4.0
301,293,6.0
301,294,7.0
301,295,8.0
301,296,10.0
301,297,10.0
301,298,12.0
301,299,14.0
301,300,127.0
301,301,127.0
301,302,127.0
301,303,127.0
301,304,127.0
301,305,127.0
301,306,127.0
301,307,127.0
301,308,127.0
301,309,127.0
301,310,127.0
301,311,127.0
301,312,127.0
301,313,127.0
301,314,127.0
301,315,127.0
301,316,127.0
301,317,127.0
301,318,127.0
301,319,127.0
301,320,127.0
301,321,127.0
301,322,127.0
301,323,127.0
301,324,127.0
301,325,127.0
301,326,128.0
301,327,133.0
301,328,131.0
301,329,134.0
301,330,135.0
301,331,151.0
301,332,129.0
301,333,127.0
301,334,127.0
301,335,127.0
301,336,127.0
301,337,127.0
301,338,127.0
301,339,127.0
301,340,127.0
301,341,127.0
301,342,127.0
301,343,127.0
301,344,167.0
301,345,173.0
301,346,180.0
301,350,128.0
301,351,128.0
301,352,128.0
301,353,128.0
301,355,128.0
301,356,128.0
301,357,128.0
301,358,128.0
301,359,128.0
301,362,128.0
301,364,129.0
302,126,-181.0
302,127,-180.0
302,128,-177.0
302,129,-176.0
302,130,-174.0
302,131,-172.0
302,132,-168.0
302,133,-166.0
302,134,-163.0
302,135,-160.0
302,136,-156.0
302,137,-152.0
302,138,-149.0
302,139,-144.0
302,140,-141.0
302,141,-135.0
302,142,-131.0
302,143,-127.0
302,144,-121.0
302,145,-117.0
302,146,-113.0
302,147,-109.0
302,148,-105.0
302,149,-99.0
302,150,-96.0
302,151,-91.0
302,152,-86.0
302,153,-82.0
302,154,-77.0
302,155,-72.0
302,156,-69.0
302,157,-64.0
302,158,-59.0
302,159,-55.0
302,160,-50.0
302,161,-46.0
302,162,-41.0
302,163,-39.0
302,164,-33.0
302,165,-29.0
302,166,-25.0
302,167,-21.0
302,168,10.0
302,169,31.0
302,170,35.0
302,171,1.0
302,172,-8.0
302,173,-7.0
302,174,-5.0
302,175,-3.0
302,176,-2.0
302,177,-2.0
302,178,-1.0
302,179,-1.0
302,180,-0.0
302,181,33.0
302,182,1.0
302,183,1.0
302,184,1.0
302,185,1.0
302,186,-1.0
302,187,-3.0
302,188,-3.0
302,189,-3.0
302,190,-3.0
302,191,-3.0
302,192,-3.0
302,193,-3.0
302,194,-3.0
302,195,-3.0
302,196,-3.0
302,197,-3.0
302,198,-3.0
302,199,-3.0
302,200,-4.0
302,201,-2.0
302,202,-1.0
302,203,0.0
302,204,1.0
302,205,1.0
302,206,1.0
302,207,1.0
302,208,1.0
302,209,1.0
302,210,1.0
302,211,1.0
302,212,1.0
302,213,1.0
302,214,1.0
302,215,1.0
302,216,1.0
302,217,1.0
302,218,1.0
302,219,1.0
302,220,1.0
302,221,1.0
302,222,1.0
302,223,1.0
302,224,1.0
302,225,1.0
302,226,1.0
302,227,1.0
302,228,1.0
302,229,1.0
302,230,1.0
302,231,1.0
302,232,1.0
302,233,1.0
302,234,1.0
302,235,1.0
302,236,1.0
302,237,1.0
302,238,1.0
302,239,1.0
302,240,1.0
302,241,1.0
302,242,1.0
302,243,1.0
302,244,1.0
302,245,1.0
302,246,1.0
302,247,1.0
302,248,1.0
302,249,1.0
302,250,1.0
302,251,1.0
302,252,1.0
302,253,1.0
302,254,1.0
302,255,1.0
302,256,1.0
302,257,1.0
302,258,1.0
302,259,1.0
302,260,1.0
302,261,1.0
302,262,1.0
302,263,1.0
302,264,1.0
302,265,1.0
302,266,1.0
302,267,1.0
302,268,1.0
302,269,1.0
302,270,1.0
302,271,1.0
302,272,1.0
302,273,1.0
302,274,1.0
302,275,1.0
302,276,1.0
302,277,1.0
302,278,1.0
302,279,1.0
302,280,1.0
302,281,1.0
302,282,0.0
302,283,-0.0
302,284,-1.0
302,285,-1.0
302,286,-1.0
302,287,-0.0
302,288,0.0
302,289,1.0
302,290,1.0
302,291,2.0
302,292,3.0
302,293,5.0
302,294,6.0
302,295,8.0
302,296,9.0
302,297,11.0
302,298,12.0
302,299,14.0
302,300,16.0
302,301,18.0
302,302,98.0
302,303,23.0
302,304,26.0
302,305,82.0
302,306,123.0
302,307,127.0
302,308,122.0
302,309,130.0
302,310,127.0
302,311,127.0
302,312,127.0
302,313,59.0
302,314,63.0
302,315,67.0
302,316,69.0
302,317,72.0
302,318,74.0
302,319,77.0
302,320,80.0
302,321,81.0
302,322,109.0
302,323,129.0
302,324,130.0
302,325,127.0
302,326,127.0
302,327,94.0
302,328,97.0
302,329,138.0
302,330,129.0
302,331,131.0
302,332,127.0
302,333,131.0
302,334,127.0
302,335,127.0
302,336,127.0
302,337,127.0
302,338,127.0
302,339,127.0
302,340,127.0
302,341,127.0
302,342,127.0
302,343,127.0
302,352,129.0
302,353,129.0
302,355,129.0
302,356,129.0
302,357,129.0
302,358,129.0
302,362,129.0
303,126,-181.0
303,127,-179.0
303,128,-178.0
303,129,-175.0
303,130,-174.0
303,131,-172.0
303,132,-169.0
303,133,-166.0
303,134,-163.0
303,135,-159.0
303,136,-155.0
303,137,-151.0
303,138,-147.0
303,139,-144.0
303,140,-140.0
303,141,-135.0
303,142,-133.0
303,143,-128.0
303,144,-123.0
303,145,-116.0
303,146,-114.0
303,147,-99.0
303,148,-104.0
303,149,-24.0
303,150,-96.0
303,151,-90.0
303,152,-86.0
303,153,-83.0
303,154,-77.0
303,155,-73.0
303,156,-67.0
303,157,-64.0
303,158,-60.0
303,159,-56.0
303,160,-51.0
303,161,-47.0
303,162,-42.0
303,163,-37.0
303,164,-34.0
303,165,-29.0
303,166,-25.0
303,167,-21.0
303,168,-19.0
303,169,-16.0
303,170,-13.0
303,171,-10.0
303,172,-9.0
303,173,-7.0
303,174,-6.0
303,175,-4.0
303,176,-3.0
303,177,-2.0
303,178,-1.0
303,179,-1.0
303,180,-0.0
303,181,0.0
303,182,1.0
303,183,1.0
303,184,1.0
303,185,1.0
303,186,-1.0
303,187,-2.0
303,188,-4.0
303,189,-5.0
303,190,-5.0
303,191,-5.0
303,192,-5.0
303,193,-5.0
303,194,-5.0
303,195,-5.0
303,196,-5.0
303,197,-5.0
303,198,-5.0
303,199,-5.0
303,200,-5.0
303,201,-4.0
303,202,-2.0
303,203,-0.0
303,204,1.0
303,205,1.0
303,206,1.0
303,207,1.0
303,208,1.0
303,209,1.0
303,210,1.0
303,211,1.0
303,212,1.0
303,213,1.0
303,214,1.0
303,215,1.0
303,216,1.0
303,217,1.0
303,218,1.0
303,219,1.0
303,220,1.0
303,221,1.0
303,222,1.0
303,223,1.0
303,224,1.0
303,225,1.0
303,226,1.0
303,227,1.0
303,228,1.0
303,229,1.0
303,230,1.0
303,231,1.0
303,232,1.0
303,233,1.0
303,234,1.0
303,235,1.0
303,236,1.0
303,237,1.0
303,238,1.0
303,239,1.0
303,240,1.0
303,241,1.0
303,242,1.0
303,243,1.0
303,244,1.0
303,245,1.0
303,246,1.0
303,247,1.0
303,248,1.0
303,249,1.0
303,250,1.0
303,251,1.0
303,252,1.0
303,253,1.0
303,254,1.0
303,255,1.0
303,256,1.0
303,257,1.0
303,258,1.0
303,259,1.0
303,260,1.0
303,261,1.0
303,262,1.0
303,263,1.0
303,264,1.0
303,265,1.0
303,266,1.0
303,267,1.0
303,268,1.0
303,269,1.0
303,270,1.0
303,271,1.0
303,272,1.0
303,273,1.0
303,274,1.0
303,275,1.0
303,276,1.0
303,277,1.0
303,278,1.0
303,279,1.0
303,280,1.0
303,281,1.0
303,282,-0.0
303,283,-1.0
303,284,-2.0
303,285,-1.0
303,286,-1.0
303,287,-0.0
303,288,0.0
303,289,1.0
303,290,1.0
303,291,1.0
303,292,2.0
303,293,3.0
303,294,4.0
303,295,6.0
303,296,8.0
303,297,10.0
303,298,12.0
303,299,14.0
303,300,15.0
303,301,17.0
303,302,18.0
303,303,23.0
303,304,26.0
303,305,76.0
303,306,79.0
303,307,82.0
303,308,84.0
303,309,87.0
303,310,95.0
303,311,90.0
303,312,105.0
303,313,60.0
303,314,63.0
303,315,66.0
303,316,69.0
303,317,71.0
303,318,73.0
303,319,76.0
303,320,79.0
303,321,81.0
303,322,83.0
303,323,85.0
303,324,88.0
303,325,90.0
303,326,92.0
303,327,94.0
303,328,96.0
303,329,98.0
303,330,100.0
303,331,103.0
303,332,104.0
303,333,106.0
303,334,108.0
303,335,109.0
303,336,111.0
303,337,113.0
303,338,115.0
303,339,117.0
303,340,119.0
303,341,121.0
303,342,122.0
303,343,123.0
303,351,129.0
303,352,129.0
303,353,129.0
303,354,129.0
303,355,129.0
303,356,129.0
303,357,129.0
303,358,129.0
303,362,129.0
304,126,-181.0
304,127,-107.0
304,128,-143.0
304,129,-176.0
304,130,-174.0
304,131,-172.0
304,132,-169.0
304,133,-167.0
304,134,-162.0
304,135,-160.0
304,136,-157.0
304,137,-152.0
304,138,-147.0
304,139,-142.0
304,140,-141.0
304,141,-136.0
304,142,-130.0
304,143,-126.0
304,144,-120.0
304,145,-119.0
304,146,-113.0
304,147,-109.0
304,148,-102.0
304,149,-84.0
304,150,-94.0
304,151,-90.0
304,152,-85.0
304,153,-80.0
304,154,-78.0
304,155,-73.0
304,156,-68.0
304,157,-63.0
304,158,-60.0
304,159,-56.0
304,160,-51.0
304,161,-46.0
304,162,-42.0
304,163,-38.0
304,164,-34.0
304,165,-29.0
304,166,-25.0
304,167,-22.0
304,168,-20.0
304,169,-16.0
304,170,-13.0
304,171,-10.0
304,172,-8.0
304,173,-7.0
304,174,-6.0
304,175,-5.0
304,176,-4.0
304,177,-2.0
304,178,-1.0
304,179,-1.0
304,180,-0.0
304,181,0.0
304,182,1.0
304,183,1.0
304,184,1.0
304,185,1.0
304,186,-1.0
304,187,-3.0
304,188,-5.0
304,189,-5.0
304,190,-5.0
304,191,-5.0
304,192,-5.0
304,193,-5.0
304,194,-5.0
304,195,-5.0
304,196,-5.0
304,197,-5.0
304,198,-5.0
304,199,-5.0
304,200,-5.0
304,201,-3.0
304,202,-2.0
304,203,-0.0
304,204,1.0
304,205,1.0
304,206,1.0
304,207,1.0
304,208,1.0
304,209,1.0
304,210,1.0
304,211,1.0
304,212,1.0
304,213,1.0
304,214,1.0
304,215,1.0
304,216,1.0
304,217,1.0
304,218,1.0
304,219,1.0
304,220,1.0
304,221,1.0
304,222,1.0
304,223,1.0
304,224,1.0
304,225,1.0
304,226,1.0
304,227,1.0
304,228,1.0
304,229,1.0
304,230,1.0
304,231,1.0
304,232,1.0
304,233,1.0
304,234,1.0
304,235,1.0
304,236,1.0
304,237,1.0
304,238,1.0
304,239,1.0
304,240,1.0
304,241,1.0
304,242,1.0
304,243,1.0
304,244,1.0
304,245,1.0
304,246,1.0
304,247,1.0
304,248,1.0
304,249,1.0
304,250,1.0
304,251,1.0
304,252,1.0
304,253,1.0
304,254,1.0
304,255,1.0
304,256,1.0
304,257,1.0
304,258,1.0
304,259,1.0
304,260,1.0
304,261,1.0
304,262,1.0
304,263,1.0
304,264,1.0
304,265,1.0
304,266,1.0
304,267,1.0
304,268,1.0
304,269,1.0
304,270,1.0
304,271,1.0
304,272,1.0
304,273,1.0
304,274,1.0
304,275,1.0
304,276,1.0
304,277,1.0
304,278,1.0
304,279,1.0
304,280,1.0
304,281,1.0
304,282,-0.0
304,283,-1.0
304,284,-2.0
304,285,-1.0
304,286,-1.0
304,287,-0.0
304,288,0.0
304,289,1.0
304,290,1.0
304,291,2.0
304,292,2.0
304,293,3.0
304,294,3.0
304,295,5.0
304,296,5.0
304,297,7.0
304,298,10.0
304,299,12.0
304,300,14.0
304,301,17.0
304,302,19.0
304,303,22.0
304,304,26.0
304,305,77.0
304,306,79.0
304,307,95.0
304,308,92.0
304,309,121.0
304,310,118.0
304,311,102.0
304,312,98.0
304,313,56.0
304,314,60.0
304,315,62.0
304,316,65.0
304,317,68.0
304,318,70.0
304,319,73.0
304,320,76.0
304,321,79.0
304,322,82.0
304,323,83.0
304,324,86.0
304,325,89.0
304,326,91.0
304,327,94.0
304,328,96.0
304,329,98.0
304,330,100.0
304,331,102.0
304,332,104.0
304,333,106.0
304,334,107.0
304,335,109.0
304,336,111.0
304,337,113.0
304,338,114.0
304,339,115.0
304,340,117.0
304,341,119.0
304,342,121.0
304,343,122.0
304,344,167.0
304,351,129.0
304,352,129.0
304,354,129.0
304,355,129.0
304,356,129.0
304,357,129.0
304,361,129.0
305,126,-182.0
305,127,-180.0
305,128,-179.0
305,129,-177.0
305,130,-175.0
305,131,-173.0
305,132,-171.0
305,133,-169.0
305,134,-165.0
305,135,-164.0
305,136,-160.0
305,137,-155.0
305,138,-151.0
305,139,-147.0
305,140,-143.0
305,141,-141.0
305,142,-135.0
305,143,-131.0
305,144,-126.0
305,145,-120.0
305,146,-52.0
305,147,-110.0
305,148,-107.0
305,149,-104.0
305,150,-98.0
305,151,-93.0
305,152,-91.0
305,153,-86.0
305,154,-81.0
305,155,-77.0
305,156,-72.0
305,157,-67.0
305,158,-61.0
305,159,-58.0
305,160,-54.0
305,161,-50.0
305,162,-45.0
305,163,-41.0
305,164,-36.0
305,165,-33.0
305,166,-27.0
305,167,-25.0
305,168,-22.0
305,169,-19.0
305,170,-16.0
305,171,-13.0
305,172,-13.0
305,173,-11.0
305,174,-9.0
305,175,-7.0
305,176,-6.0
305,177,-5.0
305,178,-5.0
305,179,-4.0
305,180,-3.0
305,181,-3.0
305,182,-2.0
305,183,-2.0
305,184,-2.0
305,185,-3.0
305,186,-3.0
305,187,-5.0
305,188,-8.0
305,189,-8.0
305,190,-8.0
305,191,-8.0
305,192,-7.0
305,193,-8.0
305,194,-8.0
305,195,-7.0
305,196,-7.0
305,197,-7.0
305,198,-7.0
305,199,-7.0
305,200,-7.0
305,201,-7.0
305,202,-5.0
305,203,-3.0
305,204,-4.0
305,205,-3.0
305,206,-3.0
305,207,-3.0
305,208,-3.0
305,209,-2.0
305,210,-2.0
305,211,-3.0
305,212,-2.0
305,213,-3.0
305,214,-2.0
305,215,-2.0
305,216,-3.0
305,217,-2.0
305,218,-2.0
305,219,-2.0
305,220,-2.0
305,221,-2.0
305,222,-4.0
305,223,-2.0
305,224,-1.0
305,225,-2.0
305,226,-3.0
305,227,-2.0
305,228,-2.0
305,229,-2.0
305,230,-1.0
305,231,-2.0
305,232,-2.0
305,233,-2.0
305,234,-0.0
305,235,-2.0
305,236,-2.0
305,237,-2.0
305,238,-1.0
305,239,-2.0
305,240,-2.0
305,241,-2.0
305,242,-2.0
305,243,-1.0
305,244,-2.0
305,245,-1.0
305,246,-2.0
305,247,-1.0
305,248,-2.0
305,249,-2.0
305,250,-2.0
305,251,-2.0
305,252,-2.0
305,253,-1.0
305,254,-2.0
305,255,-1.0
305,256,-2.0
305,257,-1.0
305,258,-2.0
305,259,-2.0
305,260,-2.0
305,261,-1.0
305,262,-1.0
305,263,-1.0
305,264,-1.0
305,265,-1.0
305,266,-1.0
305,267,-0.0
305,268,-1.0
305,269,-1.0
305,270,-1.0
305,271,-1.0
305,272,-1.0
305,273,-1.0
305,274,-1.0
305,275,-1.0
305,276,-2.0
305,277,-0.0
305,278,-1.0
305,279,-0.0
305,280,-2.0
305,281,-2.0
305,282,-2.0
305,283,-3.0
305,284,-2.0
305,285,-3.0
305,286,-2.0
305,287,-1.0
305,288,-0.0
305,289,0.0
305,290,1.0
305,291,1.0
305,292,2.0
305,293,3.0
305,294,3.0
305,295,3.0
305,296,4.0
305,297,6.0
305,298,9.0
305,299,11.0
305,300,13.0
305,301,17.0
305,302,19.0
305,303,23.0
305,304,25.0
305,305,28.0
305,306,32.0
305,307,34.0
305,308,39.0
305,309,40.0
305,310,43.0
305,311,48.0
305,312,51.0
305,313,55.0
305,314,59.0
305,315,61.0
305,316,64.0
305,317,67.0
305,318,70.0
305,319,72.0
305,320,75.0
305,321,78.0
305,322,81.0
305,323,83.0
305,324,86.0
305,325,88.0
305,326,90.0
305,327,93.0
305,328,95.0
305,329,98.0
305,330,100.0
305,331,102.0
305,332,104.0
305,333,105.0
305,334,107.0
305,335,109.0
305,336,111.0
305,337,113.0
305,338,114.0
305,339,116.0
305,340,118.0
305,341,120.0
305,342,120.0
305,343,122.0
305,345,167.0
305,346,166.0
305,351,129.0
305,352,129.0
305,353,129.0
305,354,129.0
305,355,129.0
305,356,129.0
305,357,129.0
305,360,129.0
306,126,-182.0
306,127,-180.0
306,128,-139.0
306,129,-177.0
306,130,-174.0
306,131,-173.0
306,132,-171.0
306,133,-169.0
306,134,-168.0
306,135,-165.0
306,136,-162.0
306,137,-156.0
306,138,-156.0
306,139,-151.0
306,140,-147.0
306,141,-144.0
306,142,-140.0
306,143,-134.0
306,144,-130.0
306,145,-123.0
306,146,-122.0
306,147,-117.0
306,148,-114.0
306,149,-108.0
306,150,-103.0
306,151,-98.0
306,152,-93.0
306,153,-90.0
306,154,-86.0
306,155,-81.0
306,156,-77.0
306,157,-73.0
306,158,-68.0
306,159,-63.0
306,160,-58.0
306,161,-53.0
306,162,-49.0
306,163,-46.0
306,164,-42.0
306,165,-38.0
306,166,-32.0
306,167,-30.0
306,168,-27.0
306,169,-23.0
306,170,-21.0
306,171,-17.0
306,172,-16.0
306,173,-15.0
306,174,-13.0
306,175,-12.0
306,176,-11.0
306,177,-9.0
306,178,-9.0
306,179,-8.0
306,180,-8.0
306,181,-8.0
306,182,-8.0
306,183,-7.0
306,184,-8.0
306,185,-8.0
306,186,-8.0
306,187,-8.0
306,188,-8.0
306,189,-8.0
306,190,-8.0
306,191,-8.0
306,192,-8.0
306,193,-8.0
306,194,-8.0
306,195,-8.0
306,196,-7.0
306,197,-8.0
306,198,-8.0
306,199,-8.0
306,200,-7.0
306,201,-8.0
306,202,-7.0
306,203,-8.0
306,204,-7.0
306,205,-7.0
306,206,-8.0
306,207,-8.0
306,208,-8.0
306,209,-7.0
306,210,-8.0
306,211,-8.0
306,212,-7.0
306,213,-7.0
306,214,-7.0
306,215,-7.0
306,216,-8.0
306,217,-8.0
306,218,-7.0
306,219,-7.0
306,220,-7.0
306,221,-7.0
306,222,-7.0
306,223,-7.0
306,224,-7.0
306,225,-7.0
306,226,-7.0
306,227,-7.0
306,228,-7.0
306,229,-7.0
306,230,-7.0
306,231,-6.0
306,232,-7.0
306,233,-7.0
306,234,-7.0
306,235,-7.0
306,236,-7.0
306,237,-7.0
306,238,-6.0
306,239,-6.0
306,240,-6.0
306,241,-6.0
306,242,-6.0
306,243,-6.0
306,244,-6.0
306,245,-6.0
306,246,-6.0
306,247,-6.0
306,248,-6.0
306,249,-6.0
306,250,-6.0
306,251,-7.0
306,252,-7.0
306,253,-6.0
306,254,-6.0
306,255,-6.0
306,256,-7.0
306,257,-6.0
306,258,-6.0
306,259,-6.0
306,260,-5.0
306,261,-6.0
306,262,-6.0
306,263,-7.0
306,264,-7.0
306,265,-6.0
306,266,-6.0
306,267,-6.0
306,268,-6.0
306,269,-6.0
306,270,-6.0
306,271,-5.0
306,272,-6.0
306,273,-5.0
306,274,-6.0
306,275,-5.0
306,276,-5.0
306,277,-5.0
306,278,-5.0
306,279,-6.0
306,280,-6.0
306,281,-6.0
306,282,-6.0
306,283,-5.0
306,284,-5.0
306,285,-4.0
306,286,-4.0
306,287,-3.0
306,288,-3.0
306,289,-2.0
306,290,-2.0
306,291,-1.0
306,292,-1.0
306,293,-1.0
306,294,0.0
306,295,1.0
306,296,2.0
306,297,3.0
306,298,6.0
306,299,8.0
306,300,11.0
306,301,15.0
306,302,15.0
306,303,20.0
306,304,23.0
306,305,26.0
306,306,28.0
306,307,32.0
306,308,36.0
306,309,38.0
306,310,41.0
306,311,45.0
306,312,48.0
306,313,52.0
306,314,56.0
306,315,59.0
306,316,62.0
306,317,65.0
306,318,68.0
306,319,70.0
306,320,73.0
306,321,76.0
306,322,78.0
306,323,80.0
306,324,84.0
306,325,87.0
306,326,89.0
306,327,91.0
306,328,93.0
306,329,96.0
306,330,98.0
306,331,100.0
306,332,101.0
306,333,102.0
306,334,105.0
306,335,108.0
306,336,109.0
306,337,108.0
306,338,110.0
306,339,113.0
306,340,114.0
306,341,117.0
306,342,117.0
306,343,119.0
306,347,170.0
306,351,127.0
306,352,127.0
306,353,127.0
306,354,126.0
306,355,128.0
306,357,127.0
306,359,127.0
307,126,-182.0
307,127,-179.0
307,128,-178.0
307,129,-177.0
307,130,-174.0
307,131,-172.0
307,132,-172.0
307,133,-169.0
307,134,-168.0
307,135,-166.0
307,136,-163.0
307,137,-158.0
307,138,-154.0
307,139,-153.0
307,140,-148.0
307,141,-144.0
307,142,-138.0
307,143,-135.0
307,144,-130.0
307,145,-126.0
307,146,-122.0
307,147,-118.0
307,148,-113.0
307,149,-109.0
307,150,-106.0
307,151,-100.0
307,152,-95.0
307,153,-91.0
307,154,-87.0
307,155,-82.0
307,156,-78.0
307,157,-73.0
307,158,-68.0
307,159,-64.0
307,160,-59.0
307,161,-57.0
307,162,-50.0
307,163,-46.0
307,164,-42.0
307,165,-37.0
307,166,-33.0
307,167,-31.0
307,168,-27.0
307,169,-24.0
307,170,-21.0
307,171,-19.0
307,172,-16.0
307,173,-15.0
307,174,-13.0
307,175,-12.0
307,176,-11.0
307,177,-10.0
307,178,-9.0
307,179,-9.0
307,180,-9.0
307,181,-9.0
307,182,-9.0
307,183,-9.0
307,184,-9.0
307,185,-9.0
307,186,-9.0
307,187,-9.0
307,188,-9.0
307,189,-9.0
307,190,-9.0
307,191,-9.0
307,192,-9.0
307,193,-8.0
307,194,-8.0
307,195,-8.0
307,196,-8.0
307,197,-8.0
307,198,-8.0
307,199,-8.0
307,200,-8.0
307,201,-8.0
307,202,-8.0
307,203,-8.0
307,204,-8.0
307,205,-8.0
307,206,-8.0
307,207,-8.0
307,208,-8.0
307,209,-8.0
307,210,-8.0
307,211,-8.0
307,212,-8.0
307,213,-9.0
307,214,-9.0
307,215,-9.0
307,216,-9.0
307,217,-9.0
307,218,-9.0
307,219,-9.0
307,220,-9.0
307,221,-8.0
307,222,-8.0
307,223,-8.0
307,224,-8.0
307,225,-8.0
307,226,-8.0
307,227,-8.0
307,228,-8.0
307,229,-8.0
307,230,-7.0
307,231,-7.0
307,232,-7.0
307,233,-7.0
307,234,-7.0
307,235,-7.0
307,236,-7.0
307,237,-7.0
307,238,-6.0
307,239,-6.0
307,240,-6.0
307,241,-6.0
307,242,-6.0
307,243,-6.0
307,244,-6.0
307,245,-6.0
307,246,-6.0
307,247,-6.0
307,248,-6.0
307,249,-6.0
307,250,-7.0
307,251,-7.0
307,252,-7.0
307,253,-7.0
307,254,-7.0
307,255,-7.0
307,256,-7.0
307,257,-7.0
307,258,-7.0
307,259,-7.0
307,260,-7.0
307,261,-7.0
307,262,-7.0
307,263,-7.0
307,264,-7.0
307,265,-7.0
307,266,-7.0
307,267,-7.0
307,268,-7.0
307,269,-7.0
307,270,-6.0
307,271,-6.0
307,272,-6.0
307,273,-6.0
307,274,-6.0
307,275,-6.0
307,276,-6.0
307,277,-6.0
307,278,-6.0
307,279,-6.0
307,280,-6.0
307,281,-6.0
307,282,-6.0
307,283,-6.0
307,284,-5.0
307,285,-5.0
307,286,-4.0
307,287,-4.0
307,288,-4.0
307,289,-3.0
307,290,-3.0
307,291,-3.0
307,292,-2.0
307,293,-1.0
307,294,-0.0
307,295,0.0
307,296,1.0
307,297,3.0
307,298,5.0
307,299,7.0
307,300,9.0
307,301,11.0
307,302,13.0
307,303,15.0
307,304,19.0
307,305,22.0
307,306,25.0
307,307,29.0
307,308,31.0
307,309,34.0
307,310,37.0
307,311,41.0
307,312,44.0
307,313,48.0
307,314,51.0
307,315,53.0
307,316,57.0
307,317,60.0
307,318,62.0
307,319,66.0
307,320,68.0
307,321,71.0
307,322,73.0
307,323,76.0
307,324,79.0
307,325,82.0
307,326,84.0
307,327,87.0
307,328,88.0
307,329,91.0
307,330,92.0
307,331,94.0
307,332,96.0
307,333,99.0
307,334,100.0
307,335,102.0
307,336,103.0
307,337,106.0
307,338,107.0
307,339,108.0
307,340,111.0
307,341,114.0
307,342,113.0
307,343,114.0
307,348,174.0
307,351,121.0
307,352,122.0
307,353,121.0
307,354,122.0
307,355,122.0
307,356,121.0
307,357,122.0
307,358,122.0
307,359,122.0
307,360,123.0
308,126,-182.0
308,127,-180.0
308,128,-178.0
308,129,-176.0
308,130,-175.0
308,131,-172.0
308,132,-171.0
308,133,-169.0
308,134,-168.0
308,135,-164.0
308,136,-161.0
308,137,-160.0
308,138,-156.0
308,139,-152.0
308,140,-148.0
308,141,-143.0
308,142,-138.0
308,143,-134.0
308,144,-131.0
308,145,-127.0
308,146,-123.0
308,147,-120.0
308,148,-114.0
308,149,-110.0
308,150,-104.0
308,151,-99.0
308,152,-95.0
308,153,-92.0
308,154,-87.0
308,155,-82.0
308,156,-78.0
308,157,-73.0
308,158,-68.0
308,159,-65.0
308,160,-62.0
308,161,-57.0
308,162,-52.0
308,163,-47.0
308,164,-43.0
308,165,-38.0
308,166,-34.0
308,167,-31.0
308,168,-29.0
308,169,-25.0
308,170,-22.0
308,171,-19.0
308,172,-16.0
308,173,-15.0
308,174,-13.0
308,175,-13.0
308,176,-11.0
308,177,-11.0
308,178,-10.0
308,179,-10.0
308,180,-9.0
308,181,-9.0
308,182,-9.0
308,183,-9.0
308,184,-9.0
308,185,-9.0
308,186,-9.0
308,187,-9.0
308,188,-9.0
308,189,-9.0
308,190,-9.0
308,191,-9.0
308,192,-9.0
308,193,-9.0
308,194,-9.0
308,195,-8.0
308,196,-9.0
308,197,-8.0
308,198,-8.0
308,199,-8.0
308,200,-8.0
308,201,-8.0
308,202,-8.0
308,203,-8.0
308,204,-8.0
308,205,-9.0
308,206,-9.0
308,207,-9.0
308,208,-9.0
308,209,-9.0
308,210,-9.0
308,211,-9.0
308,212,-9.0
308,213,-9.0
308,214,-9.0
308,215,-9.0
308,216,-10.0
308,217,-10.0
308,218,-10.0
308,219,-10.0
308,220,-9.0
308,221,-9.0
308,222,-9.0
308,223,-9.0
308,224,-9.0
308,225,-8.0
308,226,-8.0
308,227,-8.0
308,228,-8.0
308,229,-8.0
308,230,-8.0
308,231,-7.0
308,232,-7.0
308,233,-7.0
308,234,-7.0
308,235,-7.0
308,236,-7.0
308,237,-7.0
308,238,-6.0
308,239,-6.0
308,240,-6.0
308,241,-6.0
308,242,-6.0
308,243,-6.0
308,244,-6.0
308,245,-6.0
308,246,-6.0
308,247,-6.0
308,248,-6.0
308,249,-7.0
308,250,-7.0
308,251,-7.0
308,252,-7.0
308,253,-7.0
308,254,-7.0
308,255,-7.0
308,256,-7.0
308,257,-7.0
308,258,-7.0
308,259,-7.0
308,260,-7.0
308,261,-7.0
308,262,-7.0
308,263,-7.0
308,264,-7.0
308,265,-7.0
308,266,-7.0
308,267,-7.0
308,268,-7.0
308,269,-7.0
308,270,-7.0
308,271,-7.0
308,272,-7.0
308,273,-7.0
308,274,-7.0
308,275,-7.0
308,276,-7.0
308,277,-7.0
308,278,-7.0
308,279,-7.0
308,280,-7.0
308,281,-7.0
308,282,-7.0
308,283,-6.0
308,284,-6.0
308,285,-5.0
308,286,-5.0
308,287,-5.0
308,288,-4.0
308,289,-4.0
308,290,-4.0
308,291,-4.0
308,292,-3.0
308,293,-2.0
308,294,-1.0
308,295,-0.0
308,296,1.0
308,297,2.0
308,298,5.0
308,299,7.0
308,300,8.0
308,301,11.0
308,302,13.0
308,303,15.0
308,304,18.0
308,305,20.0
308,306,23.0
308,307,26.0
308,308,29.0
308,309,32.0
308,310,36.0
308,311,39.0
308,312,42.0
308,313,44.0
308,314,48.0
308,315,50.0
308,316,54.0
308,317,57.0
308,318,60.0
308,319,62.0
308,320,65.0
308,321,68.0
308,322,70.0
308,323,73.0
308,324,76.0
308,325,77.0
308,326,80.0
308,327,83.0
308,328,85.0
308,329,88.0
308,330,91.0
308,331,93.0
308,332,95.0
308,333,97.0
308,334,99.0
308,335,100.0
308,336,103.0
308,337,105.0
308,338,107.0
308,339,108.0
308,341,112.0
308,342,113.0
308,349,118.0
308,350,119.0
308,351,119.0
308,352,120.0
308,353,120.0
308,354,121.0
308,355,121.0
308,356,121.0
308,357,121.0
308,358,121.0
308,359,122.0
308,360,122.0
308,361,122.0
309,126,-182.0
309,127,-180.0
309,129,-176.0
309,130,-175.0
309,131,-172.0
309,132,-100.0
309,133,-169.0
309,134,-168.0
309,135,-164.0
309,136,-163.0
309,137,-159.0
309,138,-155.0
309,139,-151.0
309,140,-148.0
309,141,-118.0
309,142,-138.0
309,143,-137.0
309,144,-131.0
309,145,-127.0
309,146,-123.0
309,147,-118.0
309,148,-114.0
309,149,-108.0
309,150,-104.0
309,151,-99.0
309,152,-97.0
309,153,-93.0
309,154,-87.0
309,155,-83.0
309,156,-79.0
309,157,-75.0
309,158,-71.0
309,159,-65.0
309,160,-61.0
309,161,-56.0
309,162,-52.0
309,163,-48.0
309,164,-44.0
309,165,-40.0
309,166,-36.0
309,167,-32.0
309,168,-30.0
309,169,-26.0
309,170,-22.0
309,171,-20.0
309,172,-16.0
309,173,-15.0
309,174,-14.0
309,175,-13.0
309,176,-12.0
309,177,-11.0
309,178,-11.0
309,179,-10.0
309,180,-10.0
309,181,-10.0
309,182,-10.0
309,183,-9.0
309,184,-10.0
309,185,-9.0
309,186,-9.0
309,187,-9.0
309,188,-9.0
309,189,-9.0
309,190,-8.0
309,191,-8.0
309,192,-8.0
309,193,-8.0
309,194,-8.0
309,195,-8.0
309,196,-8.0
309,197,-9.0
309,198,-9.0
309,199,-9.0
309,200,-9.0
309,201,-9.0
309,202,-9.0
309,203,-9.0
309,204,-9.0
309,205,-9.0
309,206,-9.0
309,207,-9.0
309,208,-9.0
309,209,-9.0
309,210,-9.0
309,211,-10.0
309,212,-10.0
309,213,-10.0
309,214,-10.0
309,215,-10.0
309,216,-10.0
309,217,-10.0
309,218,-10.0
309,219,-11.0
309,220,-10.0
309,221,-10.0
309,222,-10.0
309,223,-9.0
309,224,-9.0
309,225,-9.0
309,226,-8.0
309,227,-8.0
309,228,-8.0
309,229,-8.0
309,230,-8.0
309,231,-7.0
309,232,-7.0
309,233,-7.0
309,234,-7.0
309,235,-7.0
309,236,-7.0
309,237,-7.0
309,238,-7.0
309,239,-6.0
309,240,-6.0
309,241,-6.0
309,242,-6.0
309,243,-6.0
309,244,-6.0
309,245,-6.0
309,246,-6.0
309,247,-6.0
309,248,-7.0
309,249,-7.0
309,250,-7.0
309,251,-7.0
309,252,-8.0
309,253,-8.0
309,254,-8.0
309,255,-7.0
309,256,-7.0
309,257,-7.0
309,258,-7.0
309,259,-7.0
309,260,-7.0
309,261,-8.0
309,262,-7.0
309,263,-8.0
309,264,-8.0
309,265,-7.0
309,266,-7.0
309,267,-7.0
309,268,-7.0
309,269,-7.0
309,270,-7.0
309,271,-7.0
309,272,-7.0
309,273,-7.0
309,274,-7.0
309,275,-7.0
309,276,-7.0
309,277,-7.0
309,278,-7.0
309,279,-7.0
309,280,-7.0
309,281,-7.0
309,282,-7.0
309,283,-7.0
309,284,-6.0
309,285,-6.0
309,286,-6.0
309,287,-5.0
309,288,-5.0
309,289,-5.0
309,290,-5.0
309,291,-4.0
309,292,-4.0
309,293,-3.0
309,294,-3.0
309,295,-2.0
309,296,0.0
309,297,2.0
309,298,4.0
309,299,5.0
309,300,7.0
309,301,9.0
309,302,11.0
309,303,14.0
309,304,16.0
309,305,18.0
309,306,22.0
309,307,24.0
309,308,27.0
309,309,30.0
309,310,34.0
309,311,37.0
309,312,40.0
309,313,43.0
309,314,46.0
309,315,49.0
309,316,52.0
309,317,54.0
309,318,57.0
309,319,60.0
309,320,63.0
309,321,65.0
309,322,68.0
309,323,71.0
309,324,73.0
309,325,76.0
309,326,79.0
309,327,81.0
309,328,84.0
309,329,86.0
309,330,89.0
309,331,92.0
309,332,95.0
309,333,96.0
309,334,98.0
309,335,101.0
309,336,102.0
309,337,105.0
309,338,107.0
309,339,108.0
309,340,110.0
309,341,112.0
309,342,113.0
309,343,114.0
309,344,115.0
309,345,115.0
309,346,116.0
309,347,117.0
309,348,117.0
309,349,118.0
309,350,118.0
309,351,119.0
309,352,119.0
309,353,120.0
309,356,121.0
309,357,121.0
309,361,121.0
310,126,-182.0
310,127,-180.0
310,128,-179.0
310,129,-177.0
310,130,-175.0
310,131,-173.0
310,132,-171.0
310,133,-169.0
310,134,-168.0
310,135,-165.0
310,136,-161.0
310,137,-158.0
310,138,-155.0
310,139,-151.0
310,140,-149.0
310,141,-143.0
310,142,-140.0
310,143,-136.0
310,144,-131.0
310,145,-127.0
310,146,-123.0
310,147,-119.0
310,148,-113.0
310,149,-108.0
310,150,-105.0
310,151,-101.0
310,152,-96.0
310,153,-90.0
310,154,-88.0
310,155,-84.0
310,156,-78.0
310,157,-75.0
310,158,-71.0
310,159,-67.0
310,160,-61.0
310,161,-58.0
310,162,-53.0
310,163,-49.0
310,164,-43.0
310,165,-40.0
310,166,-37.0
310,167,-33.0
310,168,-30.0
310,169,-27.0
310,170,-23.0
310,171,-20.0
310,172,-16.0
310,173,-15.0
310,174,-14.0
310,175,-14.0
310,176,-12.0
310,177,-12.0
310,178,-11.0
310,179,-11.0
310,180,-11.0
310,181,-10.0
310,182,-10.0
310,183,-10.0
310,184,-10.0
310,185,-9.0
310,186,-9.0
310,187,-9.0
310,188,-8.0
310,189,-8.0
310,190,-8.0
310,191,-8.0
310,192,-8.0
310,193,-8.0
310,194,-8.0
310,195,-8.0
310,196,-8.0
310,197,-8.0
310,198,-8.0
310,199,-9.0
310,200,-9.0
310,201,-9.0
310,202,-9.0
310,203,-9.0
310,204,-9.0
310,205,-9.0
310,206,-9.0
310,207,-10.0
310,208,-10.0
310,209,-10.0
310,210,-10.0
310,211,-10.0
310,212,-10.0
310,213,-10.0
310,214,-10.0
310,215,-10.0
310,216,-10.0
310,217,-11.0
310,218,-11.0
310,219,-11.0
310,220,-11.0
310,221,-11.0
310,222,-10.0
310,223,-10.0
310,224,-10.0
310,225,-9.0
310,226,-9.0
310,227,-8.0
310,228,-8.0
310,229,-8.0
310,230,-8.0
310,231,-8.0
310,232,-7.0
310,233,-7.0
310,234,-7.0
310,235,-7.0
310,236,-7.0
310,237,-7.0
310,238,-7.0
310,239,-7.0
310,240,-6.0
310,241,-6.0
310,242,-6.0
310,243,-6.0
310,244,-6.0
310,245,-7.0
310,246,-7.0
310,247,-7.0
310,248,-7.0
310,249,-7.0
310,250,-7.0
310,251,-8.0
310,252,-8.0
310,253,-8.0
310,254,-8.0
310,255,-8.0
310,256,-8.0
310,257,-8.0
310,258,-8.0
310,259,-8.0
310,260,-8.0
310,261,-8.0
310,262,-8.0
310,263,-8.0
310,264,-8.0
310,265,-8.0
310,266,-8.0
310,267,-8.0
310,268,-8.0
310,269,-8.0
310,270,-8.0
310,271,-8.0
310,272,-8.0
310,273,-8.0
310,274,-8.0
310,275,-8.0
310,276,-8.0
310,277,-8.0
310,278,-8.0
310,279,-8.0
310,280,-8.0
310,281,-8.0
310,282,-8.0
310,283,-8.0
310,284,-7.0
310,285,-7.0
310,286,-6.0
310,287,-6.0
310,288,-5.0
310,289,-6.0
310,290,-5.0
310,291,-5.0
310,292,-5.0
310,293,-5.0
310,294,-4.0
310,295,-2.0
310,296,-1.0
310,297,1.0
310,298,3.0
310,299,4.0
310,300,6.0
310,301,8.0
310,302,10.0
310,303,12.0
310,304,14.0
310,305,16.0
310,306,20.0
310,307,23.0
310,308,26.0
310,309,28.0
310,310,31.0
310,311,34.0
310,312,38.0
310,313,41.0
310,314,44.0
310,315,47.0
310,316,49.0
310,317,53.0
310,318,55.0
310,319,59.0
310,320,61.0
310,321,64.0
310,322,66.0
310,323,69.0
310,324,72.0
310,325,76.0
310,326,77.0
310,327,80.0
310,328,83.0
310,329,86.0
310,330,89.0
310,331,92.0
310,332,93.0
310,333,96.0
310,334,97.0
310,335,100.0
310,336,103.0
310,337,105.0
310,338,107.0
310,340,110.0
310,342,113.0
310,343,114.0
310,345,115.0
310,346,115.0
310,347,116.0
310,348,116.0
310,349,117.0
310,350,117.0
310,351,118.0
310,352,119.0
310,353,119.0
310,354,120.0
310,355,120.0
310,356,121.0
310,357,121.0
310,361,121.0
310,362,121.0
311,126,-182.0
311,127,-181.0
311,128,-178.0
311,129,-115.0
311,130,-176.0
311,131,-173.0
311,132,-172.0
311,133,-169.0
311,134,-168.0
311,135,-125.0
311,136,-163.0
311,137,-158.0
311,138,-155.0
311,139,-151.0
311,140,-149.0
311,141,-143.0
311,142,-139.0
311,143,-135.0
311,144,-131.0
311,145,-128.0
311,146,-123.0
311,147,-119.0
311,148,-114.0
311,149,-109.0
311,150,-105.0
311,151,-100.0
311,152,-96.0
311,153,-92.0
311,154,-87.0
311,155,-84.0
311,156,-80.0
311,157,-75.0
311,158,-71.0
311,159,-67.0
311,160,-61.0
311,161,-58.0
311,162,-53.0
311,163,-49.0
311,164,-44.0
311,165,-40.0
311,166,-37.0
311,167,-32.0
311,168,-29.0
311,169,-27.0
311,170,-22.0
311,171,-20.0
311,172,-16.0
311,173,-15.0
311,174,-14.0
311,175,-14.0
311,176,-13.0
311,177,-12.0
311,178,-12.0
311,179,-11.0
311,180,-11.0
311,181,-11.0
311,182,-10.0
311,183,-10.0
311,184,-10.0
311,185,-9.0
311,186,-9.0
311,187,-9.0
311,188,-8.0
311,189,-8.0
311,190,-8.0
311,191,-8.0
311,192,-8.0
311,193,-8.0
311,194,-8.0
311,195,-8.0
311,196,-8.0
311,197,-8.0
311,198,-8.0
311,199,-9.0
311,200,-9.0
311,201,-9.0
311,202,-9.0
311,203,-9.0
311,204,-9.0
311,205,-10.0
311,206,-10.0
311,207,-10.0
311,208,-10.0
311,209,-10.0
311,210,-10.0
311,211,-10.0
311,212,-11.0
311,213,-11.0
311,214,-11.0
311,215,-11.0
311,216,-11.0
311,217,-11.0
311,218,-11.0
311,219,-11.0
311,220,-11.0
311,221,-11.0
311,222,-11.0
311,223,-10.0
311,224,-10.0
311,225,-9.0
311,226,-9.0
311,227,-9.0
311,228,-8.0
311,229,-8.0
311,230,-8.0
311,231,-8.0
311,232,-7.0
311,233,-7.0
311,234,-7.0
311,235,-7.0
311,236,-7.0
311,237,-7.0
311,238,-7.0
311,239,-7.0
311,240,-7.0
311,241,-7.0
311,242,-7.0
311,243,-7.0
311,244,-7.0
311,245,-7.0
311,246,-7.0
311,247,-7.0
311,248,-7.0
311,249,-7.0
311,250,-8.0
311,251,-8.0
311,252,-8.0
311,253,-8.0
311,254,-8.0
311,255,-8.0
311,256,-8.0
311,257,-8.0
311,258,-8.0
311,259,-8.0
311,260,-8.0
311,261,-8.0
311,262,-8.0
311,263,-8.0
311,264,-8.0
311,265,-8.0
311,266,-9.0
311,267,-9.0
311,268,-9.0
311,269,-9.0
311,270,-9.0
311,271,-8.0
311,272,-8.0
311,273,-8.0
311,274,-8.0
311,275,-8.0
311,276,-9.0
311,277,-8.0
311,278,-9.0
311,279,-9.0
311,280,-9.0
311,281,-9.0
311,282,-9.0
311,283,-8.0
311,284,-8.0
311,285,-7.0
311,286,-7.0
311,287,-7.0
311,288,-7.0
311,289,-6.0
311,290,-6.0
311,291,-6.0
311,292,-6.0
311,293,-6.0
311,294,-5.0
311,295,-3.0
311,296,-2.0
311,297,0.0
311,298,1.0
311,299,3.0
311,300,5.0
311,301,7.0
311,302,9.0
311,303,10.0
311,304,13.0
311,305,15.0
311,306,18.0
311,307,21.0
311,308,24.0
311,309,27.0
311,310,30.0
311,311,32.0
311,312,36.0
311,313,39.0
311,314,43.0
311,315,46.0
311,316,49.0
311,317,52.0
311,318,54.0
311,319,56.0
311,320,61.0
311,321,63.0
311,322,65.0
311,323,68.0
311,324,71.0
311,325,74.0
311,326,77.0
311,327,80.0
311,328,82.0
311,329,85.0
311,330,89.0
311,331,90.0
311,332,93.0
311,333,95.0
311,334,98.0
311,335,101.0
311,336,103.0
311,337,104.0
311,338,107.0
311,339,108.0
311,341,112.0
311,342,113.0
311,343,114.0
311,344,114.0
311,345,115.0
311,346,115.0
311,347,116.0
311,348,116.0
311,349,116.0
311,350,117.0
311,351,118.0
311,352,118.0
311,353,119.0
311,354,119.0
311,355,120.0
311,356,120.0
311,357,120.0
311,361,121.0
312,126,-183.0
312,127,-181.0
312,128,-178.0
312,129,-176.0
312,130,-175.0
312,131,-173.0
312,132,-140.0
312,133,-169.0
312,134,-168.0
312,135,-163.0
312,136,-161.0
312,137,-157.0
312,138,-155.0
312,139,-151.0
312,140,-146.0
312,141,-135.0
312,142,-138.0
312,143,-134.0
312,144,-130.0
312,145,-128.0
312,146,-123.0
312,147,-118.0
312,148,-113.0
312,149,-108.0
312,150,-105.0
312,151,-101.0
312,152,-97.0
312,153,-92.0
312,154,-87.0
312,155,-85.0
312,156,-80.0
312,157,-75.0
312,158,-71.0
312,159,-67.0
312,160,-61.0
312,161,-59.0
312,162,-54.0
312,163,-48.0
312,164,-45.0
312,165,-42.0
312,166,-37.0
312,167,-33.0
312,168,-30.0
312,169,-26.0
312,170,-22.0
312,171,-19.0
312,172,-16.0
312,173,-16.0
312,174,-14.0
312,175,-14.0
312,176,-13.0
312,177,-13.0
312,178,-12.0
312,179,-12.0
312,180,-11.0
312,181,-11.0
312,183,-10.0
312,184,-9.0
312,185,-9.0
312,186,-9.0
312,187,-8.0
312,188,-8.0
312,189,-8.0
312,190,-8.0
312,191,-8.0
312,192,-8.0
312,193,-8.0
312,194,-8.0
312,195,-8.0
312,196,-8.0
312,197,-8.0
312,198,-8.0
312,199,-8.0
312,200,-9.0
312,201,-9.0
312,202,-9.0
312,203,-9.0
312,204,-10.0
312,205,-10.0
312,206,-10.0
312,207,-10.0
312,208,-10.0
312,209,-10.0
312,210,-11.0
312,211,-11.0
312,212,-11.0
312,213,-11.0
312,214,-11.0
312,215,-11.0
312,216,-11.0
312,217,-11.0
312,218,-11.0
312,219,-12.0
312,220,-12.0
312,221,-11.0
312,222,-11.0
312,223,-11.0
312,224,-10.0
312,225,-10.0
312,226,-9.0
312,227,-9.0
312,228,-8.0
312,229,-8.0
312,230,-8.0
312,231,-8.0
312,232,-7.0
312,233,-7.0
312,234,-7.0
312,235,-7.0
312,236,-7.0
312,237,-7.0
312,238,-7.0
312,239,-7.0
312,240,-7.0
312,241,-7.0
312,242,-7.0
312,243,-7.0
312,244,-7.0
312,245,-7.0
312,246,-7.0
312,247,-7.0
312,248,-7.0
312,249,-8.0
312,250,-8.0
312,251,-8.0
312,252,-8.0
312,253,-8.0
312,254,-8.0
312,255,-8.0
312,256,-8.0
312,257,-8.0
312,258,-8.0
312,259,-8.0
312,260,-8.0
312,261,-8.0
312,262,-8.0
312,263,-9.0
312,264,-9.0
312,265,-9.0
312,266,-9.0
312,267,-9.0
312,268,-9.0
312,269,-9.0
312,270,-9.0
312,271,-9.0
312,272,-9.0
312,273,-9.0
312,274,-9.0
312,275,-9.0
312,276,-9.0
312,277,-9.0
312,278,-9.0
312,279,-9.0
312,280,-9.0
312,281,-9.0
312,282,-9.0
312,283,-9.0
312,284,-9.0
312,285,-8.0
312,286,-8.0
312,287,-8.0
312,288,-7.0
312,289,-7.0
312,290,-7.0
312,291,-7.0
312,292,-7.0
312,293,-7.0
312,294,-6.0
312,295,-5.0
312,296,-4.0
312,297,-2.0
312,298,-0.0
312,299,2.0
312,300,4.0
312,301,7.0
312,302,7.0
312,303,10.0
312,304,12.0
312,305,14.0
312,306,16.0
312,307,20.0
312,308,23.0
312,309,24.0
312,310,28.0
312,311,32.0
312,312,34.0
312,313,38.0
312,314,41.0
312,315,44.0
312,316,48.0
312,317,50.0
312,318,53.0
312,319,56.0
312,320,59.0
312,321,62.0
312,322,65.0
312,323,67.0
312,324,70.0
312,325,73.0
312,326,76.0
312,327,77.0
312,328,81.0
312,329,84.0
312,330,87.0
312,331,90.0
312,332,105.0
312,333,95.0
312,334,97.0
312,335,100.0
312,336,103.0
312,337,104.0
312,338,106.0
312,339,108.0
312,340,110.0
312,341,111.0
312,342,113.0
312,343,114.0
312,344,114.0
312,345,114.0
312,346,115.0
312,347,115.0
312,348,115.0
312,349,116.0
312,350,117.0
312,351,117.0
312,352,118.0
312,353,119.0
312,354,125.0
312,355,119.0
312,356,120.0
312,360,121.0
313,126,-183.0
313,127,-181.0
313,128,-178.0
313,129,-177.0
313,130,-175.0
313,131,-174.0
313,132,-172.0
313,133,-170.0
313,134,-167.0
313,135,-165.0
313,136,-161.0
313,137,-158.0
313,138,-155.0
313,139,-150.0
313,140,-149.0
313,141,-145.0
313,142,-139.0
313,143,-135.0
313,144,-132.0
313,145,-112.0
313,146,-123.0
313,147,-119.0
313,148,-114.0
313,149,-110.0
313,150,-106.0
313,151,-101.0
313,152,-98.0
313,153,-93.0
313,154,-88.0
313,155,-84.0
313,156,-80.0
313,157,-75.0
313,158,-71.0
313,159,-68.0
313,160,-64.0
313,161,-59.0
313,163,-51.0
313,164,-46.0
313,165,-41.0
313,166,-38.0
313,167,-34.0
313,168,-31.0
313,169,-27.0
313,170,-23.0
313,171,-18.0
313,172,-16.0
313,173,-16.0
313,174,2.0
313,175,-14.0
313,176,-14.0
313,177,-13.0
313,178,-12.0
313,179,-12.0
313,180,-11.0
313,181,-11.0
313,182,-10.0
313,183,-10.0
313,184,-9.0
313,185,-9.0
313,186,-9.0
313,187,-8.0
313,188,-8.0
313,189,-8.0
313,190,-8.0
313,191,-8.0
313,192,-8.0
313,193,-8.0
313,194,-8.0
313,195,-8.0
313,196,-8.0
313,197,-8.0
313,198,-8.0
313,199,-8.0
313,200,-9.0
313,201,-9.0
313,202,-9.0
313,203,-9.0
313,204,-10.0
313,205,-10.0
313,206,-10.0
313,207,-10.0
313,208,-10.0
313,209,-11.0
313,210,-11.0
313,211,-11.0
313,212,-11.0
313,213,-11.0
313,214,-11.0
313,215,-11.0
313,216,-11.0
313,217,-11.0
313,218,-12.0
313,219,-12.0
313,220,-12.0
313,221,-12.0
313,222,-11.0
313,223,-11.0
313,224,-11.0
313,225,-10.0
313,226,-9.0
313,227,-9.0
313,228,-8.0
313,229,-8.0
313,230,-8.0
313,231,-8.0
313,232,-8.0
313,233,-7.0
313,234,-7.0
313,235,-7.0
313,236,-7.0
313,237,-7.0
313,238,-7.0
313,239,-7.0
313,240,-7.0
313,241,-7.0
313,242,-7.0
313,243,-7.0
313,244,-7.0
313,245,-7.0
313,246,-7.0
313,247,-8.0
313,248,-8.0
313,249,-8.0
313,250,-8.0
313,251,-8.0
313,252,-8.0
313,253,-8.0
313,254,-8.0
313,255,-8.0
313,256,-8.0
313,257,-8.0
313,258,-8.0
313,259,-8.0
313,260,-8.0
313,261,-8.0
313,262,-9.0
313,263,-9.0
313,264,-9.0
313,265,-9.0
313,266,-10.0
313,267,-10.0
313,268,-10.0
313,269,-10.0
313,270,-10.0
313,271,-10.0
313,272,-10.0
313,273,-9.0
313,274,-9.0
313,275,-9.0
313,276,-9.0
313,277,-9.0
313,278,-9.0
313,279,-9.0
313,280,-9.0
313,281,-9.0
313,282,-9.0
313,283,-9.0
313,284,-9.0
313,285,-9.0
313,286,-9.0
313,287,-8.0
313,288,-8.0
313,289,-8.0
313,290,-8.0
313,291,-8.0
313,292,-8.0
313,293,-8.0
313,294,-7.0
313,295,-6.0
313,296,-4.0
313,297,-3.0
313,298,-1.0
313,299,1.0
313,300,4.0
313,301,6.0
313,302,7.0
313,303,8.0
313,304,10.0
313,305,12.0
313,306,15.0
313,307,18.0
313,308,21.0
313,309,25.0
313,310,27.0
313,311,30.0
313,312,34.0
313,313,37.0
313,314,40.0
313,315,44.0
313,316,46.0
313,317,49.0
313,318,52.0
313,319,55.0
313,320,58.0
313,321,61.0
313,322,63.0
313,323,66.0
313,324,69.0
313,325,72.0
313,326,74.0
313,327,78.0
313,328,81.0
313,329,84.0
313,330,86.0
313,331,88.0
313,332,91.0
313,333,95.0
313,334,97.0
313,335,99.0
313,336,102.0
313,337,104.0
313,338,106.0
313,339,107.0
313,340,109.0
313,341,110.0
313,342,112.0
313,343,113.0
313,344,113.0
313,345,114.0
313,346,114.0
313,347,115.0
313,348,115.0
313,349,116.0
313,350,117.0
313,351,117.0
313,352,118.0
313,353,118.0
313,354,119.0
313,355,119.0
313,356,119.0
313,359,120.0
314,126,-183.0
314,127,-181.0
314,128,-179.0
314,129,-177.0
314,130,-175.0
314,131,-173.0
314,132,-171.0
314,133,-170.0
314,134,-168.0
314,135,-164.0
314,136,-161.0
314,137,-158.0
314,138,-156.0
314,139,-151.0
314,140,-146.0
314,141,-144.0
314,142,-140.0
314,143,-136.0
314,144,-132.0
314,145,-127.0
314,146,-122.0
314,147,-120.0
314,148,-116.0
314,149,-110.0
314,150,-105.0
314,151,-101.0
314,152,-97.0
314,153,-92.0
314,154,-89.0
314,155,-84.0
314,156,-79.0
314,157,-75.0
314,158,-71.0
314,159,-68.0
314,160,-61.0
314,161,-59.0
314,162,-54.0
314,163,-50.0
314,164,-48.0
314,165,-43.0
314,166,-39.0
314,167,-34.0
314,168,-31.0
314,169,-27.0
314,170,-22.0
314,171,-19.0
314,172,-17.0
314,173,-16.0
314,174,-15.0
314,175,-15.0
314,176,-14.0
314,177,-13.0
314,178,-12.0
314,179,-12.0
314,180,-11.0
314,181,-4.0
314,182,-10.0
314,183,-10.0
314,184,-9.0
314,185,-9.0
314,186,-9.0
314,187,-8.0
314,188,-8.0
314,189,-8.0
314,190,-8.0
314,191,-8.0
314,192,-8.0
314,193,-8.0
314,194,-8.0
314,195,-8.0
314,196,-8.0
314,197,-8.0
314,198,-8.0
314,199,-8.0
314,200,-8.0
314,201,-9.0
314,202,-9.0
314,203,-9.0
314,204,-9.0
314,205,-10.0
314,206,-10.0
314,207,-10.0
314,208,-11.0
314,209,-11.0
314,210,-11.0
314,211,-11.0
314,212,-11.0
314,213,-11.0
314,214,-11.0
314,215,-11.0
314,216,-11.0
314,217,-12.0
314,218,-12.0
314,219,-12.0
314,220,-12.0
314,221,-12.0
314,222,-12.0
314,223,-11.0
314,224,-11.0
314,225,-10.0
314,226,-10.0
314,227,-9.0
314,228,-9.0
314,229,-8.0
314,230,-8.0
314,231,-8.0
314,232,-8.0
314,233,-8.0
314,234,-7.0
314,235,-7.0
314,236,-7.0
314,237,-7.0
314,238,-7.0
314,239,-7.0
314,240,-7.0
314,241,-7.0
314,242,-7.0
314,243,-7.0
314,244,-7.0
314,245,-8.0
314,246,-8.0
314,247,-8.0
314,248,-8.0
314,249,-8.0
314,250,-8.0
314,251,-8.0
314,252,-8.0
314,253,-8.0
314,254,-8.0
314,255,-8.0
314,256,-8.0
314,257,-8.0
314,258,-8.0
314,259,-8.0
314,260,-8.0
314,261,-8.0
314,262,-9.0
314,263,-9.0
314,264,-9.0
314,265,-10.0
314,266,-10.0
314,267,-10.0
314,268,-10.0
314,269,-11.0
314,270,-10.0
314,271,-10.0
314,272,-10.0
314,273,-10.0
314,274,-10.0
314,275,-10.0
314,276,-10.0
314,277,-9.0
314,278,-9.0
314,279,-9.0
314,280,-9.0
314,281,-9.0
314,282,-9.0
314,283,-9.0
314,284,-10.0
314,285,-9.0
314,286,-9.0
314,287,-9.0
314,288,-9.0
314,289,-9.0
314,290,-9.0
314,291,-9.0
314,292,-9.0
314,293,-9.0
314,294,-8.0
314,295,-6.0
314,296,-5.0
314,297,-4.0
314,298,-1.0
314,299,0.0
314,300,2.0
314,301,4.0
314,302,6.0
314,303,8.0
314,304,10.0
314,305,11.0
314,306,14.0
314,307,17.0
314,308,21.0
314,309,25.0
314,310,26.0
314,311,30.0
314,312,34.0
314,313,37.0
314,314,40.0
314,315,43.0
314,316,46.0
314,317,49.0
314,318,52.0
314,319,54.0
314,320,57.0
314,321,61.0
314,322,63.0
314,323,65.0
314,324,68.0
314,325,72.0
314,326,74.0
314,327,78.0
314,328,80.0
314,329,84.0
314,330,86.0
314,331,88.0
314,332,91.0
314,333,94.0
314,334,96.0
314,335,99.0
314,336,101.0
314,337,104.0
314,338,106.0
314,339,106.0
314,340,108.0
314,341,121.0
314,342,112.0
314,343,113.0
314,344,113.0
314,345,114.0
314,346,115.0
314,347,115.0
314,348,117.0
314,349,117.0
314,350,117.0
314,351,118.0
314,352,119.0
314,354,120.0
314,357,120.0
314,358,120.0
315,126,-183.0
315,127,-181.0
315,128,-179.0
315,129,-177.0
315,131,-173.0
315,132,-172.0
315,133,-170.0
315,134,-168.0
315,135,-166.0
315,136,-162.0
315,137,-158.0
315,138,-155.0
315,139,-152.0
315,140,-149.0
315,141,-144.0
315,142,-140.0
315,143,-135.0
315,144,-131.0
315,145,-127.0
315,146,-123.0
315,147,-119.0
315,148,-115.0
315,149,-111.0
315,150,-105.0
315,151,-102.0
315,152,-98.0
315,153,-92.0
315,154,-89.0
315,155,-83.0
315,156,-79.0
315,157,-76.0
315,158,-71.0
315,159,-67.0
315,160,-63.0
315,161,-61.0
315,162,-53.0
315,163,-49.0
315,164,-47.0
315,165,-41.0
315,166,-38.0
315,167,-34.0
315,168,-31.0
315,169,-26.0
315,170,-22.0
315,171,-19.0
315,172,-16.0
315,173,-16.0
315,174,-15.0
315,175,-15.0
315,176,-14.0
315,177,-13.0
315,178,-12.0
315,179,-12.0
315,180,-11.0
315,181,-10.0
315,182,-10.0
315,183,14.0
315,184,-9.0
315,185,-9.0
315,186,-9.0
315,187,-8.0
315,188,-8.0
315,189,-8.0
315,190,-8.0
315,191,-8.0
315,192,-8.0
315,193,-8.0
315,194,-8.0
315,195,-8.0
315,196,-8.0
315,197,-8.0
315,198,-8.0
315,199,-8.0
315,200,-8.0
315,201,-8.0
315,202,-9.0
315,203,-9.0
315,204,-9.0
315,205,-10.0
315,206,-10.0
315,207,-10.0
315,208,-10.0
315,209,-11.0
315,210,-11.0
315,211,-11.0
315,212,-11.0
315,213,-11.0
315,214,-11.0
315,215,-11.0
315,216,-11.0
315,217,-12.0
315,218,-12.0
315,219,-12.0
315,220,-12.0
315,221,-12.0
315,222,-12.0
315,223,-11.0
315,224,-11.0
315,225,-10.0
315,226,-10.0
315,227,-10.0
315,228,-9.0
315,229,-9.0
315,230,-8.0
315,231,-8.0
315,232,-8.0
315,233,-8.0
315,234,-8.0
315,235,-8.0
315,236,-8.0
315,237,-7.0
315,238,-8.0
315,239,-8.0
315,240,-8.0
315,241,-8.0
315,242,-8.0
315,243,-8.0
315,244,-8.0
315,245,-8.0
315,246,-8.0
315,247,-8.0
315,248,-9.0
315,249,-8.0
315,250,-8.0
315,251,-8.0
315,252,-8.0
315,253,-8.0
315,254,-8.0
315,255,-8.0
315,256,-8.0
315,257,-8.0
315,258,-8.0
315,259,-8.0
315,260,-8.0
315,261,-9.0
315,262,-9.0
315,263,-9.0
315,264,-10.0
315,265,-10.0
315,266,-10.0
315,267,-10.0
315,268,-11.0
315,269,-11.0
315,270,-11.0
315,271,-10.0
315,272,-10.0
315,273,-10.0
315,274,-10.0
315,275,-10.0
315,276,-10.0
315,277,-10.0
315,278,-10.0
315,279,-10.0
315,280,-10.0
315,281,-10.0
315,282,-10.0
315,283,-10.0
315,284,-10.0
315,285,-10.0
315,286,-10.0
315,287,-10.0
315,288,-9.0
315,289,-9.0
315,290,-9.0
315,291,-9.0
315,292,-9.0
315,293,-9.0
315,294,-8.0
315,295,-7.0
315,296,-6.0
315,297,-5.0
315,298,-2.0
315,299,-2.0
315,300,0.0
315,301,3.0
315,302,4.0
315,303,7.0
315,304,9.0
315,305,11.0
315,306,15.0
315,307,17.0
315,308,21.0
315,309,24.0
315,310,27.0
315,311,30.0
315,312,33.0
315,313,36.0
315,314,39.0
315,315,42.0
315,316,46.0
315,317,49.0
315,318,51.0
315,319,54.0
315,320,57.0
315,321,59.0
315,322,63.0
315,323,66.0
315,324,67.0
315,325,72.0
315,326,75.0
315,327,77.0
315,328,80.0
315,329,82.0
315,330,86.0
315,331,88.0
315,332,91.0
315,333,94.0
315,334,96.0
315,335,98.0
315,336,100.0
315,337,103.0
315,338,106.0
315,339,106.0
315,340,109.0
315,341,110.0
315,342,112.0
315,343,113.0
315,344,113.0
315,345,115.0
315,346,115.0
315,347,117.0
315,348,117.0
315,349,118.0
315,350,118.0
315,352,119.0
315,354,120.0
315,358,120.0
316,126,-183.0
316,127,-180.0
316,128,-179.0
316,129,-177.0
316,130,-175.0
316,131,-174.0
316,132,-172.0
316,133,-170.0
316,134,-168.0
316,135,-165.0
316,136,-161.0
316,137,-159.0
316,138,-155.0
316,139,-152.0
316,140,-147.0
316,141,-124.0
316,142,-105.0
316,143,-136.0
316,144,-131.0
316,145,-129.0
316,146,-122.0
316,147,-120.0
316,148,-113.0
316,149,-110.0
316,150,-106.0
316,151,-102.0
316,152,-98.0
316,153,-93.0
316,154,-90.0
316,155,-85.0
316,156,-81.0
316,157,-76.0
316,158,-73.0
316,159,-66.0
316,160,-62.0
316,161,-59.0
316,162,-55.0
316,163,-51.0
316,164,-45.0
316,165,-41.0
316,166,-38.0
316,167,-32.0
316,168,-31.0
316,169,-26.0
316,170,-23.0
316,171,-20.0
316,173,-16.0
316,174,-15.0
316,175,-15.0
316,176,-14.0
316,177,-14.0
316,178,-13.0
316,179,-12.0
316,180,-11.0
316,181,-10.0
316,182,-10.0
316,183,-9.0
316,184,-9.0
316,185,-9.0
316,186,-8.0
316,187,-8.0
316,188,-8.0
316,189,-8.0
316,190,-8.0
316,191,-8.0
316,192,-8.0
316,193,-8.0
316,194,-8.0
316,195,-8.0
316,196,-8.0
316,197,-8.0
316,198,-8.0
316,199,-8.0
316,200,-8.0
316,201,-8.0
316,202,-8.0
316,203,-8.0
316,204,-9.0
316,205,-9.0
316,206,-10.0
316,207,-10.0
316,208,-10.0
316,209,-11.0
316,210,-11.0
316,211,-11.0
316,212,-11.0
316,213,-11.0
316,214,-11.0
316,215,-11.0
316,216,-11.0
316,217,-11.0
316,218,-12.0
316,219,-12.0
316,220,-12.0
316,221,-11.0
316,222,-11.0
316,223,-11.0
316,224,-11.0
316,225,-10.0
316,226,-10.0
316,227,-10.0
316,228,-9.0
316,229,-9.0
316,230,-9.0
316,231,-8.0
316,232,-8.0
316,233,-8.0
316,234,-8.0
316,235,-8.0
316,236,-8.0
316,237,-8.0
316,238,-8.0
316,239,-8.0
316,240,-8.0
316,241,-8.0
316,242,-8.0
316,243,-8.0
316,244,-8.0
316,245,-8.0
316,246,-9.0
316,247,-9.0
316,248,-9.0
316,249,-8.0
316,250,-8.0
316,251,-8.0
316,252,-8.0
316,253,-8.0
316,254,-8.0
316,255,-8.0
316,256,-8.0
316,257,-8.0
316,258,-8.0
316,259,-8.0
316,260,-8.0
316,261,-9.0
316,262,-9.0
316,263,-9.0
316,264,-10.0
316,265,-10.0
316,266,-10.0
316,267,-11.0
316,268,-11.0
316,269,-11.0
316,270,-11.0
316,271,-11.0
316,272,-11.0
316,273,-10.0
316,274,-10.0
316,275,-10.0
316,276,-10.0
316,277,-10.0
316,278,-10.0
316,279,-10.0
316,280,-10.0
316,281,-10.0
316,282,-10.0
316,283,-10.0
316,284,-10.0
316,285,-10.0
316,286,-10.0
316,287,-10.0
316,288,-10.0
316,289,-10.0
316,290,-10.0
316,291,-10.0
316,292,-9.0
316,293,-9.0
316,294,-9.0
316,295,-7.0
316,296,-6.0
316,297,-5.0
316,298,-4.0
316,299,-2.0
316,300,-1.0
316,301,2.0
316,302,4.0
316,303,6.0
316,304,9.0
316,305,11.0
316,306,14.0
316,307,17.0
316,308,21.0
316,309,24.0
316,310,27.0
316,311,31.0
316,312,33.0
316,313,36.0
316,314,38.0
316,315,42.0
316,316,45.0
316,317,48.0
316,318,51.0
316,319,54.0
316,320,57.0
316,321,60.0
316,322,61.0
316,323,64.0
316,324,68.0
316,325,71.0
316,326,74.0
316,327,77.0
316,328,80.0
316,329,83.0
316,330,85.0
316,331,88.0
316,332,92.0
316,333,93.0
316,334,96.0
316,335,99.0
316,336,101.0
316,337,103.0
316,338,105.0
316,339,107.0
316,340,109.0
316,341,111.0
316,342,112.0
316,343,113.0
316,344,115.0
316,345,116.0
316,346,116.0
316,347,117.0
316,348,119.0
316,349,119.0
316,350,152.0
316,351,142.0
316,352,120.0
316,353,130.0
316,354,121.0
316,359,121.0
317,126,-183.0
317,127,-178.0
317,128,-179.0
317,129,-177.0
317,130,-175.0
317,131,-174.0
317,132,-171.0
317,133,-169.0
317,134,-167.0
317,135,-164.0
317,137,-159.0
317,138,-81.0
317,139,-119.0
317,140,-116.0
317,141,-119.0
317,142,-139.0
317,143,-135.0
317,144,-132.0
317,145,-128.0
317,146,-123.0
317,147,-120.0
317,148,-115.0
317,149,-111.0
317,150,-106.0
317,151,-101.0
317,152,-97.0
317,153,-93.0
317,154,-91.0
317,155,-83.0
317,156,-81.0
317,157,-74.0
317,158,-73.0
317,159,-68.0
317,160,-62.0
317,161,-58.0
317,162,-54.0
317,163,-50.0
317,164,-46.0
317,165,-41.0
317,166,-37.0
317,167,-34.0
317,168,-31.0
317,169,-25.0
317,170,-23.0
317,171,-19.0
317,172,-16.0
317,173,-16.0
317,174,-15.0
317,175,-15.0
317,176,-14.0
317,177,-13.0
317,178,-12.0
317,179,-12.0
317,180,-11.0
317,181,-10.0
317,182,-10.0
317,183,-9.0
317,184,-9.0
317,185,-9.0
317,186,-8.0
317,187,-8.0
317,188,-8.0
317,189,-8.0
317,190,-8.0
317,191,-7.0
317,192,-7.0
317,195,-7.0
317,196,-7.0
317,197,-7.0
317,198,-8.0
317,199,-8.0
317,200,-8.0
317,201,-8.0
317,202,-8.0
317,203,-8.0
317,204,-8.0
317,205,-9.0
317,206,-9.0
317,207,-10.0
317,208,-10.0
317,209,-10.0
317,210,-11.0
317,211,-11.0
317,212,-11.0
317,213,-11.0
317,214,-11.0
317,215,-11.0
317,216,-11.0
317,217,-11.0
317,218,-11.0
317,219,-11.0
317,220,-11.0
317,221,-11.0
317,222,-11.0
317,223,-11.0
317,224,-10.0
317,225,-10.0
317,226,-10.0
317,227,-9.0
317,228,-9.0
317,229,-9.0
317,230,-9.0
317,231,-9.0
317,232,-8.0
317,233,-8.0
317,234,-8.0
317,235,-8.0
317,236,-8.0
317,237,-8.0
317,238,-8.0
317,239,-8.0
317,240,-8.0
317,241,-8.0
317,242,-8.0
317,243,-8.0
317,244,-9.0
317,245,-9.0
317,246,-9.0
317,247,-9.0
317,248,-9.0
317,249,-8.0
317,250,-8.0
317,251,-8.0
317,252,-8.0
317,253,-8.0
317,254,-8.0
317,255,-8.0
317,256,-8.0
317,257,-8.0
317,258,-8.0
317,259,-8.0
317,260,-8.0
317,261,-9.0
317,262,-9.0
317,263,-9.0
317,264,-10.0
317,265,-10.0
317,266,-10.0
317,267,-11.0
317,268,-11.0
317,269,-11.0
317,270,-11.0
317,271,-11.0
317,272,-11.0
317,273,-11.0
317,274,-11.0
317,275,-11.0
317,276,-10.0
317,277,-10.0
317,278,-10.0
317,279,-10.0
317,280,-10.0
317,281,-10.0
317,282,-10.0
317,283,-10.0
317,284,-10.0
317,285,-10.0
317,286,-10.0
317,287,-10.0
317,288,-10.0
317,289,-10.0
317,290,-10.0
317,291,-10.0
317,292,-9.0
317,293,-9.0
317,294,-8.0
317,295,-7.0
317,296,-6.0
317,297,-5.0
317,298,-4.0
317,299,-2.0
317,300,-0.0
317,301,1.0
317,302,4.0
317,303,7.0
317,304,9.0
317,305,11.0
317,306,14.0
317,307,18.0
317,308,19.0
317,309,24.0
317,310,27.0
317,311,30.0
317,312,33.0
317,313,36.0
317,314,38.0
317,315,41.0
317,316,45.0
317,317,47.0
317,318,49.0
317,319,53.0
317,320,56.0
317,321,59.0
317,322,63.0
317,323,64.0
317,324,68.0
317,325,70.0
317,326,75.0
317,327,78.0
317,328,80.0
317,329,84.0
317,330,87.0
317,331,90.0
317,332,90.0
317,333,93.0
317,334,95.0
317,335,98.0
317,337,103.0
317,338,105.0
317,341,112.0
317,342,114.0
317,343,114.0
317,344,116.0
317,345,117.0
317,346,117.0
317,347,118.0
317,348,119.0
317,352,121.0
317,354,121.0
317,355,122.0
317,359,121.0
318,126,-183.0
318,127,-157.0
318,128,-178.0
318,129,-177.0
318,131,-173.0
318,132,-172.0
318,133,-169.0
318,134,-167.0
318,135,-165.0
318,136,-161.0
318,137,-158.0
318,138,-155.0
318,139,-152.0
318,140,-148.0
318,141,-143.0
318,142,-140.0
318,143,-138.0
318,144,-131.0
318,145,-128.0
318,146,-124.0
318,147,-120.0
318,148,-116.0
318,149,-110.0
318,150,-106.0
318,151,-101.0
318,152,-97.0
318,153,-92.0
318,154,-87.0
318,155,-84.0
318,156,-79.0
318,157,-76.0
318,158,-72.0
318,159,-66.0
318,160,-62.0
318,161,-58.0
318,162,-54.0
318,163,-49.0
318,164,-45.0
318,165,-41.0
318,166,-36.0
318,167,-32.0
318,168,-29.0
318,169,-26.0
318,170,-22.0
318,171,-19.0
318,172,-17.0
318,173,-16.0
318,174,-15.0
318,175,-15.0
318,176,-14.0
318,177,-13.0
318,178,-12.0
318,179,-12.0
318,180,-11.0
318,181,-10.0
318,182,-10.0
318,183,-9.0
318,184,-9.0
318,185,-9.0
318,186,-8.0
318,187,-8.0
318,188,-8.0
318,189,-8.0
318,190,-7.0
318,191,-7.0
318,192,-7.0
318,193,-7.0
318,194,-7.0
318,195,-7.0
318,196,-7.0
318,197,-7.0
318,198,-7.0
318,199,-7.0
318,200,-7.0
318,201,-8.0
318,202,-7.0
318,203,-8.0
318,204,-8.0
318,205,-8.0
318,206,-9.0
318,207,-9.0
318,208,-10.0
318,209,-10.0
318,210,-10.0
318,211,-10.0
318,212,-10.0
318,213,-10.0
318,214,-11.0
318,215,-11.0
318,216,-10.0
318,217,-10.0
318,218,-10.0
318,219,-10.0
318,220,-10.0
318,221,-10.0
318,222,-9.0
318,223,-10.0
318,224,-9.0
318,225,-10.0
318,226,-9.0
318,227,-9.0
318,228,-9.0
318,229,-9.0
318,230,-9.0
318,231,-9.0
318,232,-9.0
318,233,-9.0
318,234,-9.0
318,235,-9.0
318,236,-8.0
318,237,-8.0
318,238,-8.0
318,239,-8.0
318,240,-8.0
318,241,-9.0
318,242,-9.0
318,243,-9.0
318,244,-9.0
318,245,-9.0
318,246,-9.0
318,247,-9.0
318,248,-8.0
318,249,-8.0
318,250,-8.0
318,251,-8.0
318,252,-8.0
318,253,-8.0
318,254,-8.0
318,255,-8.0
318,256,-8.0
318,257,-7.0
318,258,-8.0
318,259,-8.0
318,260,-8.0
318,261,-8.0
318,262,-9.0
318,263,-9.0
318,264,-9.0
318,265,-10.0
318,266,-10.0
318,267,-10.0
318,268,-11.0
318,269,-11.0
318,270,-11.0
318,271,-11.0
318,272,-11.0
318,273,-11.0
318,274,-11.0
318,275,-11.0
318,276,-10.0
318,277,-10.0
318,278,-10.0
318,279,-10.0
318,280,-10.0
318,281,-10.0
318,282,-10.0
318,283,-10.0
318,284,-10.0
318,285,-10.0
318,286,-10.0
318,287,-10.0
318,288,-10.0
318,289,-10.0
318,290,-10.0
318,291,-10.0
318,292,-9.0
318,293,-9.0
318,294,-9.0
318,295,-7.0
318,296,-6.0
318,297,-5.0
318,298,-3.0
318,299,-2.0
318,300,-1.0
318,301,2.0
318,302,4.0
318,303,6.0
318,304,9.0
318,305,11.0
318,306,15.0
318,307,16.0
318,308,21.0
318,309,23.0
318,310,26.0
318,311,29.0
318,312,32.0
318,313,35.0
318,314,38.0
318,315,42.0
318,316,44.0
318,317,47.0
318,318,49.0
318,319,52.0
318,320,56.0
318,321,59.0
318,322,62.0
318,323,65.0
318,324,67.0
318,325,71.0
318,326,75.0
318,327,78.0
318,328,80.0
318,329,83.0
318,330,87.0
318,331,89.0
318,332,92.0
318,333,93.0
318,334,96.0
318,335,99.0
318,336,102.0
318,337,104.0
318,339,108.0
318,340,110.0
318,341,112.0
318,342,114.0
318,343,115.0
318,344,116.0
318,345,117.0
318,346,118.0
318,351,122.0
318,352,122.0
318,353,122.0
318,354,122.0
318,356,122.0
318,357,122.0
318,360,122.0
318,361,122.0
319,126,-183.0
319,127,-181.0
319,128,-179.0
319,129,-177.0
319,130,-175.0
319,132,-113.0
319,133,-132.0
319,134,-167.0
319,135,-163.0
319,137,-157.0
319,138,-155.0
319,139,-151.0
319,140,-131.0
319,141,-145.0
319,142,-139.0
319,143,-137.0
319,144,-133.0
319,146,-124.0
319,147,-119.0
319,148,-114.0
319,149,-111.0
319,150,-106.0
319,151,-102.0
319,152,-96.0
319,153,-92.0
319,154,-87.0
319,155,-84.0
319,156,-80.0
319,157,-74.0
319,158,-70.0
319,159,-66.0
319,160,-60.0
319,161,-56.0
319,162,-54.0
319,163,-48.0
319,164,-43.0
319,165,-40.0
319,166,-35.0
319,167,-32.0
319,168,-28.0
319,169,-26.0
319,170,-22.0
319,171,-18.0
319,172,-16.0
319,173,-16.0
319,174,-15.0
319,175,-14.0
319,176,-14.0
319,177,-13.0
319,178,-12.0
319,179,-12.0
319,180,-11.0
319,181,-11.0
319,182,-10.0
319,183,-9.0
319,184,-9.0
319,185,-9.0
319,186,-8.0
319,187,-8.0
319,188,-8.0
319,189,-7.0
319,190,-7.0
319,191,-7.0
319,192,-7.0
319,193,-7.0
319,194,-7.0
319,195,-7.0
319,196,-7.0
319,197,-7.0
319,198,-7.0
319,199,-7.0
319,200,-7.0
319,201,-7.0
319,202,-7.0
319,203,-7.0
319,204,-8.0
319,205,-8.0
319,206,-8.0
319,207,-8.0
319,208,-9.0
319,209,-9.0
319,210,-9.0
319,211,-10.0
319,212,-10.0
319,213,-10.0
319,214,-10.0
319,215,-10.0
319,216,-10.0
319,217,-10.0
319,218,-9.0
319,219,-10.0
319,220,-9.0
319,221,-9.0
319,222,-9.0
319,223,-8.0
319,224,-8.0
319,225,-8.0
319,226,-8.0
319,227,-9.0
319,228,-9.0
319,229,-9.0
319,230,-9.0
319,231,-9.0
319,232,-9.0
319,233,-9.0
319,234,-8.0
319,235,-9.0
319,236,-9.0
319,237,-9.0
319,238,-9.0
319,239,-9.0
319,240,-9.0
319,241,-9.0
319,242,-9.0
319,243,-9.0
319,244,-9.0
319,245,-9.0
319,246,-8.0
319,247,-8.0
319,248,-8.0
319,249,-8.0
319,250,-8.0
319,251,-8.0
319,252,-7.0
319,253,-7.0
319,254,-7.0
319,255,-7.0
319,256,-7.0
319,257,-7.0
319,258,-7.0
319,259,-7.0
319,260,-8.0
319,261,-8.0
319,262,-8.0
319,263,-9.0
319,264,-9.0
319,265,-9.0
319,266,-10.0
319,267,-10.0
319,268,-10.0
319,269,-10.0
319,270,-11.0
319,271,-11.0
319,272,-11.0
319,273,-11.0
319,274,-11.0
319,275,-11.0
319,276,-11.0
319,277,-10.0
319,278,-10.0
319,279,-10.0
319,280,-10.0
319,281,-10.0
319,282,-10.0
319,283,-10.0
319,284,-10.0
319,285,-10.0
319,286,-10.0
319,287,-10.0
319,288,-10.0
319,289,-10.0
319,290,-10.0
319,291,-10.0
319,292,-9.0
319,293,-9.0
319,294,-9.0
319,295,-8.0
319,296,-6.0
319,297,-5.0
319,298,-4.0
319,299,-2.0
319,300,-1.0
319,301,2.0
319,302,4.0
319,303,6.0
319,304,9.0
319,305,13.0
319,306,16.0
319,307,16.0
319,308,20.0
319,309,23.0
319,310,28.0
319,311,30.0
319,312,33.0
319,313,36.0
319,314,38.0
319,315,41.0
319,316,44.0
319,317,47.0
319,318,50.0
319,319,52.0
319,320,56.0
319,321,59.0
319,322,62.0
319,323,65.0
319,324,68.0
319,325,72.0
319,326,74.0
319,327,78.0
319,328,81.0
319,329,84.0
319,330,87.0
319,331,89.0
319,332,92.0
319,334,96.0
319,335,98.0
319,336,101.0
319,337,103.0
319,338,106.0
319,339,108.0
319,340,110.0
319,341,113.0
319,342,114.0
319,343,115.0
319,344,116.0
319,351,122.0
319,353,123.0
319,357,123.0
319,361,122.0
320,126,-183.0
320,128,-180.0
320,129,-177.0
320,130,-135.0
320,131,-115.0
320,134,-168.0
320,135,-166.0
320,136,-163.0
320,137,-158.0
320,138,-155.0
320,139,-151.0
320,140,-148.0
320,141,-143.0
320,142,-138.0
320,143,-133.0
320,144,-130.0
320,145,-124.0
320,146,-120.0
320,148,-112.0
320,149,-107.0
320,150,-103.0
320,151,-99.0
320,152,-92.0
320,153,-88.0
320,154,-84.0
320,155,-80.0
320,156,-75.0
320,157,-71.0
320,158,-66.0
320,159,-63.0
320,160,-58.0
320,161,-53.0
320,162,-50.0
320,163,-44.0
320,164,-40.0
320,165,-35.0
320,166,-32.0
320,167,-27.0
320,168,-27.0
320,169,-23.0
320,170,-21.0
320,171,-16.0
320,173,-16.0
320,174,-15.0
320,175,-15.0
320,176,-14.0
320,177,-13.0
320,178,-12.0
320,179,-11.0
320,180,-11.0
320,181,-10.0
320,182,-10.0
320,183,-9.0
320,184,-9.0
320,185,-8.0
320,186,-8.0
320,187,-8.0
320,188,-8.0
320,189,-7.0
320,190,-7.0
320,191,-6.0
320,192,-5.0
320,193,-4.0
320,194,-3.0
320,195,-4.0
320,196,-7.0
320,197,-7.0
320,198,-5.0
320,199,-7.0
320,200,-6.0
320,201,-7.0
320,202,-6.0
320,203,-5.0
320,204,-7.0
320,205,-6.0
320,206,-6.0
320,207,-7.0
320,208,-7.0
320,209,-6.0
320,210,-4.0
320,211,-5.0
320,212,-6.0
320,213,-6.0
320,214,-6.0
320,215,-6.0
320,216,-6.0
320,217,-5.0
320,218,-5.0
320,219,-6.0
320,220,-4.0
320,221,-6.0
320,222,-5.0
320,223,-6.0
320,224,-6.0
320,225,-6.0
320,226,-6.0
320,227,-5.0
320,228,-6.0
320,229,-5.0
320,230,-4.0
320,231,-5.0
320,232,-5.0
320,233,-5.0
320,234,-5.0
320,235,-6.0
320,236,-5.0
320,237,-5.0
320,238,-5.0
320,239,-5.0
320,240,-5.0
320,241,-6.0
320,242,-5.0
320,243,-5.0
320,244,-5.0
320,245,-4.0
320,246,-5.0
320,247,-5.0
320,248,-4.0
320,249,-4.0
320,250,-4.0
320,251,-4.0
320,252,-3.0
320,253,-3.0
320,254,-3.0
320,255,-3.0
320,256,-4.0
320,257,-4.0
320,258,-4.0
320,259,-4.0
320,260,-3.0
320,261,-5.0
320,262,-8.0
320,263,-8.0
320,264,-8.0
320,265,-9.0
320,266,-9.0
320,267,-10.0
320,268,-10.0
320,269,-10.0
320,270,-10.0
320,271,-10.0
320,272,-10.0
320,273,-10.0
320,274,-10.0
320,275,-10.0
320,276,-10.0
320,277,-10.0
320,278,-10.0
320,279,-10.0
320,280,-10.0
320,281,-10.0
320,282,-10.0
320,283,-10.0
320,284,-10.0
320,285,-10.0
320,286,-10.0
320,287,-10.0
320,288,-10.0
320,289,-10.0
320,290,-10.0
320,291,-10.0
320,292,-9.0
320,293,-9.0
320,294,-9.0
320,295,-7.0
320,296,-6.0
320,297,-5.0
320,298,-3.0
320,299,-3.0
320,300,0.0
320,301,2.0
320,302,5.0
320,303,7.0
320,304,9.0
320,305,12.0
320,306,16.0
320,307,18.0
320,308,21.0
320,309,24.0
320,310,27.0
320,311,30.0
320,312,33.0
320,313,35.0
320,314,38.0
320,315,41.0
320,316,45.0
320,317,48.0
320,318,51.0
320,319,53.0
320,320,56.0
320,321,59.0
320,322,63.0
320,323,66.0
320,324,68.0
320,325,71.0
320,330,88.0
320,331,89.0
320,332,92.0
320,333,94.0
320,335,99.0
320,336,101.0
320,337,104.0
320,338,106.0
320,339,107.0
320,340,111.0
320,341,113.0
320,342,115.0
320,343,116.0
320,353,124.0
320,358,123.0
320,359,125.0
320,361,123.0
321,126,-183.0
321,127,-179.0
321,128,-178.0
321,129,-177.0
321,130,-142.0
321,131,-175.0
321,132,-172.0
321,133,-170.0
321,134,-165.0
321,135,-164.0
321,136,-161.0
321,138,-151.0
321,139,-147.0
321,140,-142.0
321,141,-138.0
321,142,-133.0
321,143,-129.0
321,144,-117.0
321,145,-116.0
321,146,-117.0
321,147,-95.0
321,148,-107.0
321,149,-101.0
321,150,-98.0
321,151,-93.0
321,152,-88.0
321,153,-84.0
321,154,-81.0
321,155,-74.0
321,156,-70.0
321,157,-65.0
321,158,-62.0
321,159,-56.0
321,160,-52.0
321,161,-47.0
321,162,-44.0
321,163,-40.0
321,164,-35.0
321,165,-31.0
321,166,-29.0
321,167,-25.0
321,168,-22.0
321,169,-19.0
321,170,-14.0
321,171,-15.0
321,172,-12.0
321,173,-11.0
321,174,-10.0
321,175,-11.0
321,176,-13.0
321,177,-13.0
321,178,-12.0
321,179,-11.0
321,180,-11.0
321,181,-10.0
321,182,-10.0
321,183,-9.0
321,184,-9.0
321,185,-8.0
321,186,-8.0
321,187,-8.0
321,188,-7.0
321,189,-7.0
321,190,-4.0
321,191,-2.0
321,192,-1.0
321,193,-1.0
321,194,-1.0
321,195,-1.0
321,196,-1.0
321,197,-3.0
321,198,-3.0
321,199,-1.0
321,200,-0.0
321,201,-2.0
321,202,-1.0
321,203,-1.0
321,204,-1.0
321,205,-2.0
321,206,-2.0
321,207,-2.0
321,208,-2.0
321,209,-1.0
321,210,-1.0
321,211,-2.0
321,212,-2.0
321,213,-1.0
321,214,-2.0
321,215,-1.0
321,216,-0.0
321,217,-0.0
321,218,-1.0
321,219,-1.0
321,220,-1.0
321,221,-1.0
321,222,-0.0
321,223,-1.0
321,224,-2.0
321,225,-2.0
321,226,-1.0
321,227,-2.0
321,228,-0.0
321,229,-0.0
321,230,-1.0
321,231,-1.0
321,232,-0.0
321,233,-0.0
321,234,-1.0
321,235,-1.0
321,236,-1.0
321,237,-1.0
321,238,-0.0
321,239,-1.0
321,240,-1.0
321,241,-1.0
321,242,0.0
321,243,0.0
321,244,0.0
321,245,0.0
321,246,0.0
321,247,0.0
321,248,1.0
321,249,-0.0
321,250,1.0
321,251,1.0
321,252,1.0
321,253,0.0
321,254,1.0
321,255,1.0
321,256,1.0
321,257,1.0
321,258,1.0
321,259,1.0
321,260,1.0
321,261,-1.0
321,262,-4.0
321,263,-8.0
321,264,14.0
321,265,-8.0
321,266,-9.0
321,267,-9.0
321,268,-9.0
321,269,-10.0
321,270,-10.0
321,271,-10.0
321,272,-10.0
321,273,-10.0
321,274,-10.0
321,275,-10.0
321,276,-10.0
321,277,-10.0
321,278,-10.0
321,279,-10.0
321,280,-10.0
321,281,-10.0
321,282,-10.0
321,283,-10.0
321,284,-10.0
321,285,-10.0
321,286,-10.0
321,287,-10.0
321,288,-10.0
321,289,-10.0
321,290,-10.0
321,291,-10.0
321,292,-9.0
321,293,-9.0
321,294,-8.0
321,295,-8.0
321,296,-6.0
321,297,-4.0
321,298,-3.0
321,299,-2.0
321,300,-0.0
321,301,2.0
321,302,5.0
321,303,7.0
321,304,10.0
321,305,13.0
321,306,15.0
321,307,19.0
321,308,22.0
321,309,24.0
321,310,27.0
321,311,31.0
321,312,34.0
321,313,36.0
321,314,39.0
321,315,42.0
321,316,45.0
321,317,47.0
321,318,51.0
321,319,54.0
321,320,56.0
321,321,59.0
321,322,63.0
321,323,65.0
321,330,88.0
321,331,91.0
321,332,92.0
321,333,96.0
321,334,97.0
321,335,100.0
321,336,102.0
321,338,109.0
321,340,114.0
321,341,113.0
321,342,115.0
321,343,117.0
321,344,120.0
321,353,128.0
321,360,126.0
321,361,126.0
322,126,-181.0
322,127,-147.0
322,128,-111.0
322,129,-176.0
322,130,-174.0
322,131,-172.0
322,135,-160.0
322,136,-133.0
322,138,-122.0
322,139,-144.0
322,140,-124.0
322,141,-125.0
322,142,-118.0
322,143,-125.0
322,144,-121.0
322,145,-116.0
322,146,-115.0
322,147,-96.0
322,148,-104.0
322,149,-99.0
322,150,-96.0
322,151,-90.0
322,152,-85.0
322,153,-83.0
322,154,-77.0
322,155,-74.0
322,156,-67.0
322,157,-63.0
322,158,-60.0
322,159,-56.0
322,160,-50.0
322,161,-46.0
322,162,-42.0
322,163,-38.0
322,164,-34.0
322,165,-29.0
322,166,-25.0
322,167,-23.0
322,168,-19.0
322,169,-16.0
322,170,-13.0
322,171,-11.0
322,172,-9.0
322,173,-9.0
322,174,-9.0
322,175,-9.0
322,176,-9.0
322,177,-13.0
322,178,-12.0
322,179,-12.0
322,180,-11.0
322,181,-10.0
322,182,-9.0
322,183,-9.0
322,184,-8.0
322,185,-8.0
322,186,-8.0
322,187,-7.0
322,188,-7.0
322,189,-3.0
322,190,0.0
322,191,1.0
322,192,1.0
322,193,1.0
322,194,1.0
322,195,1.0
322,196,1.0
322,197,1.0
322,198,1.0
322,199,1.0
322,200,1.0
322,201,1.0
322,202,1.0
322,203,1.0
322,204,1.0
322,205,1.0
322,206,1.0
322,207,1.0
322,208,1.0
322,209,1.0
322,210,1.0
322,211,1.0
322,212,1.0
322,213,1.0
322,214,1.0
322,215,1.0
322,216,1.0
322,217,1.0
322,218,1.0
322,219,1.0
322,220,1.0
322,221,1.0
322,222,1.0
322,223,1.0
322,224,1.0
322,225,1.0
322,226,1.0
322,227,1.0
322,228,1.0
322,229,1.0
322,230,1.0
322,231,1.0
322,232,1.0
322,233,1.0
322,234,1.0
322,235,1.0
322,236,1.0
322,237,1.0
322,238,1.0
322,239,1.0
322,240,1.0
322,241,1.0
322,242,1.0
322,243,1.0
322,244,1.0
322,245,1.0
322,246,1.0
322,247,1.0
322,248,1.0
322,249,1.0
322,250,1.0
322,251,1.0
322,252,1.0
322,253,1.0
322,254,1.0
322,255,1.0
322,256,1.0
322,257,1.0
322,258,1.0
322,259,1.0
322,260,1.0
322,261,1.0
322,262,-0.0
322,263,-4.0
322,264,-8.0
322,265,-8.0
322,266,-8.0
322,267,-9.0
322,268,-9.0
322,269,-10.0
322,270,-10.0
322,271,-10.0
322,272,-10.0
322,273,-10.0
322,274,-10.0
322,275,-10.0
322,276,-10.0
322,277,-10.0
322,278,-10.0
322,279,-10.0
322,280,-10.0
322,281,-10.0
322,282,-10.0
322,283,-10.0
322,284,-10.0
322,285,-10.0
322,286,-10.0
322,287,-10.0
322,288,-10.0
322,289,-10.0
322,290,-10.0
322,291,-9.0
322,292,-9.0
322,293,-9.0
322,294,-8.0
322,295,-7.0
322,296,-6.0
322,297,-5.0
322,298,16.0
322,299,1.0
322,300,3.0
322,301,6.0
322,302,7.0
322,303,13.0
322,304,14.0
322,305,20.0
322,306,21.0
322,307,22.0
322,308,25.0
322,309,28.0
322,310,29.0
322,311,33.0
322,312,36.0
322,313,38.0
322,314,40.0
322,315,45.0
322,316,48.0
322,317,51.0
322,318,54.0
322,319,57.0
322,320,59.0
322,321,66.0
322,322,67.0
322,323,69.0
322,324,72.0
322,325,76.0
322,326,80.0
322,327,83.0
322,328,86.0
322,329,89.0
322,330,90.0
322,331,93.0
322,332,94.0
322,333,96.0
322,334,102.0
322,339,115.0
322,340,115.0
323,126,-181.0
323,127,-179.0
323,128,-178.0
323,129,-176.0
323,130,-174.0
323,132,-170.0
323,133,-167.0
323,134,-163.0
323,135,-159.0
323,136,-157.0
323,137,-153.0
323,138,-148.0
323,139,-145.0
323,140,-139.0
323,141,-135.0
323,142,-130.0
323,143,-122.0
323,144,-121.0
323,145,-117.0
323,146,-112.0
323,147,-85.0
323,148,-94.0
323,149,-98.0
323,150,-95.0
323,151,-92.0
323,152,-86.0
323,153,-83.0
323,154,-77.0
323,155,-73.0
323,156,-69.0
323,157,-64.0
323,158,-59.0
323,159,-55.0
323,160,-50.0
323,161,-46.0
323,162,-42.0
323,163,-38.0
323,164,-34.0
323,165,-30.0
323,166,-24.0
323,167,-22.0
323,168,-19.0
323,169,-17.0
323,170,-13.0
323,171,-10.0
323,172,-9.0
323,173,-9.0
323,174,-9.0
323,175,-9.0
323,176,-9.0
323,177,-9.0
323,178,-13.0
323,179,-11.0
323,180,-11.0
323,181,-10.0
323,182,-9.0
323,183,-9.0
323,184,-8.0
323,185,-8.0
323,186,-8.0
323,187,-7.0
323,188,-5.0
323,189,-1.0
323,190,1.0
323,191,1.0
323,192,1.0
323,193,1.0
323,194,1.0
323,195,1.0
323,196,1.0
323,197,1.0
323,198,1.0
323,199,1.0
323,200,1.0
323,201,1.0
323,202,1.0
323,203,1.0
323,204,1.0
323,205,1.0
323,206,1.0
323,207,1.0
323,208,1.0
323,209,1.0
323,210,1.0
323,211,1.0
323,212,1.0
323,213,1.0
323,214,1.0
323,215,1.0
323,216,1.0
323,217,1.0
323,218,1.0
323,219,1.0
323,220,1.0
323,221,1.0
323,222,1.0
323,223,1.0
323,224,1.0
323,225,1.0
323,226,1.0
323,227,1.0
323,228,1.0
323,229,1.0
323,230,1.0
323,231,1.0
323,232,1.0
323,233,1.0
323,234,1.0
323,235,1.0
323,236,1.0
323,237,1.0
323,238,1.0
323,239,1.0
323,240,1.0
323,241,1.0
323,242,1.0
323,243,1.0
323,244,1.0
323,245,1.0
323,246,1.0
323,247,1.0
323,248,1.0
323,249,1.0
323,250,1.0
323,251,1.0
323,252,1.0
323,253,1.0
323,254,1.0
323,255,1.0
323,256,1.0
323,257,1.0
323,258,1.0
323,259,1.0
323,260,1.0
323,261,1.0
323,262,1.0
323,263,-4.0
323,264,-7.0
323,265,-8.0
323,266,-8.0
323,267,-9.0
323,268,-9.0
323,269,-9.0
323,270,-9.0
323,271,-9.0
323,272,-10.0
323,273,-10.0
323,274,-9.0
323,275,-10.0
323,276,-10.0
323,277,-10.0
323,278,-10.0
323,279,-10.0
323,280,-10.0
323,281,-10.0
323,282,-10.0
323,283,-10.0
323,284,-10.0
323,285,5.0
323,286,19.0
323,287,-10.0
323,288,-10.0
323,289,-10.0
323,290,-9.0
323,291,-9.0
323,292,-9.0
323,293,-9.0
323,294,-8.0
323,295,-7.0
323,296,-2.0
323,297,12.0
323,298,2.0
323,299,3.0
323,300,6.0
323,301,9.0
323,302,12.0
323,303,14.0
323,304,17.0
323,305,20.0
323,306,23.0
323,307,25.0
323,308,27.0
323,309,30.0
323,310,34.0
323,311,37.0
323,312,39.0
323,313,42.0
323,314,45.0
323,315,48.0
323,316,52.0
323,317,54.0
323,318,57.0
323,319,61.0
323,320,64.0
323,321,66.0
323,322,69.0
323,323,71.0
323,324,77.0
323,325,79.0
323,326,81.0
323,327,85.0
323,328,87.0
323,329,89.0
323,330,93.0
323,331,95.0
323,335,106.0
323,336,108.0
323,337,111.0
323,338,113.0
324,126,-180.0
324,127,-180.0
324,128,-178.0
324,129,-176.0
324,130,-174.0
324,131,-172.0
324,132,-170.0
324,133,-166.0
324,134,-163.0
324,135,-159.0
324,136,-156.0
324,137,-152.0
324,138,-148.0
324,139,-144.0
324,140,-142.0
324,141,-137.0
324,142,-132.0
324,143,-127.0
324,144,-90.0
324,145,-117.0
324,146,-112.0
324,147,-110.0
324,148,-103.0
324,149,-98.0
324,150,-95.0
324,151,-90.0
324,152,-87.0
324,153,-83.0
324,154,-78.0
324,155,-74.0
324,156,-68.0
324,157,-65.0
324,158,-61.0
324,159,-54.0
324,160,-51.0
324,161,-47.0
324,162,-43.0
324,163,-37.0
324,164,-34.0
324,165,-30.0
324,166,-26.0
324,167,-23.0
324,168,-20.0
324,169,-16.0
324,170,-13.0
324,171,-3.0
324,172,-9.0
324,173,-9.0
324,174,-9.0
324,175,-9.0
324,176,-9.0
324,177,-9.0
324,178,-12.0
324,179,-12.0
324,180,-11.0
324,181,-10.0
324,182,-9.0
324,183,-9.0
324,184,-8.0
324,185,-8.0
324,186,-7.0
324,187,-7.0
324,190,1.0
324,191,1.0
324,192,1.0
324,193,1.0
324,194,1.0
324,195,1.0
324,196,1.0
324,197,1.0
324,198,1.0
324,199,1.0
324,200,1.0
324,201,1.0
324,202,1.0
324,203,1.0
324,204,1.0
324,205,1.0
324,206,1.0
324,207,1.0
324,208,1.0
324,209,1.0
324,210,1.0
324,211,1.0
324,212,1.0
324,213,1.0
324,214,1.0
324,215,1.0
324,216,1.0
324,217,1.0
324,218,1.0
324,219,1.0
324,220,1.0
324,221,1.0
324,222,1.0
324,223,1.0
324,224,1.0
324,225,1.0
324,226,1.0
324,227,1.0
324,228,1.0
324,229,1.0
324,230,1.0
324,231,1.0
324,232,1.0
324,233,1.0
324,234,1.0
324,235,1.0
324,236,1.0
324,237,1.0
324,238,1.0
324,239,1.0
324,240,1.0
324,241,1.0
324,242,1.0
324,243,1.0
324,244,1.0
324,245,1.0
324,246,1.0
324,247,1.0
324,248,1.0
324,249,1.0
324,250,1.0
324,251,1.0
324,252,1.0
324,253,1.0
324,254,1.0
324,255,1.0
324,256,1.0
324,257,1.0
324,258,1.0
324,259,1.0
324,260,1.0
324,261,1.0
324,262,0.0
324,263,-6.0
324,264,-7.0
324,265,-8.0
324,266,-8.0
324,267,-9.0
324,268,-9.0
324,269,-9.0
324,270,-9.0
324,271,-9.0
324,272,-9.0
324,273,-9.0
324,274,-9.0
324,275,-9.0
324,276,-9.0
324,277,-9.0
324,278,-10.0
324,279,-9.0
324,280,-9.0
324,281,-10.0
324,282,-9.0
324,283,-10.0
324,284,-10.0
324,285,1.0
324,286,-10.0
324,287,-10.0
324,288,-10.0
324,289,-9.0
324,290,32.0
324,291,-9.0
324,292,-8.0
324,293,-8.0
324,294,-8.0
324,295,-6.0
324,296,-2.0
324,297,2.0
324,298,2.0
324,299,4.0
324,300,7.0
324,301,10.0
324,302,12.0
324,303,15.0
324,304,18.0
324,305,20.0
324,306,22.0
324,307,25.0
324,308,28.0
324,309,31.0
324,310,32.0
324,311,37.0
324,312,38.0
324,313,42.0
324,314,45.0
324,315,48.0
324,316,52.0
324,317,54.0
324,318,58.0
324,319,60.0
324,320,63.0
324,321,67.0
324,322,69.0
324,323,72.0
324,324,75.0
324,328,87.0
324,329,91.0
324,330,92.0
324,334,103.0
324,335,106.0
324,336,110.0
324,337,111.0
325,126,-179.0
325,127,-179.0
325,128,-178.0
325,129,-177.0
325,130,-174.0
325,131,-172.0
325,132,-170.0
325,133,-166.0
325,134,-163.0
325,135,-160.0
325,136,-156.0
325,137,-153.0
325,138,-148.0
325,139,-146.0
325,140,-141.0
325,141,-136.0
325,142,-131.0
325,143,-126.0
325,144,-122.0
325,145,-117.0
325,146,-113.0
325,147,-107.0
325,148,-103.0
325,149,-99.0
325,150,-95.0
325,151,-89.0
325,152,-87.0
325,153,-84.0
325,154,-78.0
325,155,-72.0
325,156,-71.0
325,157,-63.0
325,158,-60.0
325,159,-56.0
325,160,-50.0
325,161,-46.0
325,162,-42.0
325,163,-38.0
325,164,-35.0
325,165,-29.0
325,166,-25.0
325,167,-23.0
325,168,-19.0
325,169,-17.0
325,170,-13.0
325,171,-11.0
325,172,-9.0
325,173,-8.0
325,174,-8.0
325,175,-8.0
325,176,-8.0
325,177,-9.0
325,178,-12.0
325,179,-11.0
325,180,-11.0
325,181,-10.0
325,182,-10.0
325,183,-9.0
325,184,-8.0
325,185,-7.0
325,186,-7.0
325,187,-7.0
325,188,-6.0
325,189,-2.0
325,190,1.0
325,191,1.0
325,192,1.0
325,193,1.0
325,194,1.0
325,195,1.0
325,196,1.0
325,197,1.0
325,198,1.0
325,199,1.0
325,200,1.0
325,201,1.0
325,202,1.0
325,203,1.0
325,204,1.0
325,205,1.0
325,206,1.0
325,207,1.0
325,208,1.0
325,209,1.0
325,210,1.0
325,211,1.0
325,212,1.0
325,213,1.0
325,214,1.0
325,215,1.0
325,216,1.0
325,217,1.0
325,218,1.0
325,219,1.0
325,220,1.0
325,221,1.0
325,222,1.0
325,223,1.0
325,224,1.0
325,225,1.0
325,226,1.0
325,227,1.0
325,228,1.0
325,229,1.0
325,230,1.0
325,231,1.0
325,232,1.0
325,233,1.0
325,234,1.0
325,235,1.0
325,236,1.0
325,237,1.0
325,238,1.0
325,239,1.0
325,240,1.0
325,241,1.0
325,242,1.0
325,243,1.0
325,244,1.0
325,245,1.0
325,246,0.0
325,247,0.0
325,248,1.0
325,249,0.0
325,250,0.0
325,251,0.0
325,252,0.0
325,253,0.0
325,254,0.0
325,255,0.0
325,256,0.0
325,257,0.0
325,258,1.0
325,259,1.0
325,260,1.0
325,261,1.0
325,262,0.0
325,263,-3.0
325,264,-7.0
325,265,-7.0
325,266,-8.0
325,267,-9.0
325,268,-9.0
325,269,-9.0
325,270,-9.0
325,271,-9.0
325,272,-9.0
325,273,-9.0
325,274,-9.0
325,275,-9.0
325,276,-9.0
325,277,-9.0
325,278,-9.0
325,279,-9.0
325,280,-9.0
325,281,-9.0
325,282,-9.0
325,283,-9.0
325,284,-9.0
325,285,-9.0
325,286,36.0
325,287,-9.0
325,288,37.0
325,289,-9.0
325,290,-8.0
325,291,-8.0
325,292,-8.0
325,293,-3.0
325,294,-7.0
325,295,-6.0
325,296,-2.0
325,297,2.0
325,298,2.0
325,299,4.0
325,300,7.0
325,301,9.0
325,302,12.0
325,303,15.0
325,304,17.0
325,305,20.0
325,306,23.0
325,307,26.0
325,308,28.0
325,309,30.0
325,310,34.0
325,311,36.0
325,312,39.0
325,313,42.0
325,314,46.0
325,315,47.0
325,316,52.0
325,317,54.0
325,318,57.0
325,319,60.0
325,320,63.0
325,321,67.0
325,322,69.0
325,323,73.0
325,324,74.0
325,327,85.0
325,328,87.0
325,329,91.0
325,330,93.0
325,331,96.0
325,332,100.0
325,333,101.0
325,334,103.0
325,337,112.0
326,156,104.0
326,160,109.0
326,162,108.0
326,175,-7.0
326,176,-7.0
326,177,-10.0
326,178,-12.0
326,179,-11.0
326,180,-11.0
326,181,-10.0
326,182,-9.0
326,183,-9.0
326,184,-8.0
326,185,-7.0
326,186,-7.0
326,187,-6.0
326,188,-4.0
326,189,1.0
326,190,1.0
326,191,1.0
326,192,1.0
326,193,1.0
326,194,1.0
326,195,1.0
326,196,1.0
326,197,1.0
326,198,1.0
326,199,1.0
326,200,1.0
326,201,1.0
326,202,1.0
326,203,1.0
326,204,1.0
326,205,1.0
326,206,1.0
326,207,1.0
326,208,1.0
326,209,1.0
326,210,1.0
326,211,1.0
326,212,1.0
326,213,1.0
326,214,1.0
326,215,1.0
326,216,1.0
326,217,1.0
326,218,1.0
326,219,1.0
326,220,1.0
326,221,1.0
326,222,1.0
326,223,1.0
326,224,1.0
326,225,1.0
326,226,1.0
326,227,1.0
326,228,1.0
326,229,1.0
326,230,1.0
326,231,1.0
326,232,1.0
326,233,1.0
326,234,1.0
326,235,1.0
326,236,0.0
326,237,0.0
326,238,0.0
326,239,0.0
326,240,0.0
326,241,0.0
326,242,0.0
326,243,0.0
326,244,0.0
326,245,0.0
326,246,0.0
326,247,-0.0
326,248,-0.0
326,249,-0.0
326,250,-0.0
326,251,-0.0
326,252,-0.0
326,253,-0.0
326,254,-0.0
326,255,-0.0
326,256,-0.0
326,257,-0.0
326,258,-0.0
326,259,1.0
326,260,1.0
326,261,1.0
326,262,1.0
326,263,-4.0
326,264,-7.0
326,265,-8.0
326,266,-8.0
326,267,-8.0
326,268,-9.0
326,269,-9.0
326,270,-9.0
326,271,-8.0
326,272,-8.0
326,273,-8.0
326,274,-8.0
326,275,-8.0
326,276,-9.0
326,277,-8.0
326,278,-9.0
326,279,-8.0
326,280,-8.0
326,281,-8.0
326,282,-8.0
326,283,-8.0
326,284,-8.0
326,285,39.0
326,286,37.0
326,287,-8.0
326,288,-8.0
326,289,-8.0
326,290,-8.0
326,291,-8.0
326,292,-8.0
326,293,-7.0
326,294,-7.0
326,295,-5.0
326,296,-2.0
326,297,2.0
326,298,2.0
326,299,5.0
326,300,8.0
326,301,9.0
326,302,30.0
326,303,39.0
326,304,18.0
326,305,19.0
326,306,22.0
326,307,24.0
326,308,26.0
326,309,30.0
326,310,33.0
326,311,36.0
326,312,41.0
326,313,43.0
326,314,44.0
326,315,48.0
326,316,51.0
326,317,54.0
326,318,57.0
326,319,61.0
326,320,63.0
326,321,67.0
326,322,70.0
326,323,73.0
326,324,75.0
326,325,79.0
326,326,82.0
326,327,84.0
326,328,87.0
326,329,90.0
326,330,93.0
326,331,96.0
326,332,98.0
326,333,101.0
326,334,104.0
326,335,106.0
326,336,107.0
327,156,110.0
327,158,108.0
327,160,112.0
327,162,111.0
327,175,-6.0
327,176,-6.0
327,177,-10.0
327,178,-12.0
327,179,-11.0
327,180,-11.0
327,181,-10.0
327,182,-9.0
327,183,-9.0
327,184,-8.0
327,185,-7.0
327,186,-7.0
327,187,-6.0
327,188,-3.0
327,189,0.0
327,190,1.0
327,191,1.0
327,192,1.0
327,193,1.0
327,194,1.0
327,199,1.0
327,200,1.0
327,201,1.0
327,202,1.0
327,203,1.0
327,204,1.0
327,205,1.0
327,206,1.0
327,207,1.0
327,208,1.0
327,209,1.0
327,210,4.0
327,228,1.0
327,229,1.0
327,230,1.0
327,231,1.0
327,232,1.0
327,233,1.0
327,234,1.0
327,235,1.0
327,236,0.0
327,237,0.0
327,238,0.0
327,239,0.0
327,240,0.0
327,241,0.0
327,242,0.0
327,243,0.0
327,244,0.0
327,245,-0.0
327,246,-0.0
327,247,-0.0
327,248,-0.0
327,249,-0.0
327,250,-0.0
327,251,-0.0
327,252,-0.0
327,253,-0.0
327,254,-0.0
327,255,-0.0
327,256,-0.0
327,257,-0.0
327,258,0.0
327,259,1.0
327,260,1.0
327,261,1.0
327,262,1.0
327,263,-3.0
327,264,-6.0
327,265,-6.0
327,266,-6.0
327,267,-6.0
327,268,-5.0
327,269,-6.0
327,270,-6.0
327,271,-7.0
327,272,-5.0
327,273,-5.0
327,274,-4.0
327,275,-4.0
327,276,-4.0
327,277,-5.0
327,278,-4.0
327,279,-5.0
327,280,5.0
327,281,-7.0
327,282,-6.0
327,283,-4.0
327,284,16.0
327,285,20.0
327,286,-6.0
327,287,-5.0
327,288,-5.0
327,289,-5.0
327,290,-5.0
327,291,-4.0
327,292,-6.0
327,293,-3.0
327,294,-4.0
327,295,-3.0
327,296,-1.0
327,297,2.0
327,299,3.0
327,300,5.0
327,301,8.0
327,302,11.0
327,303,14.0
327,304,17.0
327,305,19.0
327,306,21.0
327,307,24.0
327,308,26.0
327,309,29.0
327,310,31.0
327,311,34.0
327,312,38.0
327,313,41.0
327,314,45.0
327,315,47.0
327,316,49.0
327,317,54.0
327,318,57.0
327,319,59.0
327,320,61.0
327,321,65.0
327,322,68.0
327,323,71.0
327,324,74.0
327,325,77.0
327,326,80.0
327,327,83.0
327,328,86.0
327,329,90.0
327,334,102.0
328,156,112.0
328,159,111.0
328,160,111.0
328,162,112.0
328,175,-6.0
328,176,-5.0
328,177,-7.0
328,178,-12.0
328,179,-12.0
328,180,-11.0
328,181,-10.0
328,182,-9.0
328,183,-9.0
328,184,-8.0
328,185,-7.0
328,186,22.0
328,187,-6.0
328,188,-4.0
328,189,1.0
328,190,1.0
328,191,1.0
328,192,1.0
328,193,1.0
328,194,1.0
328,250,-0.0
328,251,-0.0
328,252,-0.0
328,253,-0.0
328,254,-0.0
328,255,-0.0
328,256,-0.0
328,257,-0.0
328,258,1.0
328,259,1.0
328,260,1.0
328,261,1.0
328,262,1.0
328,263,1.0
328,264,1.0
328,265,-1.0
328,266,-1.0
328,267,0.0
328,268,-2.0
328,269,-1.0
328,270,1.0
328,271,-0.0
328,272,-1.0
328,273,-0.0
328,274,-0.0
328,275,-2.0
328,276,0.0
328,277,-2.0
328,278,-1.0
328,279,-0.0
328,280,0.0
328,281,0.0
328,282,1.0
328,283,0.0
328,284,-1.0
328,285,45.0
328,286,45.0
328,287,1.0
328,288,44.0
328,289,-2.0
328,290,1.0
328,291,0.0
328,292,-2.0
328,293,-1.0
328,294,1.0
328,295,1.0
328,296,1.0
328,297,1.0
328,298,2.0
328,299,3.0
328,300,6.0
328,301,8.0
328,302,10.0
328,303,14.0
328,304,17.0
328,305,18.0
328,306,20.0
328,307,23.0
328,308,26.0
328,309,29.0
328,310,33.0
328,311,35.0
328,312,38.0
328,313,41.0
328,314,43.0
328,315,46.0
328,316,50.0
328,317,53.0
328,318,55.0
328,319,59.0
328,320,61.0
328,321,64.0
328,322,67.0
328,323,71.0
328,324,74.0
328,325,76.0
328,326,79.0
328,327,83.0
329,160,112.0
329,161,107.0
329,163,109.0
329,175,-4.0
329,176,-5.0
329,177,-6.0
329,178,-11.0
329,179,-12.0
329,180,-11.0
329,181,-10.0
329,182,-9.0
329,183,-9.0
329,184,-8.0
329,185,-7.0
329,186,-7.0
329,187,-6.0
329,188,-4.0
329,189,1.0
329,190,1.0
329,191,1.0
329,192,1.0
329,193,1.0
329,252,-0.0
329,253,-0.0
329,254,-0.0
329,255,-0.0
329,256,-0.0
329,257,-0.0
329,258,-0.0
329,259,1.0
329,260,1.0
329,261,1.0
329,262,1.0
329,263,1.0
329,264,1.0
329,265,1.0
329,266,1.0
329,267,1.0
329,268,1.0
329,269,1.0
329,270,1.0
329,271,1.0
329,272,1.0
329,273,1.0
329,274,1.0
329,275,1.0
329,276,1.0
329,278,1.0
329,279,1.0
329,280,1.0
329,281,1.0
329,282,1.0
329,283,1.0
329,284,40.0
329,285,43.0
329,286,44.0
329,287,24.0
329,288,1.0
329,289,28.0
329,290,1.0
329,291,1.0
329,292,1.0
329,293,1.0
329,294,1.0
329,295,1.0
329,296,1.0
329,297,1.0
329,298,1.0
330,135,58.0
330,156,111.0
330,161,109.0
330,162,101.0
330,164,103.0
330,174,2.0
330,175,-3.0
330,176,-4.0
330,177,-4.0
330,178,-10.0
330,179,-11.0
330,180,-11.0
330,181,-10.0
330,182,-9.0
330,183,-9.0
330,184,-8.0
330,185,-7.0
330,186,-7.0
330,187,-6.0
330,188,-4.0
330,189,-0.0
330,190,13.0
330,191,1.0
330,192,1.0
330,193,1.0
330,253,1.0
330,254,-0.0
330,255,-0.0
330,256,-0.0
330,257,-0.0
330,258,-0.0
330,259,1.0
330,260,1.0
330,261,1.0
330,262,1.0
330,263,1.0
330,264,1.0
330,265,1.0
330,266,1.0
330,267,1.0
330,268,1.0
330,269,1.0
330,270,1.0
330,271,1.0
330,272,1.0
330,273,1.0
330,274,1.0
330,275,1.0
330,276,1.0
330,277,1.0
330,278,1.0
330,279,1.0
330,280,1.0
330,281,59.0
330,282,51.0
330,283,43.0
330,284,42.0
330,285,42.0
330,286,41.0
330,287,42.0
330,288,43.0
330,289,34.0
330,290,1.0
330,291,1.0
330,292,1.0
330,293,1.0
330,294,1.0
330,295,1.0
330,296,2.0
330,297,27.0
331,135,58.0
331,136,58.0
331,137,57.0
331,138,57.0
331,139,57.0
331,140,57.0
331,141,57.0
331,142,56.0
331,143,56.0
331,156,107.0
331,162,103.0
331,163,94.0
331,164,91.0
331,165,80.0
331,166,64.0
331,167,56.0
331,168,50.0
331,169,44.0
331,170,35.0
331,171,29.0
331,172,22.0
331,173,14.0
331,174,5.0
331,175,-2.0
331,176,-3.0
331,177,-4.0
331,178,-10.0
331,179,-11.0
331,180,-10.0
331,181,-10.0
331,182,-9.0
331,183,-9.0
331,184,-8.0
331,185,-7.0
331,186,-7.0
331,187,-6.0
331,188,-4.0
331,189,48.0
331,190,1.0
331,191,1.0
331,192,1.0
331,193,1.0
331,254,1.0
331,255,1.0
331,256,-0.0
331,257,-0.0
331,258,-0.0
331,259,-0.0
331,260,1.0
331,261,1.0
331,262,1.0
331,263,1.0
331,264,1.0
331,265,1.0
331,266,1.0
331,267,1.0
331,268,1.0
331,269,1.0
331,270,1.0
331,271,1.0
331,272,1.0
331,273,1.0
331,274,1.0
331,275,1.0
331,276,1.0
331,280,60.0
331,283,45.0
331,284,40.0
331,285,39.0
331,286,39.0
331,287,42.0
331,288,39.0
331,289,20.0
331,290,14.0
331,291,1.0
331,292,1.0
331,293,1.0
331,294,1.0
331,295,1.0
331,296,5.0
331,297,9.0
332,135,58.0
332,136,58.0
332,137,57.0
332,138,57.0
332,139,57.0
332,144,56.0
332,145,56.0
332,146,56.0
332,147,56.0
332,148,56.0
332,149,56.0
332,150,56.0
332,152,56.0
332,157,99.0
332,164,56.0
332,165,56.0
332,166,56.0
332,167,56.0
332,168,52.0
332,169,43.0
332,170,37.0
332,171,28.0
332,172,19.0
332,173,10.0
332,174,3.0
332,175,-2.0
332,176,-2.0
332,177,-2.0
332,178,-7.0
332,179,-11.0
332,180,-10.0
332,181,-10.0
332,182,-9.0
332,183,-8.0
332,184,-8.0
332,185,-7.0
332,186,-7.0
332,189,55.0
332,190,47.0
332,191,1.0
332,192,1.0
332,193,1.0
332,258,-0.0
332,259,-0.0
332,260,-0.0
332,261,0.0
332,262,1.0
332,263,1.0
332,264,1.0
332,265,1.0
332,266,1.0
332,267,1.0
332,268,87.0
332,269,20.0
332,270,1.0
332,271,1.0
332,272,1.0
332,273,1.0
332,274,60.0
332,275,103.0
332,276,92.0
332,280,60.0
332,282,54.0
332,283,50.0
332,284,40.0
332,285,39.0
332,286,39.0
332,287,39.0
332,288,39.0
332,289,1.0
332,290,1.0
332,291,1.0
332,292,1.0
332,293,1.0
332,294,1.0
332,295,1.0
332,296,4.0
332,297,10.0
333,137,57.0
333,138,57.0
333,139,57.0
333,140,57.0
333,141,56.0
333,142,56.0
333,143,56.0
333,144,56.0
333,145,56.0
333,146,56.0
333,147,55.0
333,148,55.0
333,149,55.0
333,153,56.0
333,154,56.0
333,155,56.0
333,156,56.0
333,157,73.0
333,158,56.0
333,159,56.0
333,160,56.0
333,161,56.0
333,162,56.0
333,164,56.0
333,165,56.0
333,166,56.0
333,167,56.0
333,168,52.0
333,169,46.0
333,170,37.0
333,171,28.0
333,172,21.0
333,173,14.0
333,174,7.0
333,175,-1.0
333,176,-1.0
333,177,-2.0
333,178,-6.0
333,179,-10.0
333,180,-10.0
333,181,-9.0
333,182,-9.0
333,183,19.0
333,184,-7.0
333,185,-7.0
333,186,-7.0
333,187,51.0
333,188,55.0
333,189,53.0
333,191,1.0
333,192,1.0
333,193,1.0
333,260,0.0
333,261,0.0
333,262,0.0
333,263,0.0
333,264,0.0
333,265,0.0
333,266,1.0
333,267,54.0
333,268,58.0
333,269,105.0
333,270,45.0
333,271,50.0
333,272,57.0
333,273,60.0
333,274,60.0
333,275,60.0
333,276,60.0
333,278,61.0
333,279,60.0
333,281,61.0
333,282,57.0
333,283,49.0
333,284,41.0
333,285,39.0
333,286,39.0
333,287,39.0
333,289,30.0
333,290,1.0
333,291,1.0
333,292,1.0
333,293,1.0
333,294,1.0
333,295,1.0
333,296,18.0
333,297,10.0
334,146,55.0
334,147,55.0
334,148,55.0
334,149,55.0
334,150,55.0
334,151,55.0
334,152,56.0
334,153,56.0
334,154,56.0
334,155,56.0
334,158,76.0
334,159,56.0
334,160,56.0
334,161,56.0
334,162,56.0
334,163,56.0
334,164,56.0
334,165,56.0
334,166,56.0
334,167,56.0
334,168,53.0
334,169,44.0
334,170,35.0
334,171,28.0
334,172,20.0
334,173,13.0
334,174,4.0
334,175,-0.0
334,176,-0.0
334,177,-1.0
334,178,-4.0
334,179,26.0
334,180,-9.0
334,181,-9.0
334,182,24.0
334,183,23.0
334,184,-8.0
334,186,-7.0
334,187,-6.0
334,188,-2.0
334,189,57.0
334,192,1.0
334,193,1.0
334,260,0.0
334,261,0.0
334,262,0.0
334,263,0.0
334,264,1.0
334,265,1.0
334,266,1.0
334,267,86.0
334,268,72.0
334,269,61.0
334,270,98.0
334,271,58.0
334,272,60.0
334,273,60.0
334,274,60.0
334,276,61.0
334,277,61.0
334,278,61.0
334,280,61.0
334,281,61.0
334,282,58.0
334,283,51.0
334,284,46.0
334,285,39.0
334,286,39.0
334,287,39.0
334,288,52.0
334,289,19.0
334,290,1.0
334,291,1.0
334,292,1.0
334,293,1.0
334,294,1.0
334,295,1.0
334,296,11.0
334,297,10.0
335,149,55.0
335,150,55.0
335,152,56.0
335,153,56.0
335,155,56.0
335,156,56.0
335,157,56.0
335,158,56.0
335,159,56.0
335,163,56.0
335,164,56.0
335,165,56.0
335,166,56.0
335,167,56.0
335,168,51.0
335,169,45.0
335,170,36.0
335,171,29.0
335,172,20.0
335,173,13.0
335,174,4.0
335,175,0.0
335,176,0.0
335,177,-0.0
335,178,-5.0
335,179,-9.0
335,180,-9.0
335,181,-9.0
335,182,-8.0
335,183,-8.0
335,184,-8.0
335,185,-7.0
335,186,-7.0
335,187,-4.0
335,188,42.0
335,189,56.0
335,191,1.0
335,192,1.0
335,193,1.0
335,260,1.0
335,261,1.0
335,262,1.0
335,263,1.0
335,264,1.0
335,265,1.0
335,266,1.0
335,267,1.0
335,268,39.0
335,269,52.0
335,270,44.0
335,271,52.0
335,272,55.0
335,273,60.0
335,274,60.0
335,275,60.0
335,276,61.0
335,277,61.0
335,278,61.0
335,279,61.0
335,280,61.0
335,281,61.0
335,282,60.0
335,283,53.0
335,284,46.0
335,285,41.0
335,286,39.0
335,287,39.0
335,288,57.0
335,289,31.0
335,290,2.0
335,291,2.0
335,292,2.0
335,293,2.0
335,294,2.0
335,295,2.0
335,296,5.0
335,297,11.0
336,151,55.0
336,152,56.0
336,160,56.0
336,161,56.0
336,162,56.0
336,163,56.0
336,164,56.0
336,165,56.0
336,166,56.0
336,167,56.0
336,168,51.0
336,169,43.0
336,170,36.0
336,171,29.0
336,172,20.0
336,173,13.0
336,174,4.0
336,175,1.0
336,176,0.0
336,177,40.0
336,178,4.0
336,179,-8.0
336,180,20.0
336,181,19.0
336,182,-8.0
336,183,-8.0
336,184,-8.0
336,185,-7.0
336,187,-6.0
336,188,38.0
336,189,10.0
336,190,1.0
336,191,1.0
336,192,1.0
336,193,1.0
336,260,1.0
336,261,1.0
336,262,1.0
336,263,1.0
336,264,1.0
336,265,1.0
336,266,1.0
336,267,1.0
336,268,39.0
336,269,54.0
336,270,40.0
336,271,48.0
336,272,55.0
336,273,60.0
336,274,60.0
336,275,60.0
336,276,61.0
336,277,61.0
336,278,61.0
336,279,61.0
336,280,61.0
336,281,61.0
336,282,60.0
336,283,57.0
336,287,39.0
336,289,2.0
336,290,2.0
336,291,2.0
336,292,2.0
336,293,2.0
336,294,2.0
336,295,2.0
336,296,4.0
336,297,11.0
337,162,56.0
337,163,56.0
337,164,56.0
337,165,56.0
337,166,56.0
337,167,56.0
337,168,53.0
337,169,46.0
337,170,36.0
337,171,28.0
337,172,21.0
337,173,11.0
337,174,5.0
337,175,1.0
337,176,1.0
337,177,1.0
337,178,-3.0
337,180,-9.0
337,181,-9.0
337,182,-8.0
337,183,-8.0
337,184,-8.0
337,185,-7.0
337,186,-7.0
337,187,46.0
337,260,1.0
337,261,1.0
337,262,1.0
337,263,1.0
337,264,1.0
337,265,1.0
337,266,1.0
337,267,1.0
337,268,2.0
337,269,41.0
337,270,39.0
337,271,45.0
337,272,53.0
337,273,60.0
337,274,60.0
337,275,60.0
337,276,60.0
337,277,61.0
337,278,60.0
337,279,60.0
337,280,60.0
337,281,60.0
337,282,60.0
337,288,39.0
337,289,2.0
337,290,2.0
337,291,2.0
337,292,2.0
337,293,2.0
337,294,2.0
337,295,2.0
337,298,11.0
338,161,56.0
338,164,56.0
338,165,56.0
338,166,56.0
338,167,56.0
338,168,50.0
338,169,44.0
338,170,34.0
338,171,28.0
338,172,21.0
338,173,14.0
338,174,6.0
338,175,1.0
338,176,1.0
338,177,1.0
338,178,-4.0
338,179,-9.0
338,180,-9.0
338,181,-9.0
338,182,-9.0
338,183,-8.0
338,184,-8.0
338,187,36.0
338,260,1.0
338,261,1.0
338,262,1.0
338,263,1.0
338,264,1.0
338,265,2.0
338,266,2.0
338,267,2.0
338,268,2.0
338,269,39.0
338,270,39.0
338,271,45.0
338,272,53.0
338,273,60.0
338,274,60.0
338,275,60.0
338,276,60.0
338,277,60.0
338,278,60.0
338,279,60.0
338,280,60.0
338,288,3.0
338,289,3.0
338,290,3.0
338,291,3.0
338,292,3.0
338,293,3.0
338,294,3.0
338,297,11.0
338,298,11.0
339,161,56.0
339,162,56.0
339,164,56.0
339,165,56.0
339,167,56.0
339,168,51.0
339,169,42.0
339,170,37.0
339,171,26.0
339,172,24.0
339,173,13.0
339,174,5.0
339,176,1.0
339,177,-0.0
339,179,-8.0
339,180,-9.0
339,181,-9.0
339,183,-8.0
339,184,6.0
339,185,7.0
339,186,23.0
339,260,1.0
339,261,1.0
339,262,1.0
339,263,2.0
339,264,2.0
339,265,2.0
339,266,2.0
339,267,2.0
339,268,2.0
339,269,39.0
339,270,39.0
339,271,41.0
339,272,51.0
339,273,56.0
339,274,60.0
339,275,60.0
339,276,60.0
339,277,60.0
339,278,60.0
339,282,3.0
339,283,3.0
339,284,3.0
339,285,3.0
339,286,3.0
339,287,3.0
339,288,3.0
339,289,3.0
339,290,3.0
339,291,3.0
339,293,3.0
339,297,11.0
340,162,56.0
340,165,56.0
340,166,56.0
340,167,56.0
340,168,53.0
340,169,45.0
340,170,35.0
340,171,28.0
340,172,20.0
340,173,15.0
340,174,6.0
340,176,1.0
340,177,1.0
340,178,-1.0
340,179,-6.0
340,180,-9.0
340,181,-9.0
340,182,-9.0
340,183,-8.0
340,184,-8.0
340,185,-8.0
340,260,1.0
340,261,2.0
340,262,2.0
340,263,2.0
340,264,2.0
340,265,2.0
340,266,2.0
340,267,2.0
340,268,2.0
340,269,2.0
340,270,39.0
340,271,39.0
340,272,50.0
340,273,53.0
340,274,60.0
340,276,60.0
340,278,3.0
340,279,3.0
340,280,3.0
340,281,3.0
340,282,3.0
340,283,3.0
340,284,3.0
340,285,3.0
340,286,3.0
340,287,3.0
340,288,3.0
340,289,3.0
340,291,3.0
340,292,3.0
340,293,3.0
340,296,6.0
340,297,9.0
341,162,56.0
341,163,56.0
341,164,56.0
341,165,56.0
341,166,78.0
341,167,56.0
341,168,53.0
341,169,46.0
341,170,34.0
341,171,27.0
341,172,16.0
341,173,13.0
341,174,5.0
341,175,2.0
341,176,2.0
341,177,2.0
341,178,-1.0
341,179,-6.0
341,180,-9.0
341,181,-9.0
341,182,-9.0
341,183,-8.0
341,184,-8.0
341,185,-8.0
341,186,-7.0
341,187,-2.0
341,188,1.0
341,189,1.0
341,190,1.0
341,260,2.0
341,261,2.0
341,262,2.0
341,263,2.0
341,264,2.0
341,265,2.0
341,266,2.0
341,267,2.0
341,268,2.0
341,269,3.0
341,273,54.0
341,274,46.0
341,275,3.0
341,276,3.0
341,277,3.0
341,278,3.0
341,279,3.0
341,280,3.0
341,281,3.0
341,282,3.0
341,283,3.0
341,284,3.0
341,285,3.0
341,286,3.0
341,287,3.0
341,288,4.0
341,289,4.0
341,290,3.0
341,291,3.0
341,294,4.0
341,295,4.0
342,164,56.0
342,165,56.0
342,166,56.0
342,167,56.0
342,168,50.0
342,169,43.0
342,170,32.0
342,171,28.0
342,172,21.0
342,173,13.0
342,174,4.0
342,175,2.0
342,176,2.0
342,177,2.0
342,178,-2.0
342,179,-6.0
342,180,-9.0
342,181,-9.0
342,182,-9.0
342,183,-8.0
342,184,-8.0
342,185,-8.0
342,186,-7.0
342,187,-2.0
342,188,1.0
342,189,1.0
342,190,1.0
342,191,1.0
342,260,2.0
342,261,2.0
342,262,2.0
342,263,2.0
342,264,2.0
342,265,2.0
342,266,2.0
342,267,3.0
342,268,3.0
342,269,3.0
342,270,3.0
342,271,3.0
342,272,3.0
342,273,3.0
342,274,3.0
342,275,4.0
342,276,4.0
342,277,4.0
342,278,4.0
342,279,4.0
342,280,4.0
342,281,4.0
342,282,4.0
342,283,4.0
342,284,4.0
342,285,4.0
342,286,4.0
342,287,4.0
342,288,4.0
342,289,4.0
342,290,4.0
342,291,4.0
342,292,4.0
342,293,4.0
342,294,4.0
343,260,2.0
343,261,2.0
343,262,2.0
343,263,2.0
343,264,2.0
343,265,3.0
343,266,3.0
343,267,3.0
343,268,3.0
343,269,3.0
343,270,3.0
343,271,3.0
343,272,3.0
343,273,4.0
343,274,4.0
343,275,4.0
343,276,4.0
343,277,4.0
343,278,4.0
343,279,4.0
343,280,4.0
343,281,4.0
343,282,4.0
343,283,4.0
343,284,4.0
343,285,4.0
343,286,4.0
